,count,mean,min,max
,Number_of_Stops,Number_of_Stops,Number_of_Stops,Number_of_Stops
Train_No,,,,
107,1,2.0,2,2
108,1,2.0,2,2
128,1,20.0,20,20
290,1,12.0,12,12
401,1,10.0,10,10
421,1,3.0,3,3
422,1,3.0,3,3
477,1,12.0,12,12
502,1,7.0,7,7
504,1,1.0,1,1
506,1,1.0,1,1
557,1,0.0,0,0
604,1,1.0,1,1
1011,1,16.0,16,16
1037,1,8.0,8,8
1038,1,8.0,8,8
1045,1,9.0,9,9
1119,1,22.0,22,22
1120,1,22.0,22,22
1122,1,12.0,12,12
1196,1,24.0,24,24
1301,1,15.0,15,15
1302,1,15.0,15,15
1442,1,11.0,11,11
1655,1,11.0,11,11
1656,1,11.0,11,11
1705,1,12.0,12,12
1706,1,12.0,12,12
1707,1,15.0,15,15
1708,1,15.0,15,15
2025,1,5.0,5,5
2026,1,5.0,5,5
2191,1,14.0,14,14
2192,1,14.0,14,14
2195,1,8.0,8,8
2196,1,8.0,8,8
2515,1,56.0,56,56
2651,1,1.0,1,1
2652,1,1.0,1,1
2731,1,27.0,27,27
2732,1,27.0,27,27
2821,1,12.0,12,12
2822,1,12.0,12,12
2833,1,27.0,27,27
2834,1,27.0,27,27
2841,1,10.0,10,10
2842,1,10.0,10,10
2845,1,15.0,15,15
2846,1,15.0,15,15
3101,1,7.0,7,7
3102,1,7.0,7,7
3301,1,11.0,11,11
3302,1,11.0,11,11
3305,1,0.0,0,0
3306,1,0.0,0,0
3307,1,2.0,2,2
3308,1,2.0,2,2
3501,1,3.0,3,3
3502,1,3.0,3,3
4401,1,11.0,11,11
4402,1,11.0,11,11
4409,1,5.0,5,5
4410,1,5.0,5,5
4419,1,11.0,11,11
4420,1,11.0,11,11
4735,1,15.0,15,15
4736,1,15.0,15,15
4767,1,8.0,8,8
4768,1,8.0,8,8
4769,1,8.0,8,8
4770,1,8.0,8,8
4771,1,22.0,22,22
4772,1,22.0,22,22
4773,1,14.0,14,14
4774,1,8.0,8,8
4801,1,1.0,1,1
4802,1,1.0,1,1
4831,1,20.0,20,20
4832,1,20.0,20,20
4851,1,19.0,19,19
4852,1,19.0,19,19
4853,1,4.0,4,4
4854,1,4.0,4,4
4921,1,11.0,11,11
4922,1,11.0,11,11
4991,1,12.0,12,12
4992,1,12.0,12,12
5061,1,3.0,3,3
5062,1,3.0,3,3
5065,1,13.0,13,13
5066,1,13.0,13,13
5105,1,2.0,2,2
5106,1,2.0,2,2
5305,1,9.0,9,9
5306,1,9.0,9,9
5309,1,4.0,4,4
5310,1,4.0,4,4
5521,1,10.0,10,10
5522,1,10.0,10,10
5613,1,9.0,9,9
5614,1,7.0,7,7
5619,1,18.0,18,18
5620,1,18.0,18,18
5631,1,8.0,8,8
5632,1,8.0,8,8
5715,1,0.0,0,0
5716,1,0.0,0,0
5719,1,9.0,9,9
5720,1,9.0,9,9
5863,1,13.0,13,13
5864,1,13.0,13,13
5865,1,51.0,51,51
5866,1,51.0,51,51
6001,1,12.0,12,12
6002,1,13.0,13,13
6006,1,12.0,12,12
6009,1,25.0,25,25
6010,1,25.0,25,25
6041,1,17.0,17,17
6042,1,18.0,18,18
6043,1,16.0,16,16
6044,1,17.0,17,17
6046,1,17.0,17,17
6047,1,17.0,17,17
6048,1,18.0,18,18
6049,1,17.0,17,17
6050,1,18.0,18,18
6053,1,12.0,12,12
6054,1,12.0,12,12
6057,1,17.0,17,17
6058,1,17.0,17,17
6065,1,11.0,11,11
6066,1,11.0,11,11
6067,1,7.0,7,7
6068,1,7.0,7,7
6081,1,2.0,2,2
6082,1,2.0,2,2
6412,1,19.0,19,19
6512,1,12.0,12,12
6513,1,4.0,4,4
6541,1,12.0,12,12
6542,1,12.0,12,12
6547,1,12.0,12,12
6548,1,11.0,11,11
6579,1,19.0,19,19
6580,1,19.0,19,19
6581,1,83.0,83,83
6582,1,83.0,83,83
6591,1,7.0,7,7
6592,1,7.0,7,7
6593,1,2.0,2,2
6594,1,2.0,2,2
6595,1,5.0,5,5
6596,1,5.0,5,5
6647,1,6.0,6,6
6648,1,6.0,6,6
6769,1,9.0,9,9
6770,1,9.0,9,9
6851,1,1.0,1,1
6852,1,1.0,1,1
6853,1,1.0,1,1
6854,1,1.0,1,1
6919,1,34.0,34,34
6920,1,34.0,34,34
7005,1,32.0,32,32
7006,1,32.0,32,32
7007,1,25.0,25,25
7008,1,26.0,26,26
7016,1,16.0,16,16
7044,1,9.0,9,9
7061,1,6.0,6,6
7062,1,12.0,12,12
7075,1,15.0,15,15
7076,1,15.0,15,15
7109,1,38.0,38,38
7110,1,38.0,38,38
7113,1,35.0,35,35
7133,1,37.0,37,37
7134,1,37.0,37,37
7141,1,37.0,37,37
7142,1,37.0,37,37
7146,1,14.0,14,14
7149,1,35.0,35,35
7211,1,34.0,34,34
7212,1,34.0,34,34
7213,1,27.0,27,27
7214,1,28.0,28,28
7217,1,35.0,35,35
7218,1,35.0,35,35
7410,1,27.0,27,27
7417,1,31.0,31,31
7418,1,31.0,31,31
7425,1,13.0,13,13
7426,1,13.0,13,13
7429,1,9.0,9,9
7430,1,9.0,9,9
7431,1,11.0,11,11
7432,1,12.0,12,12
7435,1,12.0,12,12
7436,1,13.0,13,13
7438,1,26.0,26,26
7439,1,26.0,26,26
7487,1,9.0,9,9
7505,1,47.0,47,47
7509,1,45.0,45,45
7517,1,7.0,7,7
7525,1,31.0,31,31
7526,1,31.0,31,31
7603,1,12.0,12,12
7604,1,12.0,12,12
7607,1,17.0,17,17
7608,1,17.0,17,17
7613,1,36.0,36,36
7614,1,37.0,37,37
7644,1,9.0,9,9
7645,1,8.0,8,8
7757,1,4.0,4,4
7758,1,4.0,4,4
7941,1,10.0,10,10
7942,1,11.0,11,11
8001,1,0.0,0,0
8002,1,0.0,0,0
8014,1,2.0,2,2
8017,1,4.0,4,4
8018,1,4.0,4,4
8035,1,17.0,17,17
8036,1,17.0,17,17
8051,1,1.0,1,1
8052,1,3.0,3,3
8061,1,22.0,22,22
8062,1,22.0,22,22
8063,1,15.0,15,15
8064,1,14.0,14,14
8065,1,15.0,15,15
8082,1,4.0,4,4
8087,1,4.0,4,4
8101,1,3.0,3,3
8102,1,3.0,3,3
8301,1,13.0,13,13
8302,1,13.0,13,13
8403,1,7.0,7,7
8404,1,7.0,7,7
8501,1,11.0,11,11
8502,1,11.0,11,11
8511,1,10.0,10,10
8512,1,10.0,10,10
8567,1,27.0,27,27
8568,1,27.0,27,27
8573,1,13.0,13,13
8574,1,13.0,13,13
8581,1,0.0,0,0
8582,1,0.0,0,0
8617,1,13.0,13,13
8618,1,13.0,13,13
8627,1,11.0,11,11
8628,1,12.0,12,12
8872,1,15.0,15,15
9003,1,3.0,3,3
9004,1,3.0,3,3
9005,1,2.0,2,2
9006,1,2.0,2,2
9011,1,18.0,18,18
9012,1,18.0,18,18
9433,1,12.0,12,12
9434,1,12.0,12,12
9621,1,10.0,10,10
9622,1,10.0,10,10
9721,1,10.0,10,10
9722,1,10.0,10,10
9761,1,11.0,11,11
9809,1,9.0,9,9
9810,1,9.0,9,9
10103,1,18.0,18,18
10104,1,18.0,18,18
10111,1,18.0,18,18
10112,1,18.0,18,18
10215,1,11.0,11,11
10216,1,11.0,11,11
11001,1,10.0,10,10
11002,1,10.0,10,10
11003,1,19.0,19,19
11004,1,19.0,19,19
11005,1,37.0,37,37
11006,1,36.0,36,36
11007,1,10.0,10,10
11008,1,9.0,9,9
11009,1,10.0,10,10
11010,1,9.0,9,9
11011,1,14.0,14,14
11012,1,14.0,14,14
11013,1,32.0,32,32
11014,1,32.0,32,32
11015,1,45.0,45,45
11016,1,44.0,44,44
11017,1,28.0,28,28
11018,1,28.0,28,28
11019,1,37.0,37,37
11020,1,38.0,38,38
11021,1,38.0,38,38
11022,1,37.0,37,37
11023,1,26.0,26,26
11024,1,29.0,29,29
11025,1,17.0,17,17
11026,1,17.0,17,17
11027,1,50.0,50,50
11028,1,50.0,50,50
11029,1,33.0,33,33
11030,1,32.0,32,32
11031,1,3.0,3,3
11032,1,3.0,3,3
11033,1,28.0,28,28
11034,1,28.0,28,28
11035,1,25.0,25,25
11036,1,24.0,24,24
11037,1,15.0,15,15
11038,1,15.0,15,15
11039,1,60.0,60,60
11040,1,58.0,58,58
11041,1,34.0,34,34
11042,1,32.0,32,32
11043,1,25.0,25,25
11044,1,24.0,24,24
11045,1,37.0,37,37
11046,1,37.0,37,37
11047,1,10.0,10,10
11048,1,10.0,10,10
11049,1,16.0,16,16
11050,1,16.0,16,16
11051,1,7.0,7,7
11052,1,7.0,7,7
11053,1,15.0,15,15
11054,1,15.0,15,15
11055,1,21.0,21,21
11056,1,21.0,21,21
11057,1,88.0,88,88
11058,1,89.0,89,89
11059,1,22.0,22,22
11060,1,22.0,22,22
11061,1,39.0,39,39
11062,1,37.0,37,37
11063,1,12.0,12,12
11064,1,12.0,12,12
11067,1,18.0,18,18
11068,1,18.0,18,18
11071,1,41.0,41,41
11072,1,39.0,39,39
11073,1,16.0,16,16
11074,1,15.0,15,15
11075,1,11.0,11,11
11076,1,11.0,11,11
11077,1,65.0,65,65
11078,1,63.0,63,63
11079,1,23.0,23,23
11080,1,22.0,22,22
11081,1,18.0,18,18
11082,1,17.0,17,17
11083,1,27.0,27,27
11084,1,26.0,26,26
11085,1,9.0,9,9
11086,1,9.0,9,9
11087,1,24.0,24,24
11088,1,23.0,23,23
11089,1,24.0,24,24
11090,1,24.0,24,24
11091,1,22.0,22,22
11092,1,22.0,22,22
11093,1,25.0,25,25
11094,1,24.0,24,24
11095,1,15.0,15,15
11096,1,14.0,14,14
11097,1,31.0,31,31
11098,1,30.0,30,30
11101,1,21.0,21,21
11102,1,21.0,21,21
11103,1,19.0,19,19
11104,1,19.0,19,19
11107,1,29.0,29,29
11108,1,35.0,35,35
11109,1,9.0,9,9
11110,1,9.0,9,9
11111,1,10.0,10,10
11112,1,10.0,10,10
11123,1,47.0,47,47
11124,1,47.0,47,47
11125,1,9.0,9,9
11126,1,9.0,9,9
11201,1,24.0,24,24
11202,1,24.0,24,24
11203,1,26.0,26,26
11204,1,26.0,26,26
11205,1,18.0,18,18
11206,1,18.0,18,18
11265,1,12.0,12,12
11266,1,12.0,12,12
11272,1,45.0,45,45
11301,1,33.0,33,33
11302,1,32.0,32,32
11303,1,36.0,36,36
11304,1,36.0,36,36
11307,1,5.0,5,5
11308,1,5.0,5,5
11309,1,12.0,12,12
11310,1,12.0,12,12
11401,1,32.0,32,32
11402,1,32.0,32,32
11403,1,20.0,20,20
11404,1,20.0,20,20
11405,1,16.0,16,16
11406,1,16.0,16,16
11407,1,15.0,15,15
11408,1,15.0,15,15
11423,1,12.0,12,12
11424,1,12.0,12,12
11447,1,43.0,43,43
11448,1,44.0,44,44
11449,1,32.0,32,32
11450,1,29.0,29,29
11463,1,48.0,48,48
11464,1,48.0,48,48
11465,1,47.0,47,47
11466,1,48.0,48,48
11651,1,12.0,12,12
11652,1,12.0,12,12
11701,1,14.0,14,14
11702,1,14.0,14,14
11703,1,18.0,18,18
11704,1,18.0,18,18
11801,1,4.0,4,4
11802,1,4.0,4,4
11901,1,11.0,11,11
11902,1,11.0,11,11
12001,1,8.0,8,8
12002,1,8.0,8,8
12003,1,5.0,5,5
12004,1,5.0,5,5
12005,1,3.0,3,3
12006,1,3.0,3,3
12007,1,2.0,2,2
12008,1,2.0,2,2
12009,1,7.0,7,7
12010,1,7.0,7,7
12011,1,4.0,4,4
12012,1,4.0,4,4
12013,1,6.0,6,6
12014,1,6.0,6,6
12015,1,8.0,8,8
12016,1,8.0,8,8
12017,1,6.0,6,6
12018,1,6.0,6,6
12019,1,8.0,8,8
12020,1,8.0,8,8
12021,1,8.0,8,8
12022,1,9.0,9,9
12023,1,12.0,12,12
12024,1,12.0,12,12
12025,1,6.0,6,6
12026,1,6.0,6,6
12027,1,2.0,2,2
12028,1,2.0,2,2
12029,1,6.0,6,6
12030,1,6.0,6,6
12031,1,6.0,6,6
12032,1,6.0,6,6
12033,1,3.0,3,3
12034,1,2.0,2,2
12035,1,2.0,2,2
12036,1,2.0,2,2
12037,1,5.0,5,5
12038,1,5.0,5,5
12039,1,6.0,6,6
12040,1,6.0,6,6
12041,1,5.0,5,5
12042,1,5.0,5,5
12043,1,6.0,6,6
12044,1,6.0,6,6
12045,1,2.0,2,2
12046,1,2.0,2,2
12047,1,8.0,8,8
12048,1,8.0,8,8
12049,1,0.0,0,0
12050,1,0.0,0,0
12051,1,7.0,7,7
12052,1,7.0,7,7
12053,1,9.0,9,9
12054,1,9.0,9,9
12055,1,7.0,7,7
12056,1,8.0,8,8
12057,1,12.0,12,12
12058,1,12.0,12,12
12059,1,8.0,8,8
12060,1,8.0,8,8
12061,1,8.0,8,8
12062,1,8.0,8,8
12065,1,8.0,8,8
12066,1,8.0,8,8
12067,1,9.0,9,9
12068,1,9.0,9,9
12069,1,13.0,13,13
12070,1,13.0,13,13
12071,1,5.0,5,5
12072,1,5.0,5,5
12073,1,7.0,7,7
12074,1,7.0,7,7
12075,1,10.0,10,10
12076,1,10.0,10,10
12077,1,8.0,8,8
12078,1,8.0,8,8
12079,1,9.0,9,9
12080,1,9.0,9,9
12081,1,13.0,13,13
12082,1,13.0,13,13
12083,1,8.0,8,8
12084,1,8.0,8,8
12085,1,8.0,8,8
12086,1,8.0,8,8
12087,1,6.0,6,6
12088,1,6.0,6,6
12101,1,14.0,14,14
12102,1,15.0,15,15
12103,1,11.0,11,11
12104,1,11.0,11,11
12105,1,24.0,24,24
12106,1,25.0,25,25
12107,1,9.0,9,9
12108,1,9.0,9,9
12109,1,8.0,8,8
12110,1,8.0,8,8
12111,1,12.0,12,12
12112,1,12.0,12,12
12113,1,7.0,7,7
12114,1,7.0,7,7
12115,1,12.0,12,12
12116,1,13.0,13,13
12117,1,8.0,8,8
12118,1,8.0,8,8
12119,1,3.0,3,3
12120,1,3.0,3,3
12121,1,5.0,5,5
12122,1,5.0,5,5
12123,1,3.0,3,3
12124,1,2.0,2,2
12125,1,6.0,6,6
12126,1,5.0,5,5
12127,1,4.0,4,4
12128,1,3.0,3,3
12129,1,28.0,28,28
12130,1,28.0,28,28
12131,1,6.0,6,6
12132,1,6.0,6,6
12133,1,12.0,12,12
12134,1,12.0,12,12
12135,1,16.0,16,16
12136,1,16.0,16,16
12137,1,54.0,54,54
12138,1,52.0,52,52
12139,1,31.0,31,31
12140,1,31.0,31,31
12141,1,12.0,12,12
12142,1,11.0,11,11
12143,1,12.0,12,12
12144,1,12.0,12,12
12145,1,25.0,25,25
12146,1,25.0,25,25
12147,1,20.0,20,20
12148,1,20.0,20,20
12149,1,17.0,17,17
12150,1,17.0,17,17
12151,1,22.0,22,22
12152,1,21.0,21,21
12153,1,8.0,8,8
12154,1,8.0,8,8
12155,1,8.0,8,8
12156,1,8.0,8,8
12157,1,2.0,2,2
12158,1,2.0,2,2
12159,1,18.0,18,18
12160,1,18.0,18,18
12161,1,19.0,19,19
12162,1,19.0,19,19
12163,1,22.0,22,22
12164,1,20.0,20,20
12165,1,14.0,14,14
12166,1,14.0,14,14
12167,1,11.0,11,11
12168,1,11.0,11,11
12169,1,3.0,3,3
12170,1,3.0,3,3
12171,1,10.0,10,10
12172,1,10.0,10,10
12173,1,11.0,11,11
12174,1,11.0,11,11
12175,1,29.0,29,29
12176,1,29.0,29,29
12177,1,32.0,32,32
12178,1,32.0,32,32
12179,1,12.0,12,12
12180,1,12.0,12,12
12181,1,20.0,20,20
12182,1,20.0,20,20
12183,1,9.0,9,9
12184,1,9.0,9,9
12185,1,13.0,13,13
12186,1,13.0,13,13
12187,1,13.0,13,13
12188,1,13.0,13,13
12189,1,27.0,27,27
12190,1,26.0,26,26
12191,1,22.0,22,22
12192,1,22.0,22,22
12193,1,18.0,18,18
12194,1,18.0,18,18
12195,1,12.0,12,12
12196,1,12.0,12,12
12197,1,9.0,9,9
12198,1,9.0,9,9
12201,1,23.0,23,23
12202,1,23.0,23,23
12203,1,21.0,21,21
12204,1,21.0,21,21
12205,1,5.0,5,5
12206,1,5.0,5,5
12207,1,14.0,14,14
12208,1,14.0,14,14
12209,1,10.0,10,10
12210,1,10.0,10,10
12211,1,12.0,12,12
12212,1,12.0,12,12
12213,1,5.0,5,5
12214,1,4.0,4,4
12215,1,16.0,16,16
12216,1,16.0,16,16
12217,1,20.0,20,20
12218,1,20.0,20,20
12219,1,2.0,2,2
12220,1,2.0,2,2
12221,1,6.0,6,6
12222,1,6.0,6,6
12223,1,4.0,4,4
12224,1,4.0,4,4
12225,1,13.0,13,13
12226,1,13.0,13,13
12227,1,3.0,3,3
12228,1,3.0,3,3
12229,1,7.0,7,7
12230,1,7.0,7,7
12231,1,14.0,14,14
12232,1,14.0,14,14
12235,1,24.0,24,24
12236,1,24.0,24,24
12237,1,11.0,11,11
12238,1,11.0,11,11
12239,1,3.0,3,3
12240,1,3.0,3,3
12241,1,4.0,4,4
12242,1,4.0,4,4
12243,1,4.0,4,4
12244,1,4.0,4,4
12245,1,4.0,4,4
12246,1,4.0,4,4
12247,1,5.0,5,5
12248,1,5.0,5,5
12249,1,5.0,5,5
12250,1,5.0,5,5
12251,1,23.0,23,23
12252,1,24.0,24,24
12253,1,27.0,27,27
12254,1,27.0,27,27
12257,1,17.0,17,17
12258,1,17.0,17,17
12259,1,3.0,3,3
12260,1,3.0,3,3
12261,1,5.0,5,5
12262,1,5.0,5,5
12263,1,5.0,5,5
12264,1,5.0,5,5
12265,1,1.0,1,1
12266,1,1.0,1,1
12267,1,0.0,0,0
12268,1,0.0,0,0
12269,1,5.0,5,5
12270,1,5.0,5,5
12273,1,4.0,4,4
12274,1,4.0,4,4
12275,1,0.0,0,0
12276,1,0.0,0,0
12277,1,6.0,6,6
12278,1,6.0,6,6
12279,1,9.0,9,9
12280,1,9.0,9,9
12281,1,4.0,4,4
12282,1,4.0,4,4
12283,1,9.0,9,9
12284,1,9.0,9,9
12285,1,4.0,4,4
12286,1,4.0,4,4
12289,1,2.0,2,2
12290,1,2.0,2,2
12291,1,5.0,5,5
12292,1,5.0,5,5
12293,1,3.0,3,3
12294,1,3.0,3,3
12295,1,34.0,34,34
12296,1,35.0,35,35
12297,1,2.0,2,2
12298,1,2.0,2,2
12301,1,6.0,6,6
12302,1,6.0,6,6
12303,1,23.0,23,23
12304,1,23.0,23,23
12305,1,7.0,7,7
12306,1,7.0,7,7
12307,1,26.0,26,26
12308,1,26.0,26,26
12309,1,4.0,4,4
12310,1,4.0,4,4
12311,1,37.0,37,37
12312,1,38.0,38,38
12313,1,6.0,6,6
12314,1,6.0,6,6
12315,1,21.0,21,21
12316,1,21.0,21,21
12317,1,21.0,21,21
12318,1,21.0,21,21
12319,1,10.0,10,10
12320,1,9.0,9,9
12321,1,46.0,46,46
12322,1,47.0,47,47
12323,1,7.0,7,7
12324,1,7.0,7,7
12325,1,16.0,16,16
12326,1,16.0,16,16
12327,1,18.0,18,18
12328,1,18.0,18,18
12329,1,6.0,6,6
12330,1,6.0,6,6
12331,1,30.0,30,30
12332,1,30.0,30,30
12333,1,29.0,29,29
12334,1,29.0,29,29
12335,1,37.0,37,37
12336,1,36.0,36,36
12337,1,2.0,2,2
12338,1,2.0,2,2
12339,1,11.0,11,11
12340,1,11.0,11,11
12341,1,5.0,5,5
12342,1,5.0,5,5
12343,1,4.0,4,4
12344,1,4.0,4,4
12345,1,11.0,11,11
12346,1,11.0,11,11
12347,1,7.0,7,7
12348,1,7.0,7,7
12349,1,11.0,11,11
12350,1,11.0,11,11
12351,1,21.0,21,21
12352,1,21.0,21,21
12353,1,16.0,16,16
12354,1,16.0,16,16
12355,1,17.0,17,17
12356,1,17.0,17,17
12357,1,13.0,13,13
12358,1,13.0,13,13
12359,1,11.0,11,11
12360,1,11.0,11,11
12361,1,19.0,19,19
12362,1,19.0,19,19
12363,1,9.0,9,9
12364,1,9.0,9,9
12365,1,10.0,10,10
12366,1,10.0,10,10
12367,1,19.0,19,19
12368,1,19.0,19,19
12369,1,18.0,18,18
12370,1,18.0,18,18
12371,1,27.0,27,27
12372,1,27.0,27,27
12373,1,5.0,5,5
12374,1,5.0,5,5
12375,1,25.0,25,25
12376,1,25.0,25,25
12377,1,8.0,8,8
12378,1,8.0,8,8
12379,1,13.0,13,13
12380,1,13.0,13,13
12381,1,20.0,20,20
12382,1,20.0,20,20
12383,1,7.0,7,7
12384,1,7.0,7,7
12389,1,15.0,15,15
12390,1,15.0,15,15
12391,1,31.0,31,31
12392,1,31.0,31,31
12393,1,3.0,3,3
12394,1,3.0,3,3
12395,1,13.0,13,13
12396,1,13.0,13,13
12397,1,13.0,13,13
12398,1,13.0,13,13
12401,1,26.0,26,26
12402,1,26.0,26,26
12405,1,27.0,27,27
12406,1,27.0,27,27
12407,1,17.0,17,17
12408,1,17.0,17,17
12409,1,33.0,33,33
12410,1,33.0,33,33
12411,1,7.0,7,7
12412,1,7.0,7,7
12413,1,19.0,19,19
12414,1,20.0,20,20
12415,1,21.0,21,21
12416,1,20.0,20,20
12417,1,4.0,4,4
12418,1,5.0,5,5
12419,1,14.0,14,14
12420,1,14.0,14,14
12421,1,21.0,21,21
12422,1,21.0,21,21
12423,1,20.0,20,20
12424,1,20.0,20,20
12425,1,3.0,3,3
12426,1,3.0,3,3
12427,1,10.0,10,10
12428,1,11.0,11,11
12431,1,17.0,17,17
12432,1,17.0,17,17
12433,1,8.0,8,8
12434,1,8.0,8,8
12435,1,24.0,24,24
12436,1,24.0,24,24
12437,1,5.0,5,5
12438,1,5.0,5,5
12439,1,6.0,6,6
12440,1,6.0,6,6
12441,1,8.0,8,8
12442,1,8.0,8,8
12443,1,12.0,12,12
12444,1,12.0,12,12
12445,1,9.0,9,9
12446,1,9.0,9,9
12447,1,10.0,10,10
12448,1,10.0,10,10
12449,1,12.0,12,12
12450,1,12.0,12,12
12451,1,1.0,1,1
12452,1,1.0,1,1
12453,1,5.0,5,5
12454,1,5.0,5,5
12455,1,19.0,19,19
12456,1,19.0,19,19
12457,1,12.0,12,12
12458,1,12.0,12,12
12459,1,13.0,13,13
12460,1,15.0,15,15
12461,1,16.0,16,16
12462,1,14.0,14,14
12463,1,6.0,6,6
12464,1,6.0,6,6
12465,1,27.0,27,27
12466,1,27.0,27,27
12467,1,20.0,20,20
12468,1,20.0,20,20
12469,1,12.0,12,12
12470,1,12.0,12,12
12471,1,24.0,24,24
12472,1,24.0,24,24
12473,1,22.0,22,22
12474,1,23.0,23,23
12475,1,29.0,29,29
12476,1,29.0,29,29
12477,1,29.0,29,29
12478,1,29.0,29,29
12479,1,15.0,15,15
12480,1,15.0,15,15
12481,1,13.0,13,13
12482,1,13.0,13,13
12483,1,25.0,25,25
12484,1,25.0,25,25
12485,1,25.0,25,25
12486,1,25.0,25,25
12487,1,17.0,17,17
12488,1,17.0,17,17
12489,1,20.0,20,20
12490,1,20.0,20,20
12491,1,20.0,20,20
12492,1,20.0,20,20
12493,1,8.0,8,8
12494,1,8.0,8,8
12495,1,18.0,18,18
12496,1,18.0,18,18
12497,1,12.0,12,12
12498,1,13.0,13,13
12501,1,8.0,8,8
12502,1,8.0,8,8
12503,1,21.0,21,21
12504,1,21.0,21,21
12505,1,28.0,28,28
12506,1,27.0,27,27
12507,1,56.0,56,56
12508,1,54.0,54,54
12509,1,40.0,40,40
12510,1,39.0,39,39
12511,1,59.0,59,59
12512,1,58.0,58,58
12513,1,29.0,29,29
12514,1,28.0,28,28
12515,1,55.0,55,55
12516,1,54.0,54,54
12517,1,12.0,12,12
12518,1,12.0,12,12
12519,1,26.0,26,26
12520,1,26.0,26,26
12521,1,61.0,61,61
12522,1,60.0,60,60
12523,1,16.0,16,16
12524,1,16.0,16,16
12525,1,21.0,21,21
12526,1,21.0,21,21
12527,1,9.0,9,9
12529,1,8.0,8,8
12530,1,8.0,8,8
12531,1,10.0,10,10
12532,1,10.0,10,10
12533,1,14.0,14,14
12534,1,13.0,13,13
12535,1,11.0,11,11
12536,1,10.0,10,10
12537,1,13.0,13,13
12538,1,13.0,13,13
12539,1,16.0,16,16
12540,1,16.0,16,16
12541,1,14.0,14,14
12542,1,14.0,14,14
12545,1,19.0,19,19
12546,1,19.0,19,19
12547,1,10.0,10,10
12548,1,10.0,10,10
12549,1,16.0,16,16
12550,1,16.0,16,16
12551,1,27.0,27,27
12552,1,27.0,27,27
12553,1,19.0,19,19
12554,1,19.0,19,19
12555,1,13.0,13,13
12556,1,13.0,13,13
12557,1,14.0,14,14
12558,1,14.0,14,14
12559,1,2.0,2,2
12560,1,2.0,2,2
12561,1,20.0,20,20
12562,1,19.0,19,19
12565,1,9.0,9,9
12566,1,9.0,9,9
12567,1,7.0,7,7
12568,1,7.0,7,7
12569,1,21.0,21,21
12570,1,21.0,21,21
12572,1,7.0,7,7
12577,1,39.0,39,39
12578,1,38.0,38,38
12581,1,4.0,4,4
12582,1,4.0,4,4
12587,1,16.0,16,16
12588,1,16.0,16,16
12589,1,29.0,29,29
12590,1,29.0,29,29
12591,1,38.0,38,38
12592,1,38.0,38,38
12593,1,4.0,4,4
12594,1,4.0,4,4
12595,1,4.0,4,4
12596,1,4.0,4,4
12597,1,11.0,11,11
12598,1,11.0,11,11
12601,1,29.0,29,29
12602,1,31.0,31,31
12603,1,20.0,20,20
12604,1,19.0,19,19
12605,1,11.0,11,11
12606,1,11.0,11,11
12607,1,10.0,10,10
12608,1,11.0,11,11
12609,1,17.0,17,17
12610,1,17.0,17,17
12611,1,9.0,9,9
12612,1,9.0,9,9
12613,1,2.0,2,2
12614,1,2.0,2,2
12615,1,39.0,39,39
12616,1,38.0,38,38
12617,1,46.0,46,46
12618,1,46.0,46,46
12619,1,22.0,22,22
12620,1,20.0,20,20
12621,1,10.0,10,10
12622,1,9.0,9,9
12623,1,19.0,19,19
12624,1,20.0,20,20
12625,1,41.0,41,41
12626,1,40.0,40,40
12627,1,34.0,34,34
12628,1,33.0,33,33
12629,1,12.0,12,12
12630,1,12.0,12,12
12631,1,13.0,13,13
12632,1,14.0,14,14
12633,1,15.0,15,15
12634,1,16.0,16,16
12635,1,8.0,8,8
12636,1,9.0,9,9
12637,1,9.0,9,9
12638,1,10.0,10,10
12639,1,10.0,10,10
12640,1,11.0,11,11
12641,1,23.0,23,23
12642,1,24.0,24,24
12643,1,30.0,30,30
12644,1,29.0,29,29
12645,1,27.0,27,27
12646,1,26.0,26,26
12647,1,26.0,26,26
12648,1,26.0,26,26
12649,1,7.0,7,7
12650,1,7.0,7,7
12651,1,13.0,13,13
12652,1,13.0,13,13
12653,1,12.0,12,12
12654,1,13.0,13,13
12655,1,39.0,39,39
12656,1,40.0,40,40
12657,1,6.0,6,6
12658,1,6.0,6,6
12659,1,42.0,42,42
12660,1,42.0,42,42
12661,1,16.0,16,16
12662,1,16.0,16,16
12663,1,22.0,22,22
12664,1,22.0,22,22
12665,1,30.0,30,30
12666,1,30.0,30,30
12667,1,9.0,9,9
12668,1,9.0,9,9
12669,1,23.0,23,23
12670,1,22.0,22,22
12671,1,7.0,7,7
12672,1,7.0,7,7
12673,1,6.0,6,6
12674,1,7.0,7,7
12675,1,9.0,9,9
12676,1,10.0,10,10
12677,1,12.0,12,12
12678,1,12.0,12,12
12679,1,10.0,10,10
12680,1,10.0,10,10
12681,1,5.0,5,5
12682,1,6.0,6,6
12683,1,12.0,12,12
12684,1,12.0,12,12
12685,1,16.0,16,16
12686,1,16.0,16,16
12687,1,28.0,28,28
12688,1,29.0,29,29
12689,1,17.0,17,17
12690,1,18.0,18,18
12691,1,9.0,9,9
12692,1,12.0,12,12
12693,1,20.0,20,20
12694,1,20.0,20,20
12695,1,19.0,19,19
12696,1,19.0,19,19
12697,1,12.0,12,12
12698,1,12.0,12,12
12701,1,14.0,14,14
12702,1,15.0,15,15
12703,1,24.0,24,24
12704,1,25.0,25,25
12705,1,12.0,12,12
12706,1,12.0,12,12
12707,1,18.0,18,18
12708,1,18.0,18,18
12709,1,15.0,15,15
12710,1,15.0,15,15
12711,1,12.0,12,12
12712,1,12.0,12,12
12713,1,7.0,7,7
12714,1,7.0,7,7
12715,1,35.0,35,35
12716,1,34.0,34,34
12717,1,11.0,11,11
12718,1,11.0,11,11
12719,1,19.0,19,19
12720,1,19.0,19,19
12721,1,44.0,44,44
12722,1,44.0,44,44
12723,1,16.0,16,16
12724,1,14.0,14,14
12725,1,15.0,15,15
12726,1,15.0,15,15
12727,1,19.0,19,19
12728,1,19.0,19,19
12729,1,11.0,11,11
12730,1,11.0,11,11
12731,1,14.0,14,14
12732,1,14.0,14,14
12733,1,21.0,21,21
12734,1,21.0,21,21
12735,1,9.0,9,9
12736,1,9.0,9,9
12737,1,19.0,19,19
12738,1,19.0,19,19
12739,1,10.0,10,10
12740,1,10.0,10,10
12741,1,19.0,19,19
12742,1,18.0,18,18
12747,1,13.0,13,13
12748,1,13.0,13,13
12749,1,17.0,17,17
12750,1,17.0,17,17
12757,1,12.0,12,12
12758,1,12.0,12,12
12759,1,15.0,15,15
12760,1,15.0,15,15
12761,1,10.0,10,10
12762,1,10.0,10,10
12763,1,17.0,17,17
12764,1,17.0,17,17
12765,1,22.0,22,22
12766,1,22.0,22,22
12767,1,17.0,17,17
12768,1,17.0,17,17
12769,1,15.0,15,15
12770,1,15.0,15,15
12771,1,12.0,12,12
12772,1,12.0,12,12
12773,1,14.0,14,14
12774,1,14.0,14,14
12775,1,9.0,9,9
12776,1,9.0,9,9
12777,1,20.0,20,20
12778,1,20.0,20,20
12779,1,27.0,27,27
12780,1,27.0,27,27
12781,1,30.0,30,30
12782,1,30.0,30,30
12783,1,13.0,13,13
12784,1,13.0,13,13
12785,1,15.0,15,15
12786,1,14.0,14,14
12791,1,27.0,27,27
12792,1,26.0,26,26
12795,1,2.0,2,2
12796,1,2.0,2,2
12797,1,20.0,20,20
12798,1,22.0,22,22
12801,1,30.0,30,30
12802,1,29.0,29,29
12803,1,19.0,19,19
12804,1,19.0,19,19
12805,1,19.0,19,19
12806,1,19.0,19,19
12807,1,39.0,39,39
12808,1,38.0,38,38
12809,1,42.0,42,42
12810,1,40.0,40,40
12811,1,16.0,16,16
12812,1,16.0,16,16
12813,1,6.0,6,6
12814,1,7.0,7,7
12815,1,27.0,27,27
12816,1,27.0,27,27
12817,1,17.0,17,17
12818,1,17.0,17,17
12819,1,11.0,11,11
12820,1,11.0,11,11
12821,1,13.0,13,13
12822,1,14.0,14,14
12823,1,10.0,10,10
12824,1,10.0,10,10
12825,1,7.0,7,7
12826,1,7.0,7,7
12827,1,12.0,12,12
12828,1,13.0,13,13
12829,1,19.0,19,19
12830,1,19.0,19,19
12831,1,10.0,10,10
12832,1,10.0,10,10
12833,1,61.0,61,61
12834,1,62.0,62,62
12835,1,22.0,22,22
12836,1,23.0,23,23
12837,1,12.0,12,12
12838,1,12.0,12,12
12839,1,33.0,33,33
12840,1,34.0,34,34
12841,1,13.0,13,13
12842,1,15.0,15,15
12843,1,41.0,41,41
12844,1,41.0,41,41
12845,1,19.0,19,19
12846,1,19.0,19,19
12847,1,3.0,3,3
12848,1,3.0,3,3
12849,1,16.0,16,16
12850,1,16.0,16,16
12851,1,15.0,15,15
12852,1,15.0,15,15
12853,1,29.0,29,29
12854,1,29.0,29,29
12855,1,14.0,14,14
12856,1,15.0,15,15
12857,1,6.0,6,6
12858,1,6.0,6,6
12859,1,25.0,25,25
12860,1,24.0,24,24
12861,1,16.0,16,16
12862,1,17.0,17,17
12863,1,33.0,33,33
12864,1,34.0,34,34
12865,1,7.0,7,7
12866,1,7.0,7,7
12867,1,15.0,15,15
12868,1,14.0,14,14
12869,1,18.0,18,18
12870,1,17.0,17,17
12871,1,29.0,29,29
12872,1,29.0,29,29
12873,1,19.0,19,19
12874,1,19.0,19,19
12875,1,40.0,40,40
12876,1,39.0,39,39
12877,1,13.0,13,13
12878,1,13.0,13,13
12879,1,18.0,18,18
12880,1,18.0,18,18
12881,1,7.0,7,7
12882,1,7.0,7,7
12883,1,10.0,10,10
12884,1,11.0,11,11
12885,1,11.0,11,11
12886,1,11.0,11,11
12887,1,8.0,8,8
12888,1,9.0,9,9
12889,1,24.0,24,24
12890,1,22.0,22,22
12891,1,14.0,14,14
12892,1,14.0,14,14
12893,1,14.0,14,14
12894,1,14.0,14,14
12895,1,8.0,8,8
12896,1,9.0,9,9
12897,1,17.0,17,17
12898,1,17.0,17,17
12901,1,12.0,12,12
12902,1,12.0,12,12
12903,1,32.0,32,32
12904,1,33.0,33,33
12905,1,28.0,28,28
12906,1,28.0,28,28
12907,1,3.0,3,3
12908,1,3.0,3,3
12909,1,7.0,7,7
12910,1,7.0,7,7
12911,1,14.0,14,14
12912,1,14.0,14,14
12913,1,12.0,12,12
12914,1,12.0,12,12
12915,1,18.0,18,18
12916,1,18.0,18,18
12917,1,8.0,8,8
12918,1,8.0,8,8
12919,1,50.0,50,50
12920,1,49.0,49,49
12921,1,12.0,12,12
12922,1,12.0,12,12
12923,1,10.0,10,10
12924,1,10.0,10,10
12925,1,40.0,40,40
12926,1,39.0,39,39
12927,1,5.0,5,5
12928,1,5.0,5,5
12929,1,17.0,17,17
12930,1,17.0,17,17
12931,1,9.0,9,9
12932,1,9.0,9,9
12933,1,9.0,9,9
12934,1,8.0,8,8
12935,1,8.0,8,8
12936,1,8.0,8,8
12937,1,15.0,15,15
12938,1,15.0,15,15
12939,1,11.0,11,11
12940,1,10.0,10,10
12941,1,30.0,30,30
12942,1,30.0,30,30
12943,1,10.0,10,10
12944,1,10.0,10,10
12946,1,12.0,12,12
12947,1,17.0,17,17
12948,1,17.0,17,17
12949,1,35.0,35,35
12950,1,35.0,35,35
12951,1,6.0,6,6
12952,1,6.0,6,6
12953,1,11.0,11,11
12954,1,11.0,11,11
12955,1,17.0,17,17
12956,1,17.0,17,17
12957,1,8.0,8,8
12958,1,8.0,8,8
12959,1,18.0,18,18
12960,1,18.0,18,18
12961,1,17.0,17,17
12962,1,17.0,17,17
12963,1,16.0,16,16
12964,1,16.0,16,16
12967,1,30.0,30,30
12968,1,30.0,30,30
12969,1,37.0,37,37
12970,1,37.0,37,37
12971,1,18.0,18,18
12972,1,18.0,18,18
12973,1,6.0,6,6
12974,1,6.0,6,6
12975,1,40.0,40,40
12976,1,41.0,41,41
12977,1,15.0,15,15
12978,1,5.0,5,5
12979,1,15.0,15,15
12980,1,15.0,15,15
12981,1,19.0,19,19
12982,1,19.0,19,19
12983,1,13.0,13,13
12984,1,13.0,13,13
12985,1,4.0,4,4
12986,1,4.0,4,4
12987,1,20.0,20,20
12988,1,20.0,20,20
12989,1,21.0,21,21
12990,1,21.0,21,21
12991,1,13.0,13,13
12992,1,13.0,13,13
12993,1,25.0,25,25
12994,1,25.0,25,25
12995,1,17.0,17,17
12996,1,17.0,17,17
13005,1,55.0,55,55
13006,1,54.0,54,54
13007,1,110.0,110,110
13008,1,106.0,106,106
13009,1,75.0,75,75
13010,1,76.0,76,76
13011,1,16.0,16,16
13012,1,16.0,16,16
13013,1,4.0,4,4
13014,1,4.0,4,4
13015,1,3.0,3,3
13016,1,3.0,3,3
13017,1,13.0,13,13
13018,1,13.0,13,13
13019,1,64.0,64,64
13020,1,62.0,62,62
13021,1,40.0,40,40
13022,1,40.0,40,40
13023,1,31.0,31,31
13024,1,31.0,31,31
13027,1,9.0,9,9
13028,1,9.0,9,9
13033,1,47.0,47,47
13034,1,43.0,43,43
13043,1,17.0,17,17
13044,1,17.0,17,17
13049,1,109.0,109,109
13050,1,104.0,104,104
13053,1,4.0,4,4
13054,1,4.0,4,4
13063,1,10.0,10,10
13064,1,10.0,10,10
13071,1,19.0,19,19
13072,1,19.0,19,19
13103,1,12.0,12,12
13104,1,12.0,12,12
13105,1,28.0,28,28
13106,1,28.0,28,28
13109,1,0.0,0,0
13110,1,0.0,0,0
13113,1,10.0,10,10
13114,1,10.0,10,10
13117,1,9.0,9,9
13118,1,9.0,9,9
13119,1,87.0,87,87
13120,1,89.0,89,89
13121,1,14.0,14,14
13122,1,14.0,14,14
13129,1,0.0,0,0
13130,1,0.0,0,0
13131,1,42.0,42,42
13132,1,43.0,43,43
13133,1,80.0,80,80
13134,1,82.0,82,82
13135,1,15.0,15,15
13136,1,15.0,15,15
13137,1,20.0,20,20
13138,1,20.0,20,20
13141,1,32.0,32,32
13142,1,32.0,32,32
13145,1,18.0,18,18
13146,1,18.0,18,18
13147,1,22.0,22,22
13148,1,22.0,22,22
13149,1,23.0,23,23
13150,1,23.0,23,23
13151,1,94.0,94,94
13152,1,95.0,95,95
13153,1,12.0,12,12
13154,1,13.0,13,13
13155,1,17.0,17,17
13156,1,17.0,17,17
13157,1,12.0,12,12
13158,1,12.0,12,12
13159,1,14.0,14,14
13160,1,14.0,14,14
13161,1,10.0,10,10
13162,1,10.0,10,10
13163,1,31.0,31,31
13164,1,31.0,31,31
13165,1,13.0,13,13
13166,1,13.0,13,13
13167,1,20.0,20,20
13168,1,20.0,20,20
13169,1,25.0,25,25
13170,1,25.0,25,25
13185,1,20.0,20,20
13186,1,19.0,19,19
13187,1,8.0,8,8
13188,1,8.0,8,8
13201,1,65.0,65,65
13202,1,61.0,61,61
13205,1,7.0,7,7
13206,1,7.0,7,7
13225,1,18.0,18,18
13226,1,18.0,18,18
13233,1,13.0,13,13
13234,1,13.0,13,13
13235,1,27.0,27,27
13236,1,27.0,27,27
13237,1,26.0,26,26
13238,1,26.0,26,26
13239,1,22.0,22,22
13240,1,22.0,22,22
13241,1,19.0,19,19
13242,1,19.0,19,19
13243,1,22.0,22,22
13244,1,22.0,22,22
13245,1,30.0,30,30
13246,1,33.0,33,33
13247,1,39.0,39,39
13248,1,42.0,42,42
13249,1,10.0,10,10
13250,1,10.0,10,10
13257,1,6.0,6,6
13258,1,6.0,6,6
13287,1,49.0,49,49
13288,1,50.0,50,50
13301,1,10.0,10,10
13302,1,10.0,10,10
13303,1,8.0,8,8
13304,1,8.0,8,8
13305,1,15.0,15,15
13306,1,15.0,15,15
13307,1,72.0,72,72
13308,1,69.0,69,69
13319,1,18.0,18,18
13320,1,18.0,18,18
13329,1,9.0,9,9
13330,1,9.0,9,9
13331,1,20.0,20,20
13332,1,20.0,20,20
13345,1,7.0,7,7
13346,1,7.0,7,7
13347,1,30.0,30,30
13348,1,30.0,30,30
13351,1,94.0,94,94
13352,1,95.0,95,95
13401,1,26.0,26,26
13402,1,26.0,26,26
13403,1,24.0,24,24
13404,1,24.0,24,24
13409,1,15.0,15,15
13410,1,15.0,15,15
13413,1,61.0,61,61
13414,1,59.0,59,59
13415,1,16.0,16,16
13416,1,16.0,16,16
13417,1,14.0,14,14
13418,1,14.0,14,14
13419,1,16.0,16,16
13420,1,16.0,16,16
13421,1,9.0,9,9
13422,1,9.0,9,9
13423,1,16.0,16,16
13424,1,16.0,16,16
13425,1,28.0,28,28
13426,1,28.0,28,28
13429,1,22.0,22,22
13430,1,22.0,22,22
13465,1,13.0,13,13
13466,1,13.0,13,13
13483,1,63.0,63,63
13484,1,61.0,61,61
13501,1,16.0,16,16
13502,1,16.0,16,16
13505,1,12.0,12,12
13506,1,12.0,12,12
13507,1,13.0,13,13
13508,1,13.0,13,13
13509,1,22.0,22,22
13510,1,20.0,20,20
13511,1,7.0,7,7
13512,1,7.0,7,7
14001,1,0.0,0,0
14002,1,0.0,0,0
14003,1,21.0,21,21
14004,1,21.0,21,21
14005,1,39.0,39,39
14006,1,41.0,41,41
14007,1,32.0,32,32
14008,1,32.0,32,32
14011,1,7.0,7,7
14012,1,7.0,7,7
14013,1,13.0,13,13
14014,1,13.0,13,13
14015,1,33.0,33,33
14016,1,34.0,34,34
14017,1,34.0,34,34
14018,1,34.0,34,34
14019,1,16.0,16,16
14020,1,16.0,16,16
14021,1,16.0,16,16
14022,1,16.0,16,16
14033,1,30.0,30,30
14034,1,28.0,28,28
14035,1,17.0,17,17
14036,1,18.0,18,18
14041,1,18.0,18,18
14042,1,18.0,18,18
14043,1,11.0,11,11
14044,1,11.0,11,11
14055,1,60.0,60,60
14056,1,59.0,59,59
14085,1,18.0,18,18
14086,1,18.0,18,18
14095,1,12.0,12,12
14096,1,13.0,13,13
14101,1,11.0,11,11
14102,1,11.0,11,11
14109,1,10.0,10,10
14110,1,10.0,10,10
14113,1,13.0,13,13
14114,1,14.0,14,14
14115,1,13.0,13,13
14116,1,13.0,13,13
14117,1,8.0,8,8
14118,1,8.0,8,8
14119,1,9.0,9,9
14120,1,9.0,9,9
14123,1,13.0,13,13
14124,1,13.0,13,13
14125,1,13.0,13,13
14126,1,13.0,13,13
14151,1,11.0,11,11
14152,1,11.0,11,11
14163,1,28.0,28,28
14164,1,22.0,22,22
14201,1,9.0,9,9
14202,1,9.0,9,9
14203,1,12.0,12,12
14204,1,12.0,12,12
14205,1,9.0,9,9
14206,1,9.0,9,9
14207,1,14.0,14,14
14208,1,14.0,14,14
14209,1,6.0,6,6
14210,1,6.0,6,6
14211,1,16.0,16,16
14212,1,16.0,16,16
14213,1,10.0,10,10
14214,1,10.0,10,10
14215,1,9.0,9,9
14216,1,9.0,9,9
14217,1,39.0,39,39
14218,1,38.0,38,38
14219,1,10.0,10,10
14220,1,10.0,10,10
14221,1,7.0,7,7
14222,1,7.0,7,7
14227,1,11.0,11,11
14228,1,10.0,10,10
14235,1,46.0,46,46
14236,1,43.0,43,43
14257,1,30.0,30,30
14258,1,32.0,32,32
14260,1,6.0,6,6
14265,1,47.0,47,47
14266,1,49.0,49,49
14307,1,39.0,39,39
14308,1,38.0,38,38
14309,1,28.0,28,28
14310,1,28.0,28,28
14311,1,44.0,44,44
14312,1,43.0,43,43
14313,1,24.0,24,24
14314,1,25.0,25,25
14315,1,14.0,14,14
14316,1,14.0,14,14
14317,1,28.0,28,28
14318,1,28.0,28,28
14319,1,17.0,17,17
14320,1,17.0,17,17
14321,1,44.0,44,44
14322,1,43.0,43,43
14323,1,4.0,4,4
14324,1,4.0,4,4
14369,1,34.0,34,34
14370,1,34.0,34,34
14371,1,8.0,8,8
14372,1,8.0,8,8
14501,1,11.0,11,11
14502,1,11.0,11,11
14503,1,8.0,8,8
14504,1,8.0,8,8
14505,1,9.0,9,9
14506,1,10.0,10,10
14511,1,27.0,27,27
14512,1,26.0,26,26
14519,1,17.0,17,17
14520,1,17.0,17,17
14521,1,12.0,12,12
14522,1,12.0,12,12
14523,1,19.0,19,19
14524,1,19.0,19,19
14525,1,13.0,13,13
14526,1,13.0,13,13
14545,1,25.0,25,25
14546,1,25.0,25,25
14553,1,26.0,26,26
14554,1,24.0,24,24
14555,1,19.0,19,19
14556,1,19.0,19,19
14601,1,8.0,8,8
14602,1,8.0,8,8
14603,1,31.0,31,31
14604,1,31.0,31,31
14609,1,20.0,20,20
14610,1,20.0,20,20
14611,1,12.0,12,12
14613,1,6.0,6,6
14614,1,6.0,6,6
14615,1,16.0,16,16
14616,1,16.0,16,16
14623,1,21.0,21,21
14624,1,21.0,21,21
14625,1,16.0,16,16
14626,1,16.0,16,16
14629,1,7.0,7,7
14630,1,7.0,7,7
14631,1,25.0,25,25
14632,1,27.0,27,27
14633,1,5.0,5,5
14634,1,5.0,5,5
14645,1,27.0,27,27
14646,1,26.0,26,26
14649,1,61.0,61,61
14650,1,56.0,56,56
14659,1,37.0,37,37
14660,1,37.0,37,37
14661,1,6.0,6,6
14662,1,6.0,6,6
14673,1,56.0,56,56
14674,1,56.0,56,56
14681,1,19.0,19,19
14682,1,19.0,19,19
14703,1,12.0,12,12
14704,1,12.0,12,12
14707,1,32.0,32,32
14708,1,32.0,32,32
14709,1,29.0,29,29
14710,1,29.0,29,29
14711,1,19.0,19,19
14712,1,19.0,19,19
14713,1,13.0,13,13
14714,1,13.0,13,13
14715,1,8.0,8,8
14716,1,8.0,8,8
14717,1,12.0,12,12
14718,1,12.0,12,12
14723,1,29.0,29,29
14724,1,28.0,28,28
14731,1,27.0,27,27
14732,1,27.0,27,27
14795,1,4.0,4,4
14796,1,4.0,4,4
14801,1,39.0,39,39
14803,1,15.0,15,15
14804,1,15.0,15,15
14805,1,36.0,36,36
14806,1,35.0,35,35
14807,1,8.0,8,8
14808,1,8.0,8,8
14809,1,9.0,9,9
14810,1,9.0,9,9
14811,1,10.0,10,10
14812,1,10.0,10,10
14853,1,34.0,34,34
14854,1,35.0,35,35
14863,1,29.0,29,29
14864,1,30.0,30,30
14865,1,31.0,31,31
14866,1,31.0,31,31
14887,1,38.0,38,38
14888,1,38.0,38,38
14889,1,0.0,0,0
14890,1,0.0,0,0
15001,1,24.0,24,24
15002,1,24.0,24,24
15003,1,29.0,29,29
15004,1,26.0,26,26
15005,1,14.0,14,14
15006,1,14.0,14,14
15007,1,34.0,34,34
15008,1,35.0,35,35
15009,1,14.0,14,14
15011,1,18.0,18,18
15012,1,18.0,18,18
15013,1,37.0,37,37
15014,1,37.0,37,37
15015,1,21.0,21,21
15016,1,21.0,21,21
15017,1,71.0,71,71
15018,1,71.0,71,71
15019,1,3.0,3,3
15020,1,3.0,3,3
15021,1,13.0,13,13
15022,1,13.0,13,13
15023,1,22.0,22,22
15024,1,22.0,22,22
15025,1,9.0,9,9
15026,1,9.0,9,9
15027,1,48.0,48,48
15028,1,48.0,48,48
15029,1,18.0,18,18
15030,1,18.0,18,18
15033,1,6.0,6,6
15034,1,6.0,6,6
15035,1,8.0,8,8
15036,1,8.0,8,8
15037,1,18.0,18,18
15038,1,18.0,18,18
15039,1,6.0,6,6
15040,1,6.0,6,6
15041,1,7.0,7,7
15042,1,7.0,7,7
15043,1,9.0,9,9
15044,1,9.0,9,9
15045,1,37.0,37,37
15046,1,37.0,37,37
15047,1,17.0,17,17
15048,1,17.0,17,17
15049,1,25.0,25,25
15050,1,25.0,25,25
15051,1,20.0,20,20
15052,1,21.0,21,21
15053,1,11.0,11,11
15054,1,11.0,11,11
15055,1,19.0,19,19
15056,1,19.0,19,19
15057,1,6.0,6,6
15058,1,6.0,6,6
15059,1,9.0,9,9
15060,1,9.0,9,9
15063,1,21.0,21,21
15064,1,21.0,21,21
15065,1,21.0,21,21
15066,1,21.0,21,21
15067,1,24.0,24,24
15068,1,24.0,24,24
15069,1,9.0,9,9
15070,1,9.0,9,9
15097,1,29.0,29,29
15098,1,29.0,29,29
15101,1,17.0,17,17
15102,1,17.0,17,17
15103,1,13.0,13,13
15104,1,14.0,14,14
15105,1,8.0,8,8
15106,1,14.0,14,14
15111,1,12.0,12,12
15112,1,12.0,12,12
15115,1,19.0,19,19
15116,1,19.0,19,19
15117,1,9.0,9,9
15118,1,8.0,8,8
15119,1,35.0,35,35
15120,1,35.0,35,35
15159,1,48.0,48,48
15160,1,44.0,44,44
15201,1,15.0,15,15
15202,1,15.0,15,15
15203,1,35.0,35,35
15204,1,35.0,35,35
15205,1,26.0,26,26
15206,1,25.0,25,25
15209,1,46.0,46,46
15210,1,46.0,46,46
15211,1,46.0,46,46
15212,1,44.0,44,44
15215,1,11.0,11,11
15216,1,11.0,11,11
15227,1,34.0,34,34
15228,1,33.0,33,33
15231,1,30.0,30,30
15232,1,32.0,32,32
15233,1,8.0,8,8
15234,1,8.0,8,8
15235,1,9.0,9,9
15236,1,9.0,9,9
15267,1,22.0,22,22
15268,1,21.0,21,21
15269,1,23.0,23,23
15270,1,23.0,23,23
15271,1,10.0,10,10
15272,1,10.0,10,10
15273,1,43.0,43,43
15274,1,43.0,43,43
15275,1,6.0,6,6
15276,1,6.0,6,6
15279,1,20.0,20,20
15280,1,20.0,20,20
15283,1,17.0,17,17
15284,1,17.0,17,17
15417,1,24.0,24,24
15418,1,24.0,24,24
15463,1,13.0,13,13
15464,1,13.0,13,13
15483,1,56.0,56,56
15484,1,57.0,57,57
15529,1,23.0,23,23
15530,1,23.0,23,23
15531,1,26.0,26,26
15532,1,26.0,26,26
15547,1,18.0,18,18
15548,1,18.0,18,18
15549,1,8.0,8,8
15550,1,8.0,8,8
15559,1,25.0,25,25
15560,1,25.0,25,25
15563,1,24.0,24,24
15564,1,24.0,24,24
15601,1,12.0,12,12
15602,1,12.0,12,12
15603,1,33.0,33,33
15604,1,33.0,33,33
15605,1,18.0,18,18
15606,1,18.0,18,18
15613,1,23.0,23,23
15614,1,23.0,23,23
15617,1,12.0,12,12
15618,1,12.0,12,12
15619,1,19.0,19,19
15620,1,19.0,19,19
15621,1,23.0,23,23
15622,1,23.0,23,23
15623,1,44.0,44,44
15624,1,44.0,44,44
15629,1,38.0,38,38
15630,1,38.0,38,38
15631,1,32.0,32,32
15632,1,32.0,32,32
15635,1,42.0,42,42
15636,1,42.0,42,42
15639,1,24.0,24,24
15640,1,24.0,24,24
15643,1,25.0,25,25
15644,1,24.0,24,24
15645,1,45.0,45,45
15646,1,46.0,46,46
15647,1,52.0,52,52
15648,1,53.0,53,53
15651,1,41.0,41,41
15652,1,41.0,41,41
15653,1,41.0,41,41
15654,1,41.0,41,41
15655,1,38.0,38,38
15656,1,38.0,38,38
15657,1,31.0,31,31
15658,1,31.0,31,31
15659,1,38.0,38,38
15660,1,38.0,38,38
15661,1,27.0,27,27
15662,1,27.0,27,27
15665,1,7.0,7,7
15666,1,7.0,7,7
15667,1,34.0,34,34
15668,1,34.0,34,34
15669,1,5.0,5,5
15670,1,5.0,5,5
15707,1,49.0,49,49
15708,1,51.0,51,51
15711,1,9.0,9,9
15712,1,9.0,9,9
15713,1,17.0,17,17
15714,1,17.0,17,17
15715,1,26.0,26,26
15716,1,26.0,26,26
15717,1,24.0,24,24
15718,1,24.0,24,24
15719,1,16.0,16,16
15720,1,16.0,16,16
15721,1,16.0,16,16
15722,1,16.0,16,16
15723,1,11.0,11,11
15724,1,11.0,11,11
15765,1,17.0,17,17
15766,1,17.0,17,17
15767,1,12.0,12,12
15768,1,12.0,12,12
15769,1,25.0,25,25
15770,1,24.0,24,24
15771,1,18.0,18,18
15772,1,18.0,18,18
15815,1,10.0,10,10
15816,1,10.0,10,10
15903,1,33.0,33,33
15904,1,33.0,33,33
15905,1,55.0,55,55
15906,1,56.0,56,56
15909,1,87.0,87,87
15927,1,25.0,25,25
15928,1,25.0,25,25
15929,1,49.0,49,49
15930,1,49.0,49,49
15933,1,36.0,36,36
15934,1,36.0,36,36
15941,1,30.0,30,30
15942,1,30.0,30,30
15959,1,54.0,54,54
15960,1,54.0,54,54
15967,1,29.0,29,29
15968,1,29.0,29,29
16003,1,24.0,24,24
16004,1,25.0,25,25
16021,1,22.0,22,22
16022,1,21.0,21,21
16023,1,8.0,8,8
16024,1,8.0,8,8
16031,1,79.0,79,79
16032,1,80.0,80,80
16053,1,6.0,6,6
16054,1,7.0,7,7
16057,1,6.0,6,6
16058,1,7.0,7,7
16085,1,13.0,13,13
16086,1,12.0,12,12
16089,1,14.0,14,14
16090,1,14.0,14,14
16093,1,45.0,45,45
16094,1,44.0,44,44
16101,1,22.0,22,22
16102,1,23.0,23,23
16105,1,27.0,27,27
16106,1,27.0,27,27
16115,1,8.0,8,8
16116,1,8.0,8,8
16127,1,46.0,46,46
16128,1,46.0,46,46
16129,1,2.0,2,2
16130,1,1.0,1,1
16175,1,14.0,14,14
16176,1,14.0,14,14
16179,1,11.0,11,11
16180,1,11.0,11,11
16181,1,24.0,24,24
16182,1,25.0,25,25
16183,1,16.0,16,16
16184,1,16.0,16,16
16185,1,0.0,0,0
16186,1,0.0,0,0
16187,1,27.0,27,27
16188,1,25.0,25,25
16203,1,8.0,8,8
16204,1,9.0,9,9
16205,1,11.0,11,11
16206,1,11.0,11,11
16209,1,43.0,43,43
16210,1,42.0,42,42
16215,1,8.0,8,8
16216,1,8.0,8,8
16217,1,22.0,22,22
16218,1,22.0,22,22
16227,1,33.0,33,33
16228,1,29.0,29,29
16229,1,33.0,33,33
16231,1,22.0,22,22
16232,1,23.0,23,23
16233,1,5.0,5,5
16234,1,5.0,5,5
16235,1,33.0,33,33
16301,1,28.0,28,28
16302,1,28.0,28,28
16303,1,17.0,17,17
16304,1,17.0,17,17
16305,1,14.0,14,14
16306,1,15.0,15,15
16307,1,25.0,25,25
16308,1,26.0,26,26
16311,1,42.0,42,42
16312,1,42.0,42,42
16313,1,25.0,25,25
16314,1,24.0,24,24
16315,1,20.0,20,20
16316,1,20.0,20,20
16317,1,69.0,69,69
16318,1,73.0,73,73
16331,1,41.0,41,41
16332,1,40.0,40,40
16333,1,57.0,57,57
16334,1,57.0,57,57
16335,1,54.0,54,54
16336,1,54.0,54,54
16337,1,48.0,48,48
16338,1,49.0,49,49
16339,1,38.0,38,38
16340,1,37.0,37,37
16341,1,21.0,21,21
16342,1,20.0,20,20
16343,1,20.0,20,20
16344,1,20.0,20,20
16345,1,44.0,44,44
16346,1,44.0,44,44
16347,1,48.0,48,48
16348,1,47.0,47,47
16349,1,7.0,7,7
16350,1,7.0,7,7
16351,1,45.0,45,45
16352,1,44.0,44,44
16353,1,29.0,29,29
16354,1,29.0,29,29
16359,1,42.0,42,42
16360,1,42.0,42,42
16381,1,61.0,61,61
16382,1,60.0,60,60
16501,1,23.0,23,23
16502,1,25.0,25,25
16505,1,32.0,32,32
16506,1,31.0,31,31
16507,1,44.0,44,44
16508,1,43.0,43,43
16515,1,20.0,20,20
16516,1,20.0,20,20
16517,1,18.0,18,18
16518,1,18.0,18,18
16519,1,14.0,14,14
16520,1,13.0,13,13
16521,1,6.0,6,6
16522,1,6.0,6,6
16523,1,12.0,12,12
16524,1,12.0,12,12
16525,1,44.0,44,44
16526,1,47.0,47,47
16527,1,16.0,16,16
16528,1,16.0,16,16
16531,1,36.0,36,36
16532,1,36.0,36,36
16533,1,28.0,28,28
16534,1,28.0,28,28
16535,1,30.0,30,30
16536,1,30.0,30,30
16557,1,7.0,7,7
16558,1,7.0,7,7
16565,1,18.0,18,18
16566,1,18.0,18,18
16569,1,13.0,13,13
16570,1,13.0,13,13
16571,1,16.0,16,16
16572,1,16.0,16,16
16573,1,8.0,8,8
16574,1,8.0,8,8
16575,1,12.0,12,12
16576,1,12.0,12,12
16577,1,10.0,10,10
16578,1,10.0,10,10
16579,1,7.0,7,7
16580,1,7.0,7,7
16581,1,8.0,8,8
16582,1,8.0,8,8
16587,1,33.0,33,33
16588,1,32.0,32,32
16589,1,28.0,28,28
16590,1,28.0,28,28
16591,1,28.0,28,28
16592,1,28.0,28,28
16593,1,41.0,41,41
16594,1,41.0,41,41
16603,1,30.0,30,30
16604,1,29.0,29,29
16605,1,39.0,39,39
16606,1,39.0,39,39
16613,1,33.0,33,33
16614,1,34.0,34,34
16615,1,8.0,8,8
16616,1,7.0,7,7
16617,1,15.0,15,15
16618,1,13.0,13,13
16629,1,52.0,52,52
16630,1,52.0,52,52
16649,1,50.0,50,50
16650,1,48.0,48,48
16687,1,61.0,61,61
16688,1,65.0,65,65
16723,1,29.0,29,29
16724,1,30.0,30,30
16733,1,40.0,40,40
16734,1,40.0,40,40
16779,1,21.0,21,21
16780,1,21.0,21,21
16787,1,9.0,9,9
16788,1,9.0,9,9
16790,1,9.0,9,9
16791,1,27.0,27,27
16792,1,27.0,27,27
16793,1,18.0,18,18
16794,1,18.0,18,18
16853,1,17.0,17,17
16854,1,17.0,17,17
16855,1,21.0,21,21
16856,1,21.0,21,21
16857,1,17.0,17,17
16858,1,17.0,17,17
16859,1,50.0,50,50
16860,1,51.0,51,51
16861,1,21.0,21,21
16862,1,21.0,21,21
16863,1,41.0,41,41
16864,1,40.0,40,40
17001,1,23.0,23,23
17002,1,23.0,23,23
17009,1,7.0,7,7
17010,1,7.0,7,7
17011,1,19.0,19,19
17012,1,18.0,18,18
17013,1,13.0,13,13
17014,1,13.0,13,13
17015,1,39.0,39,39
17016,1,39.0,39,39
17017,1,25.0,25,25
17018,1,26.0,26,26
17019,1,32.0,32,32
17020,1,32.0,32,32
17021,1,7.0,7,7
17022,1,7.0,7,7
17023,1,14.0,14,14
17024,1,12.0,12,12
17025,1,13.0,13,13
17026,1,13.0,13,13
17027,1,11.0,11,11
17028,1,11.0,11,11
17031,1,24.0,24,24
17032,1,24.0,24,24
17037,1,26.0,26,26
17038,1,26.0,26,26
17057,1,28.0,28,28
17058,1,27.0,27,27
17063,1,21.0,21,21
17064,1,21.0,21,21
17201,1,22.0,22,22
17202,1,23.0,23,23
17203,1,29.0,29,29
17204,1,30.0,30,30
17205,1,37.0,37,37
17206,1,37.0,37,37
17207,1,30.0,30,30
17208,1,30.0,30,30
17209,1,33.0,33,33
17210,1,34.0,34,34
17211,1,19.0,19,19
17212,1,19.0,19,19
17213,1,21.0,21,21
17214,1,21.0,21,21
17215,1,14.0,14,14
17216,1,14.0,14,14
17221,1,21.0,21,21
17222,1,21.0,21,21
17225,1,24.0,24,24
17226,1,24.0,24,24
17229,1,41.0,41,41
17230,1,41.0,41,41
17231,1,25.0,25,25
17232,1,26.0,26,26
17233,1,32.0,32,32
17234,1,32.0,32,32
17235,1,14.0,14,14
17236,1,14.0,14,14
17239,1,25.0,25,25
17240,1,24.0,24,24
17241,1,6.0,6,6
17242,1,6.0,6,6
17255,1,19.0,19,19
17256,1,19.0,19,19
17301,1,16.0,16,16
17302,1,15.0,15,15
17305,1,2.0,2,2
17307,1,32.0,32,32
17308,1,30.0,30,30
17309,1,16.0,16,16
17310,1,16.0,16,16
17311,1,22.0,22,22
17312,1,23.0,23,23
17315,1,22.0,22,22
17316,1,25.0,25,25
17317,1,14.0,14,14
17318,1,14.0,14,14
17319,1,20.0,20,20
17320,1,20.0,20,20
17321,1,10.0,10,10
17322,1,11.0,11,11
17323,1,22.0,22,22
17324,1,22.0,22,22
17325,1,23.0,23,23
17326,1,23.0,23,23
17401,1,19.0,19,19
17402,1,19.0,19,19
17403,1,6.0,6,6
17404,1,7.0,7,7
17405,1,59.0,59,59
17406,1,60.0,60,60
17407,1,17.0,17,17
17408,1,17.0,17,17
17409,1,7.0,7,7
17410,1,7.0,7,7
17411,1,16.0,16,16
17412,1,17.0,17,17
17413,1,9.0,9,9
17414,1,9.0,9,9
17415,1,29.0,29,29
17416,1,30.0,30,30
17417,1,35.0,35,35
17418,1,36.0,36,36
17419,1,29.0,29,29
17420,1,24.0,24,24
17479,1,70.0,70,70
17480,1,71.0,71,71
17481,1,63.0,63,63
17482,1,64.0,64,64
17487,1,34.0,34,34
17488,1,31.0,31,31
17603,1,16.0,16,16
17604,1,16.0,16,16
17605,1,26.0,26,26
17606,1,26.0,26,26
17609,1,15.0,15,15
17610,1,15.0,15,15
17613,1,11.0,11,11
17614,1,12.0,12,12
17615,1,21.0,21,21
17616,1,21.0,21,21
17617,1,18.0,18,18
17618,1,18.0,18,18
17619,1,6.0,6,6
17620,1,6.0,6,6
17621,1,26.0,26,26
17622,1,26.0,26,26
17623,1,27.0,27,27
17624,1,27.0,27,27
17625,1,19.0,19,19
17626,1,17.0,17,17
17639,1,19.0,19,19
17640,1,19.0,19,19
17641,1,30.0,30,30
17642,1,30.0,30,30
17643,1,34.0,34,34
17644,1,34.0,34,34
17651,1,19.0,19,19
17652,1,21.0,21,21
17687,1,22.0,22,22
17688,1,22.0,22,22
18005,1,46.0,46,46
18006,1,44.0,44,44
18007,1,11.0,11,11
18008,1,11.0,11,11
18009,1,22.0,22,22
18010,1,22.0,22,22
18029,1,81.0,81,81
18030,1,80.0,80,80
18047,1,42.0,42,42
18048,1,43.0,43,43
18101,1,69.0,69,69
18102,1,70.0,70,70
18103,1,23.0,23,23
18104,1,23.0,23,23
18107,1,11.0,11,11
18108,1,11.0,11,11
18111,1,40.0,40,40
18112,1,40.0,40,40
18117,1,24.0,24,24
18118,1,24.0,24,24
18181,1,35.0,35,35
18182,1,35.0,35,35
18183,1,34.0,34,34
18184,1,33.0,33,33
18189,1,7.0,7,7
18190,1,8.0,8,8
18191,1,31.0,31,31
18192,1,29.0,29,29
18201,1,23.0,23,23
18202,1,23.0,23,23
18203,1,18.0,18,18
18204,1,19.0,19,19
18205,1,22.0,22,22
18206,1,22.0,22,22
18207,1,20.0,20,20
18208,1,20.0,20,20
18211,1,13.0,13,13
18212,1,13.0,13,13
18213,1,18.0,18,18
18214,1,18.0,18,18
18215,1,24.0,24,24
18216,1,24.0,24,24
18233,1,70.0,70,70
18234,1,72.0,72,72
18235,1,65.0,65,65
18236,1,65.0,65,65
18237,1,83.0,83,83
18238,1,87.0,87,87
18239,1,29.0,29,29
18240,1,16.0,16,16
18241,1,30.0,30,30
18242,1,30.0,30,30
18243,1,31.0,31,31
18244,1,31.0,31,31
18245,1,31.0,31,31
18246,1,31.0,31,31
18247,1,37.0,37,37
18248,1,37.0,37,37
18301,1,18.0,18,18
18302,1,18.0,18,18
18303,1,14.0,14,14
18304,1,14.0,14,14
18309,1,12.0,12,12
18310,1,12.0,12,12
18311,1,35.0,35,35
18312,1,35.0,35,35
18401,1,39.0,39,39
18402,1,39.0,39,39
18403,1,4.0,4,4
18404,1,4.0,4,4
18405,1,38.0,38,38
18406,1,38.0,38,38
18407,1,24.0,24,24
18408,1,24.0,24,24
18409,1,18.0,18,18
18410,1,19.0,19,19
18413,1,10.0,10,10
18414,1,10.0,10,10
18415,1,28.0,28,28
18416,1,28.0,28,28
18419,1,22.0,22,22
18420,1,22.0,22,22
18421,1,39.0,39,39
18422,1,39.0,39,39
18425,1,26.0,26,26
18426,1,26.0,26,26
18437,1,9.0,9,9
18438,1,9.0,9,9
18447,1,39.0,39,39
18448,1,39.0,39,39
18449,1,25.0,25,25
18450,1,25.0,25,25
18451,1,22.0,22,22
18452,1,23.0,23,23
18463,1,45.0,45,45
18464,1,44.0,44,44
18477,1,74.0,74,74
18478,1,73.0,73,73
18495,1,23.0,23,23
18496,1,23.0,23,23
18501,1,27.0,27,27
18502,1,27.0,27,27
18503,1,23.0,23,23
18504,1,23.0,23,23
18507,1,46.0,46,46
18508,1,46.0,46,46
18511,1,10.0,10,10
18512,1,9.0,9,9
18517,1,29.0,29,29
18518,1,29.0,29,29
18519,1,18.0,18,18
18520,1,18.0,18,18
18567,1,31.0,31,31
18568,1,31.0,31,31
18573,1,33.0,33,33
18574,1,33.0,33,33
18605,1,15.0,15,15
18606,1,15.0,15,15
18609,1,27.0,27,27
18610,1,27.0,27,27
18611,1,28.0,28,28
18612,1,28.0,28,28
18613,1,18.0,18,18
18614,1,18.0,18,18
18615,1,15.0,15,15
18616,1,15.0,15,15
18619,1,15.0,15,15
18620,1,15.0,15,15
18621,1,40.0,40,40
18622,1,41.0,41,41
18623,1,24.0,24,24
18624,1,23.0,23,23
18625,1,19.0,19,19
18626,1,19.0,19,19
18631,1,37.0,37,37
18632,1,37.0,37,37
18637,1,25.0,25,25
18638,1,25.0,25,25
18645,1,57.0,57,57
18646,1,59.0,59,59
18695,1,6.0,6,6
18696,1,6.0,6,6
18697,1,25.0,25,25
18698,1,25.0,25,25
19015,1,61.0,61,61
19016,1,60.0,60,60
19019,1,96.0,96,96
19020,1,90.0,90,90
19021,1,21.0,21,21
19022,1,21.0,21,21
19023,1,92.0,92,92
19024,1,95.0,95,95
19025,1,19.0,19,19
19026,1,19.0,19,19
19027,1,31.0,31,31
19028,1,31.0,31,31
19031,1,41.0,41,41
19032,1,41.0,41,41
19033,1,25.0,25,25
19034,1,25.0,25,25
19035,1,8.0,8,8
19036,1,9.0,9,9
19037,1,66.0,66,66
19038,1,66.0,66,66
19039,1,80.0,80,80
19040,1,80.0,80,80
19041,1,29.0,29,29
19042,1,25.0,25,25
19045,1,33.0,33,33
19046,1,33.0,33,33
19051,1,15.0,15,15
19052,1,15.0,15,15
19053,1,23.0,23,23
19054,1,23.0,23,23
19055,1,16.0,16,16
19056,1,16.0,16,16
19057,1,11.0,11,11
19058,1,11.0,11,11
19061,1,26.0,26,26
19062,1,26.0,26,26
19063,1,16.0,16,16
19064,1,16.0,16,16
19107,1,17.0,17,17
19108,1,17.0,17,17
19115,1,27.0,27,27
19116,1,27.0,27,27
19119,1,17.0,17,17
19120,1,17.0,17,17
19151,1,15.0,15,15
19152,1,15.0,15,15
19165,1,68.0,68,68
19166,1,70.0,70,70
19167,1,55.0,55,55
19168,1,55.0,55,55
19201,1,27.0,27,27
19202,1,27.0,27,27
19215,1,61.0,61,61
19217,1,28.0,28,28
19218,1,31.0,31,31
19223,1,56.0,56,56
19224,1,58.0,58,58
19225,1,22.0,22,22
19226,1,22.0,22,22
19251,1,15.0,15,15
19252,1,15.0,15,15
19259,1,39.0,39,39
19260,1,39.0,39,39
19261,1,28.0,28,28
19262,1,28.0,28,28
19263,1,26.0,26,26
19264,1,30.0,30,30
19269,1,33.0,33,33
19270,1,33.0,33,33
19301,1,30.0,30,30
19302,1,30.0,30,30
19303,1,16.0,16,16
19304,1,15.0,15,15
19307,1,17.0,17,17
19308,1,17.0,17,17
19309,1,17.0,17,17
19310,1,17.0,17,17
19311,1,15.0,15,15
19312,1,15.0,15,15
19313,1,15.0,15,15
19314,1,15.0,15,15
19321,1,15.0,15,15
19322,1,15.0,15,15
19323,1,5.0,5,5
19324,1,5.0,5,5
19325,1,22.0,22,22
19326,1,22.0,22,22
19327,1,14.0,14,14
19328,1,14.0,14,14
19329,1,16.0,16,16
19330,1,16.0,16,16
19331,1,30.0,30,30
19332,1,30.0,30,30
19401,1,25.0,25,25
19402,1,25.0,25,25
19403,1,18.0,18,18
19404,1,18.0,18,18
19407,1,19.0,19,19
19408,1,19.0,19,19
19409,1,27.0,27,27
19410,1,27.0,27,27
19411,1,10.0,10,10
19412,1,10.0,10,10
19413,1,35.0,35,35
19414,1,35.0,35,35
19415,1,29.0,29,29
19416,1,29.0,29,29
19419,1,24.0,24,24
19420,1,25.0,25,25
19421,1,27.0,27,27
19422,1,26.0,26,26
19565,1,31.0,31,31
19566,1,31.0,31,31
19567,1,40.0,40,40
19568,1,41.0,41,41
19571,1,13.0,13,13
19572,1,13.0,13,13
19573,1,18.0,18,18
19574,1,18.0,18,18
19575,1,18.0,18,18
19576,1,18.0,18,18
19577,1,27.0,27,27
19578,1,27.0,27,27
19579,1,22.0,22,22
19580,1,22.0,22,22
19601,1,27.0,27,27
19602,1,27.0,27,27
19607,1,28.0,28,28
19608,1,28.0,28,28
19609,1,27.0,27,27
19611,1,29.0,29,29
19612,1,29.0,29,29
19613,1,24.0,24,24
19614,1,24.0,24,24
19659,1,22.0,22,22
19660,1,22.0,22,22
19665,1,27.0,27,27
19666,1,27.0,27,27
19707,1,37.0,37,37
19708,1,37.0,37,37
19709,1,35.0,35,35
19710,1,35.0,35,35
19711,1,32.0,32,32
19712,1,32.0,32,32
19713,1,29.0,29,29
19714,1,29.0,29,29
19715,1,15.0,15,15
19716,1,15.0,15,15
19717,1,15.0,15,15
19718,1,15.0,15,15
19803,1,28.0,28,28
19804,1,28.0,28,28
19805,1,20.0,20,20
19806,1,20.0,20,20
19807,1,9.0,9,9
19808,1,9.0,9,9
20501,1,14.0,14,14
20502,1,14.0,14,14
20601,1,4.0,4,4
20602,1,5.0,5,5
20651,1,9.0,9,9
20652,1,9.0,9,9
20809,1,20.0,20,20
20810,1,20.0,20,20
20811,1,11.0,11,11
20812,1,11.0,11,11
20813,1,41.0,41,41
20814,1,41.0,41,41
20815,1,22.0,22,22
20816,1,22.0,22,22
20817,1,11.0,11,11
20818,1,11.0,11,11
20889,1,6.0,6,6
20890,1,6.0,6,6
20901,1,2.0,2,2
20902,1,2.0,2,2
20903,1,9.0,9,9
20904,1,9.0,9,9
21067,1,2.0,2,2
21068,1,2.0,2,2
21107,1,0.0,0,0
21108,1,0.0,0,0
21125,1,15.0,15,15
21126,1,15.0,15,15
22101,1,5.0,5,5
22102,1,6.0,6,6
22103,1,15.0,15,15
22104,1,15.0,15,15
22105,1,6.0,6,6
22106,1,5.0,5,5
22109,1,7.0,7,7
22110,1,7.0,7,7
22111,1,18.0,18,18
22112,1,18.0,18,18
22113,1,24.0,24,24
22114,1,24.0,24,24
22115,1,6.0,6,6
22116,1,6.0,6,6
22117,1,8.0,8,8
22118,1,8.0,8,8
22119,1,5.0,5,5
22120,1,5.0,5,5
22121,1,9.0,9,9
22122,1,9.0,9,9
22123,1,8.0,8,8
22124,1,8.0,8,8
22125,1,8.0,8,8
22126,1,8.0,8,8
22127,1,19.0,19,19
22128,1,19.0,19,19
22131,1,17.0,17,17
22132,1,17.0,17,17
22133,1,11.0,11,11
22134,1,11.0,11,11
22135,1,14.0,14,14
22136,1,14.0,14,14
22137,1,12.0,12,12
22138,1,12.0,12,12
22140,1,6.0,6,6
22143,1,15.0,15,15
22144,1,15.0,15,15
22145,1,7.0,7,7
22146,1,7.0,7,7
22147,1,6.0,6,6
22148,1,6.0,6,6
22149,1,16.0,16,16
22150,1,16.0,16,16
22151,1,17.0,17,17
22152,1,17.0,17,17
22161,1,9.0,9,9
22162,1,9.0,9,9
22163,1,7.0,7,7
22164,1,7.0,7,7
22165,1,9.0,9,9
22166,1,9.0,9,9
22168,1,9.0,9,9
22181,1,13.0,13,13
22182,1,13.0,13,13
22187,1,8.0,8,8
22188,1,8.0,8,8
22189,1,9.0,9,9
22190,1,9.0,9,9
22191,1,17.0,17,17
22192,1,17.0,17,17
22201,1,1.0,1,1
22202,1,1.0,1,1
22203,1,1.0,1,1
22204,1,1.0,1,1
22205,1,1.0,1,1
22206,1,1.0,1,1
22207,1,9.0,9,9
22208,1,9.0,9,9
22209,1,3.0,3,3
22210,1,3.0,3,3
22213,1,2.0,2,2
22214,1,2.0,2,2
22307,1,3.0,3,3
22308,1,3.0,3,3
22309,1,6.0,6,6
22310,1,6.0,6,6
22321,1,8.0,8,8
22322,1,8.0,8,8
22323,1,7.0,7,7
22324,1,7.0,7,7
22351,1,26.0,26,26
22352,1,26.0,26,26
22356,1,14.0,14,14
22387,1,14.0,14,14
22388,1,14.0,14,14
22401,1,6.0,6,6
22402,1,6.0,6,6
22403,1,13.0,13,13
22404,1,13.0,13,13
22405,1,20.0,20,20
22406,1,20.0,20,20
22407,1,7.0,7,7
22408,1,7.0,7,7
22409,1,8.0,8,8
22410,1,8.0,8,8
22411,1,14.0,14,14
22412,1,14.0,14,14
22413,1,8.0,8,8
22414,1,8.0,8,8
22415,1,19.0,19,19
22416,1,19.0,19,19
22417,1,7.0,7,7
22418,1,7.0,7,7
22419,1,10.0,10,10
22420,1,10.0,10,10
22421,1,20.0,20,20
22422,1,20.0,20,20
22423,1,14.0,14,14
22424,1,14.0,14,14
22427,1,9.0,9,9
22428,1,9.0,9,9
22429,1,13.0,13,13
22430,1,15.0,15,15
22431,1,16.0,16,16
22432,1,16.0,16,16
22433,1,9.0,9,9
22434,1,8.0,8,8
22439,1,3.0,3,3
22441,1,7.0,7,7
22442,1,7.0,7,7
22443,1,20.0,20,20
22444,1,20.0,20,20
22445,1,12.0,12,12
22446,1,12.0,12,12
22447,1,0.0,0,0
22448,1,0.0,0,0
22451,1,22.0,22,22
22452,1,22.0,22,22
22453,1,8.0,8,8
22454,1,8.0,8,8
22455,1,13.0,13,13
22456,1,13.0,13,13
22457,1,24.0,24,24
22458,1,24.0,24,24
22461,1,6.0,6,6
22462,1,6.0,6,6
22463,1,2.0,2,2
22464,1,2.0,2,2
22471,1,12.0,12,12
22472,1,12.0,12,12
22473,1,21.0,21,21
22474,1,21.0,21,21
22475,1,32.0,32,32
22476,1,32.0,32,32
22477,1,10.0,10,10
22478,1,10.0,10,10
22481,1,17.0,17,17
22482,1,17.0,17,17
22483,1,12.0,12,12
22484,1,12.0,12,12
22487,1,5.0,5,5
22488,1,5.0,5,5
22497,1,35.0,35,35
22501,1,39.0,39,39
22502,1,37.0,37,37
22511,1,25.0,25,25
22512,1,25.0,25,25
22531,1,20.0,20,20
22532,1,20.0,20,20
22601,1,21.0,21,21
22602,1,22.0,22,22
22603,1,18.0,18,18
22604,1,18.0,18,18
22605,1,28.0,28,28
22606,1,28.0,28,28
22607,1,12.0,12,12
22608,1,12.0,12,12
22609,1,12.0,12,12
22610,1,12.0,12,12
22611,1,20.0,20,20
22612,1,20.0,20,20
22613,1,13.0,13,13
22614,1,13.0,13,13
22615,1,6.0,6,6
22616,1,6.0,6,6
22617,1,7.0,7,7
22618,1,7.0,7,7
22619,1,28.0,28,28
22620,1,28.0,28,28
22621,1,10.0,10,10
22622,1,10.0,10,10
22623,1,9.0,9,9
22624,1,9.0,9,9
22625,1,9.0,9,9
22626,1,10.0,10,10
22627,1,11.0,11,11
22628,1,11.0,11,11
22629,1,24.0,24,24
22630,1,24.0,24,24
22631,1,30.0,30,30
22632,1,30.0,30,30
22633,1,27.0,27,27
22634,1,27.0,27,27
22635,1,8.0,8,8
22636,1,8.0,8,8
22637,1,29.0,29,29
22638,1,30.0,30,30
22639,1,23.0,23,23
22640,1,24.0,24,24
22641,1,35.0,35,35
22642,1,35.0,35,35
22643,1,42.0,42,42
22644,1,40.0,40,40
22645,1,50.0,50,50
22646,1,49.0,49,49
22647,1,53.0,53,53
22648,1,53.0,53,53
22649,1,16.0,16,16
22650,1,16.0,16,16
22651,1,17.0,17,17
22652,1,18.0,18,18
22653,1,26.0,26,26
22654,1,26.0,26,26
22655,1,26.0,26,26
22656,1,26.0,26,26
22659,1,24.0,24,24
22660,1,25.0,25,25
22661,1,17.0,17,17
22662,1,18.0,18,18
22663,1,25.0,25,25
22664,1,25.0,25,25
22667,1,12.0,12,12
22668,1,12.0,12,12
22669,1,2.0,2,2
22670,1,2.0,2,2
22677,1,11.0,11,11
22678,1,11.0,11,11
22679,1,8.0,8,8
22680,1,8.0,8,8
22681,1,10.0,10,10
22682,1,9.0,9,9
22683,1,28.0,28,28
22684,1,29.0,29,29
22685,1,16.0,16,16
22686,1,16.0,16,16
22687,1,2.0,2,2
22688,1,2.0,2,2
22691,1,13.0,13,13
22692,1,13.0,13,13
22697,1,16.0,16,16
22698,1,15.0,15,15
22705,1,12.0,12,12
22706,1,12.0,12,12
22707,1,16.0,16,16
22708,1,16.0,16,16
22801,1,14.0,14,14
22803,1,9.0,9,9
22804,1,9.0,9,9
22805,1,16.0,16,16
22806,1,16.0,16,16
22807,1,16.0,16,16
22808,1,16.0,16,16
22809,1,15.0,15,15
22810,1,15.0,15,15
22811,1,12.0,12,12
22812,1,12.0,12,12
22813,1,10.0,10,10
22814,1,10.0,10,10
22815,1,21.0,21,21
22816,1,21.0,21,21
22817,1,19.0,19,19
22818,1,21.0,21,21
22819,1,25.0,25,25
22821,1,9.0,9,9
22822,1,9.0,9,9
22823,1,11.0,11,11
22824,1,11.0,11,11
22825,1,22.0,22,22
22826,1,22.0,22,22
22827,1,16.0,16,16
22828,1,16.0,16,16
22829,1,29.0,29,29
22830,1,29.0,29,29
22831,1,17.0,17,17
22832,1,17.0,17,17
22833,1,17.0,17,17
22834,1,17.0,17,17
22835,1,9.0,9,9
22836,1,9.0,9,9
22837,1,26.0,26,26
22838,1,25.0,25,25
22839,1,10.0,10,10
22840,1,10.0,10,10
22843,1,20.0,20,20
22844,1,20.0,20,20
22845,1,17.0,17,17
22846,1,17.0,17,17
22847,1,21.0,21,21
22848,1,22.0,22,22
22849,1,18.0,18,18
22850,1,18.0,18,18
22851,1,38.0,38,38
22852,1,38.0,38,38
22853,1,14.0,14,14
22854,1,14.0,14,14
22855,1,16.0,16,16
22856,1,16.0,16,16
22857,1,9.0,9,9
22858,1,9.0,9,9
22859,1,19.0,19,19
22860,1,19.0,19,19
22861,1,8.0,8,8
22862,1,8.0,8,8
22863,1,10.0,10,10
22864,1,10.0,10,10
22865,1,16.0,16,16
22866,1,16.0,16,16
22867,1,14.0,14,14
22868,1,14.0,14,14
22869,1,11.0,11,11
22870,1,11.0,11,11
22871,1,17.0,17,17
22872,1,17.0,17,17
22873,1,15.0,15,15
22874,1,14.0,14,14
22875,1,12.0,12,12
22876,1,12.0,12,12
22877,1,22.0,22,22
22878,1,22.0,22,22
22879,1,19.0,19,19
22880,1,19.0,19,19
22881,1,12.0,12,12
22882,1,12.0,12,12
22883,1,25.0,25,25
22884,1,26.0,26,26
22885,1,12.0,12,12
22886,1,12.0,12,12
22887,1,17.0,17,17
22888,1,18.0,18,18
22889,1,11.0,11,11
22890,1,11.0,11,11
22891,1,12.0,12,12
22892,1,13.0,13,13
22893,1,14.0,14,14
22894,1,14.0,14,14
22897,1,7.0,7,7
22898,1,7.0,7,7
22901,1,14.0,14,14
22902,1,14.0,14,14
22903,1,6.0,6,6
22904,1,6.0,6,6
22905,1,3.0,3,3
22906,1,3.0,3,3
22907,1,16.0,16,16
22908,1,16.0,16,16
22909,1,22.0,22,22
22910,1,22.0,22,22
22911,1,32.0,32,32
22912,1,32.0,32,32
22914,1,11.0,11,11
22915,1,28.0,28,28
22916,1,28.0,28,28
22917,1,24.0,24,24
22918,1,24.0,24,24
22919,1,10.0,10,10
22920,1,10.0,10,10
22925,1,1.0,1,1
22926,1,1.0,1,1
22927,1,20.0,20,20
22928,1,15.0,15,15
22929,1,12.0,12,12
22930,1,12.0,12,12
22931,1,25.0,25,25
22932,1,25.0,25,25
22933,1,13.0,13,13
22934,1,13.0,13,13
22935,1,10.0,10,10
22936,1,10.0,10,10
22937,1,21.0,21,21
22938,1,21.0,21,21
22939,1,21.0,21,21
22940,1,21.0,21,21
22941,1,14.0,14,14
22942,1,14.0,14,14
22943,1,15.0,15,15
22944,1,15.0,15,15
22945,1,28.0,28,28
22946,1,29.0,29,29
22949,1,25.0,25,25
22951,1,13.0,13,13
22952,1,13.0,13,13
22953,1,25.0,25,25
22954,1,25.0,25,25
22955,1,20.0,20,20
22956,1,20.0,20,20
22957,1,14.0,14,14
22959,1,19.0,19,19
22960,1,19.0,19,19
22961,1,16.0,16,16
22962,1,16.0,16,16
22963,1,16.0,16,16
22964,1,16.0,16,16
22965,1,8.0,8,8
22966,1,8.0,8,8
22967,1,18.0,18,18
22968,1,18.0,18,18
22969,1,21.0,21,21
22970,1,21.0,21,21
22971,1,12.0,12,12
22972,1,12.0,12,12
22973,1,36.0,36,36
22974,1,36.0,36,36
22981,1,26.0,26,26
22982,1,26.0,26,26
22983,1,12.0,12,12
22989,1,14.0,14,14
22990,1,14.0,14,14
22991,1,10.0,10,10
22992,1,10.0,10,10
22993,1,13.0,13,13
22994,1,13.0,13,13
22995,1,2.0,2,2
22996,1,2.0,2,2
23141,1,1.0,1,1
23142,1,1.0,1,1
23225,1,9.0,9,9
23226,1,9.0,9,9
23345,1,4.0,4,4
23346,1,4.0,4,4
23347,1,9.0,9,9
23348,1,9.0,9,9
24041,1,1.0,1,1
24042,1,1.0,1,1
24227,1,13.0,13,13
24228,1,13.0,13,13
24369,1,36.0,36,36
24370,1,36.0,36,36
24887,1,4.0,4,4
24888,1,4.0,4,4
25013,1,1.0,1,1
25014,1,1.0,1,1
25035,1,1.0,1,1
25036,1,1.0,1,1
25201,1,4.0,4,4
25202,1,4.0,4,4
25631,1,2.0,2,2
25632,1,2.0,2,2
25657,1,35.0,35,35
25658,1,35.0,35,35
28181,1,12.0,12,12
28182,1,12.0,12,12
29019,1,6.0,6,6
29020,1,6.0,6,6
30111,1,21.0,21,21
30112,1,17.0,17,17
30116,1,12.0,12,12
30121,1,24.0,24,24
30122,1,27.0,27,27
30123,1,23.0,23,23
30128,1,30.0,30,30
30135,1,32.0,32,32
30142,1,40.0,40,40
30145,1,32.0,32,32
30152,1,19.0,19,19
30154,1,19.0,19,19
30211,1,6.0,6,6
30311,1,16.0,16,16
30312,1,19.0,19,19
30313,1,19.0,19,19
30314,1,21.0,21,21
30317,1,21.0,21,21
30321,1,33.0,33,33
30322,1,32.0,32,32
30324,1,34.0,34,34
30331,1,25.0,25,25
30332,1,25.0,25,25
30333,1,25.0,25,25
30342,1,26.0,26,26
30344,1,32.0,32,32
30346,1,32.0,32,32
30351,1,15.0,15,15
30353,1,17.0,17,17
30357,1,13.0,13,13
30358,1,13.0,13,13
30361,1,29.0,29,29
30411,1,9.0,9,9
30412,1,9.0,9,9
30413,1,9.0,9,9
30414,1,9.0,9,9
30416,1,9.0,9,9
30451,1,9.0,9,9
30452,1,14.0,14,14
30511,1,12.0,12,12
30552,1,15.0,15,15
30612,1,22.0,22,22
30711,1,24.0,24,24
30712,1,24.0,24,24
31051,1,24.0,24,24
31053,1,24.0,24,24
31055,1,24.0,24,24
31111,1,37.0,37,37
31112,1,35.0,35,35
31151,1,33.0,33,33
31152,1,33.0,33,33
31191,1,5.0,5,5
31192,1,5.0,5,5
31211,1,7.0,7,7
31212,1,7.0,7,7
31213,1,2.0,2,2
31214,1,3.0,3,3
31215,1,3.0,3,3
31216,1,7.0,7,7
31217,1,7.0,7,7
31218,1,5.0,5,5
31219,1,7.0,7,7
31220,1,7.0,7,7
31221,1,7.0,7,7
31222,1,7.0,7,7
31223,1,7.0,7,7
31224,1,7.0,7,7
31225,1,7.0,7,7
31226,1,7.0,7,7
31227,1,7.0,7,7
31228,1,7.0,7,7
31229,1,7.0,7,7
31230,1,7.0,7,7
31231,1,7.0,7,7
31232,1,7.0,7,7
31233,1,7.0,7,7
31234,1,7.0,7,7
31235,1,7.0,7,7
31236,1,7.0,7,7
31237,1,7.0,7,7
31238,1,7.0,7,7
31239,1,7.0,7,7
31240,1,7.0,7,7
31241,1,7.0,7,7
31261,1,7.0,7,7
31311,1,19.0,19,19
31312,1,19.0,19,19
31313,1,19.0,19,19
31314,1,19.0,19,19
31315,1,19.0,19,19
31316,1,19.0,19,19
31317,1,19.0,19,19
31318,1,19.0,19,19
31319,1,19.0,19,19
31320,1,10.0,10,10
31321,1,19.0,19,19
31322,1,19.0,19,19
31323,1,19.0,19,19
31324,1,19.0,19,19
31325,1,19.0,19,19
31326,1,19.0,19,19
31327,1,19.0,19,19
31328,1,19.0,19,19
31329,1,19.0,19,19
31330,1,19.0,19,19
31331,1,19.0,19,19
31332,1,19.0,19,19
31333,1,19.0,19,19
31334,1,19.0,19,19
31335,1,19.0,19,19
31336,1,19.0,19,19
31337,1,11.0,11,11
31338,1,19.0,19,19
31339,1,19.0,19,19
31411,1,7.0,7,7
31412,1,13.0,13,13
31413,1,13.0,13,13
31414,1,13.0,13,13
31415,1,13.0,13,13
31416,1,13.0,13,13
31417,1,13.0,13,13
31418,1,13.0,13,13
31420,1,13.0,13,13
31421,1,13.0,13,13
31422,1,13.0,13,13
31423,1,13.0,13,13
31424,1,13.0,13,13
31425,1,13.0,13,13
31426,1,13.0,13,13
31427,1,13.0,13,13
31428,1,13.0,13,13
31429,1,13.0,13,13
31430,1,13.0,13,13
31431,1,13.0,13,13
31432,1,13.0,13,13
31433,1,13.0,13,13
31434,1,13.0,13,13
31435,1,13.0,13,13
31436,1,13.0,13,13
31437,1,13.0,13,13
31438,1,13.0,13,13
31439,1,13.0,13,13
31440,1,13.0,13,13
31441,1,13.0,13,13
31442,1,13.0,13,13
31443,1,13.0,13,13
31444,1,13.0,13,13
31445,1,13.0,13,13
31446,1,13.0,13,13
31447,1,13.0,13,13
31448,1,13.0,13,13
31449,1,13.0,13,13
31450,1,13.0,13,13
31451,1,13.0,13,13
31471,1,13.0,13,13
31511,1,27.0,27,27
31512,1,26.0,26,26
31513,1,26.0,26,26
31514,1,27.0,27,27
31515,1,27.0,27,27
31516,1,27.0,27,27
31517,1,27.0,27,27
31518,1,23.0,23,23
31519,1,25.0,25,25
31520,1,26.0,26,26
31521,1,27.0,27,27
31522,1,27.0,27,27
31523,1,25.0,25,25
31524,1,26.0,26,26
31525,1,26.0,26,26
31526,1,27.0,27,27
31527,1,27.0,27,27
31528,1,25.0,25,25
31529,1,27.0,27,27
31530,1,27.0,27,27
31531,1,21.0,21,21
31532,1,27.0,27,27
31533,1,25.0,25,25
31534,1,22.0,22,22
31535,1,25.0,25,25
31536,1,24.0,24,24
31537,1,26.0,26,26
31538,1,26.0,26,26
31539,1,26.0,26,26
31540,1,25.0,25,25
31541,1,26.0,26,26
31542,1,25.0,25,25
31571,1,4.0,4,4
31584,1,0.0,0,0
31585,1,0.0,0,0
31586,1,0.0,0,0
31601,1,22.0,22,22
31602,1,22.0,22,22
31611,1,21.0,21,21
31612,1,22.0,22,22
31613,1,22.0,22,22
31614,1,22.0,22,22
31615,1,22.0,22,22
31616,1,22.0,22,22
31617,1,22.0,22,22
31618,1,9.0,9,9
31619,1,10.0,10,10
31620,1,18.0,18,18
31621,1,22.0,22,22
31622,1,22.0,22,22
31623,1,21.0,21,21
31624,1,22.0,22,22
31625,1,14.0,14,14
31626,1,8.0,8,8
31627,1,22.0,22,22
31628,1,19.0,19,19
31629,1,22.0,22,22
31630,1,21.0,21,21
31631,1,22.0,22,22
31632,1,22.0,22,22
31633,1,22.0,22,22
31634,1,22.0,22,22
31636,1,21.0,21,21
31711,1,8.0,8,8
31712,1,7.0,7,7
31713,1,4.0,4,4
31714,1,4.0,4,4
31721,1,4.0,4,4
31722,1,4.0,4,4
31723,1,4.0,4,4
31724,1,3.0,3,3
31725,1,5.0,5,5
31726,1,5.0,5,5
31741,1,11.0,11,11
31742,1,11.0,11,11
31743,1,8.0,8,8
31744,1,11.0,11,11
31745,1,11.0,11,11
31746,1,11.0,11,11
31747,1,11.0,11,11
31748,1,11.0,11,11
31749,1,11.0,11,11
31750,1,11.0,11,11
31751,1,11.0,11,11
31752,1,11.0,11,11
31753,1,11.0,11,11
31754,1,11.0,11,11
31755,1,11.0,11,11
31756,1,11.0,11,11
31757,1,11.0,11,11
31758,1,11.0,11,11
31765,1,23.0,23,23
31766,1,23.0,23,23
31767,1,27.0,27,27
31768,1,25.0,25,25
31770,1,27.0,27,27
31771,1,26.0,26,26
31772,1,27.0,27,27
31781,1,4.0,4,4
31782,1,4.0,4,4
31783,1,3.0,3,3
31784,1,3.0,3,3
31786,1,3.0,3,3
31801,1,27.0,27,27
31802,1,27.0,27,27
31811,1,27.0,27,27
31812,1,27.0,27,27
31813,1,28.0,28,28
31814,1,20.0,20,20
31815,1,27.0,27,27
31816,1,27.0,27,27
31817,1,28.0,28,28
31818,1,23.0,23,23
31819,1,19.0,19,19
31820,1,27.0,27,27
31821,1,27.0,27,27
31822,1,27.0,27,27
31823,1,26.0,26,26
31824,1,26.0,26,26
31825,1,28.0,28,28
31826,1,18.0,18,18
31827,1,28.0,28,28
31828,1,27.0,27,27
31829,1,21.0,21,21
31830,1,24.0,24,24
31831,1,14.0,14,14
31832,1,26.0,26,26
31833,1,20.0,20,20
31834,1,24.0,24,24
31835,1,27.0,27,27
31836,1,27.0,27,27
31837,1,26.0,26,26
31838,1,28.0,28,28
31839,1,17.0,17,17
31840,1,14.0,14,14
31841,1,7.0,7,7
31842,1,7.0,7,7
31843,1,8.0,8,8
31844,1,8.0,8,8
31861,1,21.0,21,21
31862,1,22.0,22,22
31863,1,19.0,19,19
31864,1,18.0,18,18
31865,1,18.0,18,18
31866,1,19.0,19,19
31911,1,34.0,34,34
31912,1,34.0,34,34
31913,1,34.0,34,34
31914,1,34.0,34,34
31915,1,34.0,34,34
31916,1,28.0,28,28
31917,1,34.0,34,34
31918,1,34.0,34,34
31919,1,34.0,34,34
31920,1,33.0,33,33
31921,1,34.0,34,34
31922,1,34.0,34,34
31923,1,34.0,34,34
31924,1,33.0,33,33
31925,1,33.0,33,33
31926,1,34.0,34,34
31927,1,34.0,34,34
31928,1,29.0,29,29
31929,1,34.0,34,34
32211,1,7.0,7,7
32212,1,7.0,7,7
32213,1,7.0,7,7
32214,1,7.0,7,7
32215,1,7.0,7,7
32216,1,7.0,7,7
32217,1,7.0,7,7
32218,1,7.0,7,7
32219,1,7.0,7,7
32220,1,7.0,7,7
32221,1,7.0,7,7
32222,1,7.0,7,7
32223,1,7.0,7,7
32224,1,7.0,7,7
32225,1,7.0,7,7
32226,1,7.0,7,7
32227,1,7.0,7,7
32228,1,7.0,7,7
32229,1,7.0,7,7
32230,1,7.0,7,7
32231,1,7.0,7,7
32232,1,7.0,7,7
32233,1,7.0,7,7
32234,1,7.0,7,7
32235,1,7.0,7,7
32236,1,7.0,7,7
32237,1,7.0,7,7
32238,1,7.0,7,7
32239,1,7.0,7,7
32240,1,7.0,7,7
32241,1,7.0,7,7
32242,1,7.0,7,7
32243,1,7.0,7,7
32244,1,7.0,7,7
32245,1,7.0,7,7
32246,1,7.0,7,7
32247,1,7.0,7,7
32248,1,7.0,7,7
32249,1,7.0,7,7
32250,1,7.0,7,7
32252,1,7.0,7,7
32411,1,11.0,11,11
32412,1,11.0,11,11
32413,1,11.0,11,11
32414,1,11.0,11,11
33061,1,24.0,24,24
33212,1,1.0,1,1
33231,1,5.0,5,5
33232,1,5.0,5,5
33262,1,7.0,7,7
33271,1,16.0,16,16
33282,1,25.0,25,25
33291,1,5.0,5,5
33311,1,17.0,17,17
33312,1,17.0,17,17
33313,1,17.0,17,17
33314,1,17.0,17,17
33315,1,17.0,17,17
33316,1,17.0,17,17
33317,1,17.0,17,17
33318,1,17.0,17,17
33319,1,17.0,17,17
33320,1,17.0,17,17
33321,1,17.0,17,17
33323,1,17.0,17,17
33325,1,17.0,17,17
33351,1,5.0,5,5
33357,1,1.0,1,1
33361,1,12.0,12,12
33362,1,10.0,10,10
33363,1,10.0,10,10
33364,1,10.0,10,10
33365,1,10.0,10,10
33366,1,10.0,10,10
33367,1,11.0,11,11
33382,1,8.0,8,8
33401,1,9.0,9,9
33402,1,9.0,9,9
33411,1,2.0,2,2
33412,1,2.0,2,2
33421,1,7.0,7,7
33422,1,7.0,7,7
33431,1,9.0,9,9
33432,1,9.0,9,9
33433,1,9.0,9,9
33434,1,9.0,9,9
33435,1,9.0,9,9
33436,1,9.0,9,9
33437,1,9.0,9,9
33438,1,9.0,9,9
33439,1,9.0,9,9
33440,1,9.0,9,9
33441,1,9.0,9,9
33443,1,9.0,9,9
33445,1,9.0,9,9
33447,1,9.0,9,9
33511,1,27.0,27,27
33512,1,27.0,27,27
33513,1,27.0,27,27
33514,1,27.0,27,27
33515,1,27.0,27,27
33516,1,23.0,23,23
33517,1,27.0,27,27
33518,1,24.0,24,24
33519,1,27.0,27,27
33520,1,27.0,27,27
33521,1,27.0,27,27
33522,1,27.0,27,27
33523,1,27.0,27,27
33524,1,22.0,22,22
33525,1,27.0,27,27
33526,1,27.0,27,27
33527,1,23.0,23,23
33528,1,22.0,22,22
33529,1,23.0,23,23
33530,1,27.0,27,27
33531,1,23.0,23,23
33532,1,27.0,27,27
33533,1,27.0,27,27
33534,1,23.0,23,23
33536,1,27.0,27,27
33538,1,22.0,22,22
33611,1,11.0,11,11
33612,1,11.0,11,11
33613,1,11.0,11,11
33614,1,11.0,11,11
33615,1,11.0,11,11
33616,1,11.0,11,11
33617,1,11.0,11,11
33618,1,11.0,11,11
33619,1,11.0,11,11
33620,1,11.0,11,11
33621,1,11.0,11,11
33622,1,9.0,9,9
33623,1,11.0,11,11
33624,1,11.0,11,11
33626,1,11.0,11,11
33628,1,11.0,11,11
33630,1,11.0,11,11
33651,1,15.0,15,15
33652,1,15.0,15,15
33653,1,15.0,15,15
33654,1,15.0,15,15
33655,1,15.0,15,15
33656,1,15.0,15,15
33657,1,15.0,15,15
33658,1,15.0,15,15
33659,1,15.0,15,15
33660,1,15.0,15,15
33664,1,15.0,15,15
33666,1,15.0,15,15
33681,1,18.0,18,18
33682,1,18.0,18,18
33685,1,18.0,18,18
33686,1,18.0,18,18
33687,1,18.0,18,18
33688,1,18.0,18,18
33711,1,6.0,6,6
33712,1,6.0,6,6
33713,1,7.0,7,7
33714,1,7.0,7,7
33715,1,6.0,6,6
33716,1,6.0,6,6
33717,1,6.0,6,6
33718,1,7.0,7,7
33719,1,6.0,6,6
33720,1,6.0,6,6
33721,1,7.0,7,7
33722,1,6.0,6,6
33723,1,6.0,6,6
33724,1,6.0,6,6
33725,1,6.0,6,6
33726,1,7.0,7,7
33727,1,6.0,6,6
33728,1,6.0,6,6
33729,1,7.0,7,7
33730,1,7.0,7,7
33731,1,6.0,6,6
33732,1,6.0,6,6
33733,1,7.0,7,7
33734,1,6.0,6,6
33735,1,7.0,7,7
33736,1,7.0,7,7
33737,1,6.0,6,6
33738,1,6.0,6,6
33739,1,7.0,7,7
33751,1,10.0,10,10
33752,1,10.0,10,10
33801,1,22.0,22,22
33802,1,22.0,22,22
33811,1,15.0,15,15
33812,1,21.0,21,21
33813,1,21.0,21,21
33814,1,19.0,19,19
33815,1,22.0,22,22
33816,1,20.0,20,20
33817,1,19.0,19,19
33818,1,22.0,22,22
33819,1,21.0,21,21
33820,1,20.0,20,20
33821,1,22.0,22,22
33822,1,22.0,22,22
33823,1,22.0,22,22
33824,1,22.0,22,22
33825,1,21.0,21,21
33826,1,22.0,22,22
33827,1,22.0,22,22
33828,1,22.0,22,22
33829,1,22.0,22,22
33830,1,22.0,22,22
33831,1,22.0,22,22
33832,1,21.0,21,21
33833,1,21.0,21,21
33834,1,22.0,22,22
33835,1,22.0,22,22
33836,1,21.0,21,21
33837,1,22.0,22,22
33838,1,22.0,22,22
33839,1,22.0,22,22
33840,1,22.0,22,22
33841,1,22.0,22,22
33842,1,22.0,22,22
33843,1,22.0,22,22
33844,1,21.0,21,21
33845,1,22.0,22,22
33846,1,22.0,22,22
33847,1,21.0,21,21
33848,1,21.0,21,21
33849,1,22.0,22,22
33850,1,22.0,22,22
33851,1,22.0,22,22
33852,1,21.0,21,21
33853,1,22.0,22,22
33854,1,20.0,20,20
33855,1,21.0,21,21
33856,1,15.0,15,15
33857,1,21.0,21,21
33858,1,21.0,21,21
33859,1,20.0,20,20
33860,1,22.0,22,22
33861,1,21.0,21,21
33863,1,22.0,22,22
33895,1,13.0,13,13
33896,1,13.0,13,13
34052,1,24.0,24,24
34054,1,24.0,24,24
34056,1,30.0,30,30
34062,1,39.0,39,39
34111,1,9.0,9,9
34112,1,9.0,9,9
34113,1,9.0,9,9
34114,1,9.0,9,9
34115,1,9.0,9,9
34116,1,9.0,9,9
34117,1,9.0,9,9
34118,1,9.0,9,9
34119,1,9.0,9,9
34120,1,9.0,9,9
34121,1,9.0,9,9
34122,1,9.0,9,9
34123,1,9.0,9,9
34124,1,9.0,9,9
34125,1,9.0,9,9
34126,1,9.0,9,9
34127,1,9.0,9,9
34128,1,9.0,9,9
34129,1,9.0,9,9
34130,1,9.0,9,9
34131,1,9.0,9,9
34132,1,9.0,9,9
34133,1,9.0,9,9
34134,1,9.0,9,9
34135,1,9.0,9,9
34136,1,9.0,9,9
34137,1,9.0,9,9
34138,1,9.0,9,9
34139,1,9.0,9,9
34140,1,9.0,9,9
34141,1,9.0,9,9
34142,1,9.0,9,9
34143,1,9.0,9,9
34144,1,9.0,9,9
34145,1,9.0,9,9
34146,1,9.0,9,9
34147,1,9.0,9,9
34148,1,9.0,9,9
34149,1,9.0,9,9
34150,1,9.0,9,9
34151,1,9.0,9,9
34152,1,9.0,9,9
34153,1,9.0,9,9
34154,1,9.0,9,9
34155,1,9.0,9,9
34156,1,9.0,9,9
34157,1,9.0,9,9
34158,1,9.0,9,9
34159,1,9.0,9,9
34160,1,9.0,9,9
34161,1,9.0,9,9
34162,1,9.0,9,9
34163,1,9.0,9,9
34164,1,9.0,9,9
34165,1,9.0,9,9
34166,1,9.0,9,9
34311,1,2.0,2,2
34312,1,2.0,2,2
34313,1,2.0,2,2
34331,1,11.0,11,11
34332,1,11.0,11,11
34334,1,11.0,11,11
34351,1,8.0,8,8
34352,1,8.0,8,8
34353,1,7.0,7,7
34354,1,7.0,7,7
34355,1,5.0,5,5
34356,1,7.0,7,7
34358,1,7.0,7,7
34360,1,8.0,8,8
34411,1,6.0,6,6
34412,1,6.0,6,6
34413,1,6.0,6,6
34414,1,6.0,6,6
34415,1,6.0,6,6
34416,1,6.0,6,6
34417,1,6.0,6,6
34418,1,6.0,6,6
34419,1,6.0,6,6
34420,1,6.0,6,6
34421,1,6.0,6,6
34422,1,6.0,6,6
34423,1,6.0,6,6
34424,1,6.0,6,6
34425,1,6.0,6,6
34426,1,6.0,6,6
34427,1,6.0,6,6
34428,1,6.0,6,6
34429,1,6.0,6,6
34430,1,6.0,6,6
34431,1,6.0,6,6
34432,1,6.0,6,6
34434,1,6.0,6,6
34436,1,7.0,7,7
34501,1,15.0,15,15
34502,1,15.0,15,15
34511,1,15.0,15,15
34512,1,14.0,14,14
34513,1,15.0,15,15
34514,1,15.0,15,15
34515,1,15.0,15,15
34516,1,14.0,14,14
34517,1,15.0,15,15
34518,1,15.0,15,15
34519,1,15.0,15,15
34520,1,15.0,15,15
34521,1,15.0,15,15
34522,1,15.0,15,15
34523,1,15.0,15,15
34524,1,15.0,15,15
34525,1,15.0,15,15
34526,1,15.0,15,15
34527,1,15.0,15,15
34528,1,15.0,15,15
34529,1,15.0,15,15
34530,1,15.0,15,15
34531,1,15.0,15,15
34532,1,15.0,15,15
34533,1,15.0,15,15
34534,1,15.0,15,15
34535,1,15.0,15,15
34536,1,15.0,15,15
34537,1,14.0,14,14
34538,1,15.0,15,15
34539,1,15.0,15,15
34540,1,15.0,15,15
34541,1,15.0,15,15
34542,1,15.0,15,15
34543,1,15.0,15,15
34544,1,14.0,14,14
34545,1,15.0,15,15
34546,1,15.0,15,15
34547,1,15.0,15,15
34548,1,15.0,15,15
34549,1,15.0,15,15
34550,1,15.0,15,15
34551,1,14.0,14,14
34552,1,15.0,15,15
34553,1,15.0,15,15
34554,1,15.0,15,15
34555,1,13.0,13,13
34557,1,15.0,15,15
34601,1,9.0,9,9
34602,1,9.0,9,9
34611,1,9.0,9,9
34612,1,9.0,9,9
34613,1,9.0,9,9
34614,1,9.0,9,9
34615,1,9.0,9,9
34616,1,9.0,9,9
34617,1,9.0,9,9
34618,1,9.0,9,9
34619,1,9.0,9,9
34620,1,9.0,9,9
34621,1,9.0,9,9
34622,1,9.0,9,9
34623,1,9.0,9,9
34624,1,9.0,9,9
34625,1,9.0,9,9
34626,1,8.0,8,8
34627,1,9.0,9,9
34628,1,9.0,9,9
34629,1,9.0,9,9
34630,1,9.0,9,9
34631,1,9.0,9,9
34632,1,9.0,9,9
34633,1,9.0,9,9
34634,1,9.0,9,9
34635,1,9.0,9,9
34636,1,9.0,9,9
34637,1,9.0,9,9
34638,1,9.0,9,9
34639,1,9.0,9,9
34640,1,9.0,9,9
34641,1,9.0,9,9
34642,1,9.0,9,9
34643,1,9.0,9,9
34644,1,9.0,9,9
34645,1,9.0,9,9
34646,1,9.0,9,9
34647,1,9.0,9,9
34648,1,9.0,9,9
34711,1,17.0,17,17
34712,1,17.0,17,17
34713,1,19.0,19,19
34714,1,18.0,18,18
34715,1,21.0,21,21
34716,1,19.0,19,19
34717,1,19.0,19,19
34718,1,19.0,19,19
34719,1,20.0,20,20
34720,1,21.0,21,21
34721,1,21.0,21,21
34722,1,21.0,21,21
34723,1,21.0,21,21
34724,1,21.0,21,21
34725,1,20.0,20,20
34726,1,21.0,21,21
34727,1,21.0,21,21
34728,1,19.0,19,19
34729,1,21.0,21,21
34730,1,21.0,21,21
34731,1,21.0,21,21
34732,1,21.0,21,21
34733,1,20.0,20,20
34734,1,21.0,21,21
34735,1,19.0,19,19
34736,1,21.0,21,21
34737,1,21.0,21,21
34738,1,21.0,21,21
34739,1,19.0,19,19
34740,1,21.0,21,21
34741,1,21.0,21,21
34742,1,21.0,21,21
34743,1,21.0,21,21
34744,1,21.0,21,21
34745,1,21.0,21,21
34746,1,21.0,21,21
34747,1,19.0,19,19
34748,1,19.0,19,19
34749,1,21.0,21,21
34750,1,19.0,19,19
34751,1,19.0,19,19
34752,1,19.0,19,19
34753,1,19.0,19,19
34754,1,19.0,19,19
34755,1,19.0,19,19
34757,1,19.0,19,19
34782,1,27.0,27,27
34791,1,21.0,21,21
34792,1,28.0,28,28
34793,1,28.0,28,28
34794,1,19.0,19,19
34811,1,17.0,17,17
34812,1,13.0,13,13
34813,1,22.0,22,22
34814,1,22.0,22,22
34815,1,20.0,20,20
34816,1,20.0,20,20
34817,1,22.0,22,22
34818,1,22.0,22,22
34819,1,22.0,22,22
34820,1,22.0,22,22
34821,1,22.0,22,22
34822,1,15.0,15,15
34823,1,22.0,22,22
34824,1,22.0,22,22
34825,1,22.0,22,22
34826,1,22.0,22,22
34827,1,22.0,22,22
34828,1,22.0,22,22
34829,1,15.0,15,15
34830,1,22.0,22,22
34831,1,22.0,22,22
34832,1,20.0,20,20
34833,1,20.0,20,20
34834,1,22.0,22,22
34835,1,22.0,22,22
34836,1,22.0,22,22
34837,1,22.0,22,22
34838,1,22.0,22,22
34839,1,22.0,22,22
34840,1,22.0,22,22
34841,1,22.0,22,22
34842,1,22.0,22,22
34843,1,22.0,22,22
34844,1,22.0,22,22
34845,1,22.0,22,22
34846,1,22.0,22,22
34847,1,22.0,22,22
34848,1,22.0,22,22
34849,1,20.0,20,20
34850,1,20.0,20,20
34851,1,21.0,21,21
34852,1,22.0,22,22
34853,1,22.0,22,22
34854,1,22.0,22,22
34855,1,20.0,20,20
34856,1,21.0,21,21
34857,1,19.0,19,19
34858,1,18.0,18,18
34859,1,22.0,22,22
34860,1,22.0,22,22
34881,1,15.0,15,15
34882,1,15.0,15,15
34891,1,12.0,12,12
34892,1,12.0,12,12
34898,1,14.0,14,14
34899,1,14.0,14,14
34911,1,6.0,6,6
34912,1,6.0,6,6
34913,1,6.0,6,6
34914,1,6.0,6,6
34915,1,6.0,6,6
34916,1,6.0,6,6
34917,1,6.0,6,6
34918,1,6.0,6,6
34919,1,6.0,6,6
34920,1,6.0,6,6
34921,1,6.0,6,6
34922,1,6.0,6,6
34923,1,6.0,6,6
34924,1,6.0,6,6
34925,1,6.0,6,6
34926,1,6.0,6,6
34927,1,6.0,6,6
34928,1,6.0,6,6
34929,1,6.0,6,6
34930,1,6.0,6,6
34931,1,6.0,6,6
34932,1,6.0,6,6
34933,1,6.0,6,6
34934,1,6.0,6,6
34981,1,5.0,5,5
35011,1,7.0,7,7
35012,1,7.0,7,7
35013,1,7.0,7,7
35014,1,7.0,7,7
35015,1,7.0,7,7
35016,1,7.0,7,7
35017,1,13.0,13,13
35018,1,13.0,13,13
35019,1,7.0,7,7
35020,1,7.0,7,7
35021,1,7.0,7,7
35022,1,7.0,7,7
36011,1,7.0,7,7
36012,1,7.0,7,7
36031,1,12.0,12,12
36032,1,12.0,12,12
36033,1,12.0,12,12
36034,1,12.0,12,12
36035,1,12.0,12,12
36036,1,12.0,12,12
36037,1,12.0,12,12
36038,1,12.0,12,12
36071,1,16.0,16,16
36072,1,16.0,16,16
36081,1,20.0,20,20
36082,1,22.0,22,22
36083,1,22.0,22,22
36084,1,22.0,22,22
36085,1,22.0,22,22
36086,1,22.0,22,22
36087,1,22.0,22,22
36088,1,20.0,20,20
36811,1,27.0,27,27
36812,1,23.0,23,23
36813,1,25.0,25,25
36814,1,27.0,27,27
36815,1,28.0,28,28
36816,1,26.0,26,26
36817,1,26.0,26,26
36818,1,25.0,25,25
36819,1,27.0,27,27
36820,1,27.0,27,27
36821,1,27.0,27,27
36822,1,27.0,27,27
36823,1,27.0,27,27
36824,1,26.0,26,26
36825,1,24.0,24,24
36826,1,27.0,27,27
36827,1,27.0,27,27
36828,1,27.0,27,27
36829,1,27.0,27,27
36830,1,0.0,0,0
36831,1,28.0,28,28
36832,1,27.0,27,27
36833,1,27.0,27,27
36834,1,26.0,26,26
36835,1,6.0,6,6
36836,1,27.0,27,27
36837,1,27.0,27,27
36838,1,27.0,27,27
36839,1,27.0,27,27
36840,1,27.0,27,27
36841,1,27.0,27,27
36842,1,26.0,26,26
36843,1,26.0,26,26
36844,1,28.0,28,28
36845,1,26.0,26,26
36846,1,28.0,28,28
36847,1,27.0,27,27
36848,1,27.0,27,27
36849,1,27.0,27,27
36850,1,27.0,27,27
36851,1,24.0,24,24
36852,1,27.0,27,27
36853,1,28.0,28,28
36854,1,27.0,27,27
36855,1,27.0,27,27
36856,1,27.0,27,27
36858,1,27.0,27,27
36860,1,28.0,28,28
37011,1,7.0,7,7
37012,1,7.0,7,7
37013,1,7.0,7,7
37014,1,7.0,7,7
37017,1,7.0,7,7
37018,1,7.0,7,7
37019,1,7.0,7,7
37020,1,7.0,7,7
37021,1,7.0,7,7
37022,1,7.0,7,7
37041,1,8.0,8,8
37042,1,8.0,8,8
37043,1,8.0,8,8
37044,1,8.0,8,8
37045,1,8.0,8,8
37046,1,8.0,8,8
37047,1,8.0,8,8
37048,1,8.0,8,8
37049,1,8.0,8,8
37050,1,8.0,8,8
37053,1,8.0,8,8
37054,1,8.0,8,8
37055,1,8.0,8,8
37056,1,8.0,8,8
37057,1,8.0,8,8
37058,1,8.0,8,8
37060,1,8.0,8,8
37061,1,8.0,8,8
37062,1,8.0,8,8
37063,1,8.0,8,8
37064,1,8.0,8,8
37065,1,8.0,8,8
37066,1,8.0,8,8
37067,1,8.0,8,8
37068,1,8.0,8,8
37111,1,0.0,0,0
37112,1,1.0,1,1
37113,1,0.0,0,0
37114,1,1.0,1,1
37115,1,0.0,0,0
37116,1,1.0,1,1
37117,1,0.0,0,0
37118,1,1.0,1,1
37119,1,0.0,0,0
37120,1,1.0,1,1
37121,1,0.0,0,0
37122,1,1.0,1,1
37201,1,15.0,15,15
37202,1,15.0,15,15
37211,1,15.0,15,15
37212,1,15.0,15,15
37213,1,15.0,15,15
37214,1,15.0,15,15
37215,1,15.0,15,15
37216,1,15.0,15,15
37217,1,15.0,15,15
37218,1,15.0,15,15
37219,1,15.0,15,15
37220,1,15.0,15,15
37221,1,15.0,15,15
37222,1,15.0,15,15
37223,1,15.0,15,15
37224,1,15.0,15,15
37225,1,15.0,15,15
37226,1,15.0,15,15
37227,1,15.0,15,15
37228,1,15.0,15,15
37229,1,15.0,15,15
37230,1,15.0,15,15
37231,1,15.0,15,15
37232,1,15.0,15,15
37233,1,15.0,15,15
37234,1,15.0,15,15
37235,1,15.0,15,15
37236,1,15.0,15,15
37237,1,15.0,15,15
37238,1,15.0,15,15
37239,1,15.0,15,15
37240,1,15.0,15,15
37241,1,15.0,15,15
37242,1,15.0,15,15
37243,1,15.0,15,15
37244,1,15.0,15,15
37245,1,15.0,15,15
37246,1,15.0,15,15
37247,1,15.0,15,15
37248,1,15.0,15,15
37249,1,15.0,15,15
37250,1,15.0,15,15
37251,1,15.0,15,15
37252,1,15.0,15,15
37253,1,15.0,15,15
37254,1,15.0,15,15
37255,1,15.0,15,15
37256,1,15.0,15,15
37257,1,15.0,15,15
37258,1,15.0,15,15
37259,1,15.0,15,15
37260,1,15.0,15,15
37261,1,15.0,15,15
37262,1,15.0,15,15
37263,1,15.0,15,15
37264,1,15.0,15,15
37265,1,15.0,15,15
37266,1,15.0,15,15
37267,1,15.0,15,15
37268,1,15.0,15,15
37269,1,15.0,15,15
37270,1,15.0,15,15
37271,1,15.0,15,15
37272,1,15.0,15,15
37273,1,15.0,15,15
37274,1,15.0,15,15
37275,1,15.0,15,15
37276,1,15.0,15,15
37277,1,15.0,15,15
37278,1,15.0,15,15
37279,1,15.0,15,15
37280,1,15.0,15,15
37281,1,15.0,15,15
37282,1,15.0,15,15
37283,1,15.0,15,15
37284,1,15.0,15,15
37285,1,15.0,15,15
37286,1,15.0,15,15
37287,1,15.0,15,15
37288,1,15.0,15,15
37289,1,15.0,15,15
37290,1,15.0,15,15
37291,1,15.0,15,15
37303,1,11.0,11,11
37304,1,11.0,11,11
37305,1,11.0,11,11
37306,1,11.0,11,11
37307,1,15.0,15,15
37308,1,15.0,15,15
37311,1,19.0,19,19
37312,1,19.0,19,19
37313,1,19.0,19,19
37314,1,19.0,19,19
37315,1,19.0,19,19
37316,1,19.0,19,19
37317,1,19.0,19,19
37318,1,19.0,19,19
37319,1,19.0,19,19
37320,1,18.0,18,18
37321,1,19.0,19,19
37322,1,16.0,16,16
37323,1,19.0,19,19
37324,1,19.0,19,19
37325,1,19.0,19,19
37326,1,19.0,19,19
37327,1,19.0,19,19
37328,1,19.0,19,19
37329,1,19.0,19,19
37330,1,19.0,19,19
37331,1,19.0,19,19
37332,1,19.0,19,19
37333,1,19.0,19,19
37334,1,19.0,19,19
37335,1,19.0,19,19
37336,1,19.0,19,19
37337,1,19.0,19,19
37338,1,19.0,19,19
37339,1,19.0,19,19
37340,1,19.0,19,19
37341,1,19.0,19,19
37342,1,19.0,19,19
37343,1,19.0,19,19
37344,1,19.0,19,19
37345,1,19.0,19,19
37346,1,19.0,19,19
37347,1,19.0,19,19
37348,1,19.0,19,19
37349,1,19.0,19,19
37350,1,19.0,19,19
37351,1,19.0,19,19
37352,1,19.0,19,19
37354,1,19.0,19,19
37361,1,21.0,21,21
37362,1,21.0,21,21
37363,1,21.0,21,21
37364,1,21.0,21,21
37365,1,21.0,21,21
37366,1,21.0,21,21
37367,1,21.0,21,21
37368,1,21.0,21,21
37371,1,21.0,21,21
37372,1,20.0,20,20
37373,1,21.0,21,21
37374,1,21.0,21,21
37375,1,21.0,21,21
37376,1,21.0,21,21
37378,1,21.0,21,21
37379,1,21.0,21,21
37385,1,1.0,1,1
37386,1,1.0,1,1
37387,1,3.0,3,3
37388,1,3.0,3,3
37389,1,1.0,1,1
37390,1,1.0,1,1
37391,1,3.0,3,3
37392,1,1.0,1,1
37394,1,3.0,3,3
37411,1,10.0,10,10
37412,1,10.0,10,10
37413,1,10.0,10,10
37414,1,10.0,10,10
37511,1,12.0,12,12
37512,1,12.0,12,12
37521,1,2.0,2,2
37522,1,2.0,2,2
37523,1,2.0,2,2
37524,1,2.0,2,2
37525,1,2.0,2,2
37526,1,2.0,2,2
37527,1,2.0,2,2
37528,1,2.0,2,2
37529,1,2.0,2,2
37530,1,2.0,2,2
37531,1,2.0,2,2
37532,1,2.0,2,2
37533,1,2.0,2,2
37534,1,2.0,2,2
37535,1,2.0,2,2
37536,1,2.0,2,2
37537,1,2.0,2,2
37538,1,2.0,2,2
37539,1,2.0,2,2
37540,1,2.0,2,2
37541,1,2.0,2,2
37542,1,2.0,2,2
37543,1,2.0,2,2
37544,1,2.0,2,2
37545,1,2.0,2,2
37546,1,2.0,2,2
37547,1,2.0,2,2
37548,1,2.0,2,2
37549,1,2.0,2,2
37550,1,2.0,2,2
37551,1,2.0,2,2
37552,1,2.0,2,2
37553,1,2.0,2,2
37554,1,2.0,2,2
37555,1,2.0,2,2
37556,1,2.0,2,2
37557,1,2.0,2,2
37558,1,2.0,2,2
37611,1,18.0,18,18
37612,1,13.0,13,13
37614,1,18.0,18,18
37651,1,16.0,16,16
37652,1,16.0,16,16
37653,1,26.0,26,26
37654,1,26.0,26,26
37655,1,26.0,26,26
37656,1,26.0,26,26
37657,1,26.0,26,26
37658,1,26.0,26,26
37711,1,4.0,4,4
37731,1,10.0,10,10
37732,1,10.0,10,10
37741,1,25.0,25,25
37742,1,23.0,23,23
37743,1,22.0,22,22
37744,1,26.0,26,26
37745,1,24.0,24,24
37746,1,25.0,25,25
37747,1,25.0,25,25
37748,1,26.0,26,26
37750,1,26.0,26,26
37751,1,26.0,26,26
37752,1,26.0,26,26
37753,1,26.0,26,26
37754,1,23.0,23,23
37756,1,26.0,26,26
37757,1,22.0,22,22
37758,1,23.0,23,23
37781,1,16.0,16,16
37782,1,16.0,16,16
37783,1,16.0,16,16
37784,1,16.0,16,16
37785,1,16.0,16,16
37786,1,16.0,16,16
37811,1,32.0,32,32
37812,1,30.0,30,30
37813,1,32.0,32,32
37814,1,32.0,32,32
37815,1,25.0,25,25
37816,1,32.0,32,32
37817,1,32.0,32,32
37818,1,32.0,32,32
37819,1,32.0,32,32
37820,1,32.0,32,32
37821,1,32.0,32,32
37822,1,1.0,1,1
37823,1,32.0,32,32
37824,1,26.0,26,26
37825,1,32.0,32,32
37826,1,20.0,20,20
37827,1,32.0,32,32
37828,1,25.0,25,25
37829,1,32.0,32,32
37830,1,25.0,25,25
37831,1,28.0,28,28
37832,1,32.0,32,32
37833,1,31.0,31,31
37834,1,32.0,32,32
37835,1,19.0,19,19
37836,1,32.0,32,32
37837,1,25.0,25,25
37838,1,32.0,32,32
37839,1,27.0,27,27
37840,1,32.0,32,32
37841,1,20.0,20,20
37842,1,32.0,32,32
37843,1,1.0,1,1
37844,1,20.0,20,20
37845,1,28.0,28,28
37846,1,31.0,31,31
37847,1,25.0,25,25
37848,1,32.0,32,32
37849,1,9.0,9,9
37850,1,32.0,32,32
37851,1,32.0,32,32
37852,1,32.0,32,32
37853,1,28.0,28,28
37854,1,32.0,32,32
37855,1,32.0,32,32
37857,1,32.0,32,32
37911,1,42.0,42,42
37912,1,39.0,39,39
37913,1,42.0,42,42
37914,1,27.0,27,27
37915,1,28.0,28,28
37916,1,29.0,29,29
37917,1,42.0,42,42
37918,1,42.0,42,42
37919,1,31.0,31,31
37920,1,28.0,28,28
37921,1,37.0,37,37
37922,1,42.0,42,42
37923,1,29.0,29,29
37924,1,28.0,28,28
37925,1,27.0,27,27
37926,1,42.0,42,42
37927,1,39.0,39,39
37928,1,38.0,38,38
38031,1,1.0,1,1
38032,1,1.0,1,1
38033,1,1.0,1,1
38034,1,1.0,1,1
38036,1,1.0,1,1
38051,1,36.0,36,36
38052,1,24.0,24,24
38053,1,19.0,19,19
38054,1,12.0,12,12
38055,1,12.0,12,12
38056,1,18.0,18,18
38057,1,32.0,32,32
38058,1,24.0,24,24
38101,1,7.0,7,7
38102,1,7.0,7,7
38103,1,11.0,11,11
38104,1,11.0,11,11
38105,1,12.0,12,12
38106,1,11.0,11,11
38107,1,7.0,7,7
38108,1,11.0,11,11
38202,1,14.0,14,14
38204,1,14.0,14,14
38206,1,10.0,10,10
38301,1,15.0,15,15
38302,1,18.0,18,18
38303,1,19.0,19,19
38304,1,18.0,18,18
38305,1,16.0,16,16
38306,1,18.0,18,18
38307,1,18.0,18,18
38308,1,18.0,18,18
38310,1,16.0,16,16
38312,1,18.0,18,18
38314,1,18.0,18,18
38316,1,14.0,14,14
38318,1,18.0,18,18
38321,1,18.0,18,18
38401,1,23.0,23,23
38402,1,22.0,22,22
38403,1,23.0,23,23
38404,1,22.0,22,22
38405,1,23.0,23,23
38406,1,22.0,22,22
38407,1,19.0,19,19
38408,1,22.0,22,22
38409,1,23.0,23,23
38410,1,22.0,22,22
38411,1,22.0,22,22
38412,1,22.0,22,22
38413,1,23.0,23,23
38414,1,22.0,22,22
38416,1,22.0,22,22
38419,1,23.0,23,23
38421,1,22.0,22,22
38423,1,22.0,22,22
38425,1,22.0,22,22
38427,1,21.0,21,21
38431,1,22.0,22,22
38433,1,21.0,21,21
38437,1,22.0,22,22
38447,1,22.0,22,22
38449,1,22.0,22,22
38451,1,22.0,22,22
38452,1,22.0,22,22
38453,1,22.0,22,22
38454,1,22.0,22,22
38455,1,22.0,22,22
38456,1,22.0,22,22
38501,1,27.0,27,27
38502,1,27.0,27,27
38601,1,18.0,18,18
38602,1,17.0,17,17
38701,1,15.0,15,15
38702,1,31.0,31,31
38703,1,32.0,32,32
38704,1,31.0,31,31
38705,1,31.0,31,31
38706,1,30.0,30,30
38707,1,32.0,32,32
38708,1,31.0,31,31
38709,1,27.0,27,27
38710,1,31.0,31,31
38711,1,30.0,30,30
38713,1,31.0,31,31
38719,1,31.0,31,31
38726,1,31.0,31,31
38728,1,29.0,29,29
38730,1,25.0,25,25
38801,1,28.0,28,28
38802,1,34.0,34,34
38803,1,34.0,34,34
38804,1,32.0,32,32
38805,1,35.0,35,35
38806,1,12.0,12,12
38807,1,35.0,35,35
38808,1,24.0,24,24
38809,1,35.0,35,35
38810,1,34.0,34,34
38811,1,35.0,35,35
38812,1,34.0,34,34
38813,1,34.0,34,34
38814,1,34.0,34,34
38815,1,32.0,32,32
38816,1,31.0,31,31
38817,1,31.0,31,31
38818,1,34.0,34,34
38819,1,33.0,33,33
38820,1,34.0,34,34
38821,1,17.0,17,17
38822,1,31.0,31,31
38823,1,22.0,22,22
38824,1,27.0,27,27
38825,1,11.0,11,11
38826,1,34.0,34,34
38827,1,22.0,22,22
38828,1,34.0,34,34
38829,1,24.0,24,24
38830,1,34.0,34,34
38831,1,32.0,32,32
38832,1,2.0,2,2
38902,1,15.0,15,15
38905,1,19.0,19,19
38908,1,19.0,19,19
38909,1,19.0,19,19
38923,1,19.0,19,19
38924,1,19.0,19,19
40001,1,16.0,16,16
40002,1,16.0,16,16
40003,1,16.0,16,16
40004,1,16.0,16,16
40005,1,4.0,4,4
40006,1,16.0,16,16
40007,1,16.0,16,16
40008,1,16.0,16,16
40009,1,16.0,16,16
40010,1,16.0,16,16
40011,1,16.0,16,16
40012,1,16.0,16,16
40013,1,16.0,16,16
40014,1,16.0,16,16
40015,1,16.0,16,16
40016,1,16.0,16,16
40017,1,16.0,16,16
40018,1,16.0,16,16
40019,1,13.0,13,13
40020,1,16.0,16,16
40021,1,1.0,1,1
40022,1,16.0,16,16
40023,1,16.0,16,16
40025,1,16.0,16,16
40026,1,16.0,16,16
40027,1,16.0,16,16
40028,1,16.0,16,16
40029,1,16.0,16,16
40030,1,16.0,16,16
40031,1,16.0,16,16
40032,1,16.0,16,16
40033,1,16.0,16,16
40034,1,16.0,16,16
40035,1,16.0,16,16
40036,1,16.0,16,16
40037,1,16.0,16,16
40038,1,16.0,16,16
40039,1,16.0,16,16
40040,1,16.0,16,16
40041,1,16.0,16,16
40042,1,0.0,0,0
40043,1,16.0,16,16
40044,1,0.0,0,0
40045,1,16.0,16,16
40046,1,16.0,16,16
40047,1,16.0,16,16
40048,1,16.0,16,16
40049,1,16.0,16,16
40050,1,16.0,16,16
40051,1,16.0,16,16
40052,1,0.0,0,0
40053,1,16.0,16,16
40054,1,16.0,16,16
40055,1,16.0,16,16
40056,1,16.0,16,16
40057,1,16.0,16,16
40058,1,16.0,16,16
40059,1,16.0,16,16
40060,1,16.0,16,16
40061,1,16.0,16,16
40062,1,16.0,16,16
40063,1,16.0,16,16
40064,1,16.0,16,16
40065,1,16.0,16,16
40066,1,16.0,16,16
40067,1,16.0,16,16
40068,1,16.0,16,16
40069,1,16.0,16,16
40070,1,16.0,16,16
40071,1,16.0,16,16
40072,1,16.0,16,16
40073,1,16.0,16,16
40074,1,0.0,0,0
40075,1,16.0,16,16
40076,1,0.0,0,0
40077,1,16.0,16,16
40078,1,0.0,0,0
40079,1,16.0,16,16
40080,1,0.0,0,0
40081,1,16.0,16,16
40082,1,0.0,0,0
40083,1,16.0,16,16
40084,1,0.0,0,0
40085,1,16.0,16,16
40086,1,0.0,0,0
40087,1,16.0,16,16
40088,1,0.0,0,0
40089,1,16.0,16,16
40090,1,0.0,0,0
40091,1,16.0,16,16
40092,1,0.0,0,0
40093,1,16.0,16,16
40094,1,0.0,0,0
40095,1,16.0,16,16
40096,1,0.0,0,0
40097,1,16.0,16,16
40098,1,0.0,0,0
40099,1,16.0,16,16
40100,1,0.0,0,0
40101,1,16.0,16,16
40102,1,0.0,0,0
40103,1,16.0,16,16
40104,1,0.0,0,0
40105,1,16.0,16,16
40106,1,0.0,0,0
40107,1,16.0,16,16
40108,1,0.0,0,0
40109,1,16.0,16,16
40110,1,0.0,0,0
40111,1,16.0,16,16
40112,1,0.0,0,0
40113,1,16.0,16,16
40114,1,0.0,0,0
40115,1,16.0,16,16
40116,1,0.0,0,0
40117,1,16.0,16,16
40118,1,0.0,0,0
40119,1,16.0,16,16
40120,1,0.0,0,0
40121,1,16.0,16,16
40122,1,0.0,0,0
40123,1,16.0,16,16
40124,1,0.0,0,0
40125,1,16.0,16,16
40126,1,0.0,0,0
40127,1,16.0,16,16
40128,1,0.0,0,0
40129,1,16.0,16,16
40130,1,0.0,0,0
40131,1,16.0,16,16
40132,1,0.0,0,0
40133,1,16.0,16,16
40134,1,0.0,0,0
40135,1,16.0,16,16
40136,1,0.0,0,0
40137,1,16.0,16,16
40138,1,4.0,4,4
40139,1,16.0,16,16
40140,1,4.0,4,4
40141,1,16.0,16,16
40142,1,4.0,4,4
40143,1,16.0,16,16
40144,1,0.0,0,0
40145,1,16.0,16,16
40146,1,0.0,0,0
40147,1,16.0,16,16
40148,1,0.0,0,0
40150,1,0.0,0,0
40151,1,16.0,16,16
40152,1,4.0,4,4
40153,1,16.0,16,16
40154,1,0.0,0,0
40155,1,16.0,16,16
40156,1,0.0,0,0
40157,1,16.0,16,16
40158,1,0.0,0,0
40301,1,16.0,16,16
40302,1,0.0,0,0
40303,1,16.0,16,16
40304,1,0.0,0,0
40305,1,16.0,16,16
40306,1,0.0,0,0
40307,1,16.0,16,16
40308,1,0.0,0,0
40309,1,16.0,16,16
40310,1,0.0,0,0
40311,1,16.0,16,16
40312,1,4.0,4,4
40313,1,16.0,16,16
40314,1,0.0,0,0
40315,1,16.0,16,16
40316,1,0.0,0,0
40317,1,16.0,16,16
40318,1,0.0,0,0
40319,1,16.0,16,16
40320,1,0.0,0,0
40321,1,16.0,16,16
40322,1,0.0,0,0
40323,1,16.0,16,16
40324,1,4.0,4,4
40325,1,16.0,16,16
40326,1,0.0,0,0
40327,1,16.0,16,16
40328,1,0.0,0,0
40329,1,16.0,16,16
40330,1,0.0,0,0
40331,1,16.0,16,16
40332,1,0.0,0,0
40333,1,16.0,16,16
40334,1,0.0,0,0
40335,1,16.0,16,16
40336,1,0.0,0,0
40337,1,16.0,16,16
40338,1,0.0,0,0
40339,1,16.0,16,16
40340,1,0.0,0,0
40341,1,16.0,16,16
40342,1,0.0,0,0
40343,1,16.0,16,16
40344,1,4.0,4,4
40345,1,16.0,16,16
40346,1,0.0,0,0
40347,1,16.0,16,16
40348,1,0.0,0,0
40349,1,16.0,16,16
40350,1,0.0,0,0
40351,1,16.0,16,16
40352,1,0.0,0,0
40353,1,16.0,16,16
40354,1,0.0,0,0
40355,1,16.0,16,16
40356,1,0.0,0,0
40357,1,16.0,16,16
40358,1,0.0,0,0
40359,1,16.0,16,16
40360,1,0.0,0,0
40361,1,16.0,16,16
40362,1,0.0,0,0
40363,1,16.0,16,16
40364,1,0.0,0,0
40365,1,16.0,16,16
40366,1,0.0,0,0
40367,1,16.0,16,16
40368,1,0.0,0,0
40369,1,16.0,16,16
40370,1,0.0,0,0
40371,1,16.0,16,16
40372,1,4.0,4,4
40373,1,16.0,16,16
40374,1,0.0,0,0
40375,1,16.0,16,16
40376,1,0.0,0,0
40377,1,16.0,16,16
40378,1,0.0,0,0
40379,1,16.0,16,16
40380,1,0.0,0,0
40381,1,16.0,16,16
40382,1,0.0,0,0
40383,1,16.0,16,16
40384,1,0.0,0,0
40385,1,16.0,16,16
40386,1,0.0,0,0
40387,1,16.0,16,16
40388,1,0.0,0,0
40389,1,16.0,16,16
40390,1,0.0,0,0
40391,1,16.0,16,16
40392,1,0.0,0,0
40393,1,16.0,16,16
40394,1,0.0,0,0
40395,1,16.0,16,16
40396,1,0.0,0,0
40397,1,16.0,16,16
40398,1,0.0,0,0
40399,1,16.0,16,16
40400,1,0.0,0,0
40401,1,16.0,16,16
40402,1,0.0,0,0
40403,1,16.0,16,16
40404,1,0.0,0,0
40405,1,16.0,16,16
40406,1,0.0,0,0
40407,1,16.0,16,16
40408,1,0.0,0,0
40409,1,16.0,16,16
40410,1,0.0,0,0
40411,1,16.0,16,16
40412,1,0.0,0,0
40413,1,16.0,16,16
40414,1,0.0,0,0
40415,1,16.0,16,16
40416,1,0.0,0,0
40417,1,16.0,16,16
40418,1,4.0,4,4
40419,1,16.0,16,16
40420,1,0.0,0,0
40421,1,16.0,16,16
40422,1,0.0,0,0
40501,1,0.0,0,0
40502,1,0.0,0,0
40503,1,0.0,0,0
40504,1,4.0,4,4
40505,1,0.0,0,0
40506,1,1.0,1,1
40507,1,0.0,0,0
40508,1,1.0,1,1
40509,1,1.0,1,1
40510,1,0.0,0,0
40511,1,0.0,0,0
40512,1,1.0,1,1
40513,1,0.0,0,0
40514,1,1.0,1,1
40515,1,0.0,0,0
40516,1,0.0,0,0
40517,1,0.0,0,0
40518,1,1.0,1,1
40519,1,1.0,1,1
40520,1,0.0,0,0
40522,1,0.0,0,0
40523,1,0.0,0,0
40524,1,1.0,1,1
40525,1,1.0,1,1
40526,1,1.0,1,1
40527,1,0.0,0,0
40528,1,0.0,0,0
40529,1,1.0,1,1
40531,1,1.0,1,1
40532,1,9.0,9,9
40533,1,1.0,1,1
40534,1,5.0,5,5
40535,1,0.0,0,0
40536,1,0.0,0,0
40538,1,0.0,0,0
40539,1,1.0,1,1
40540,1,0.0,0,0
40541,1,0.0,0,0
40542,1,0.0,0,0
40543,1,1.0,1,1
40544,1,0.0,0,0
40545,1,1.0,1,1
40547,1,1.0,1,1
40548,1,0.0,0,0
40549,1,1.0,1,1
40550,1,1.0,1,1
40551,1,9.0,9,9
40552,1,0.0,0,0
40553,1,5.0,5,5
40554,1,0.0,0,0
40555,1,1.0,1,1
40556,1,1.0,1,1
40557,1,0.0,0,0
40558,1,7.0,7,7
40559,1,1.0,1,1
40560,1,9.0,9,9
40561,1,1.0,1,1
40562,1,1.0,1,1
40563,1,0.0,0,0
40564,1,0.0,0,0
40565,1,1.0,1,1
40566,1,0.0,0,0
40567,1,1.0,1,1
40568,1,8.0,8,8
40569,1,5.0,5,5
40570,1,1.0,1,1
40571,1,1.0,1,1
40572,1,0.0,0,0
40573,1,1.0,1,1
40574,1,1.0,1,1
40601,1,9.0,9,9
40602,1,1.0,1,1
40603,1,9.0,9,9
40604,1,9.0,9,9
40605,1,9.0,9,9
40606,1,9.0,9,9
40607,1,0.0,0,0
40608,1,1.0,1,1
40609,1,1.0,1,1
40610,1,9.0,9,9
40612,1,7.0,7,7
40613,1,0.0,0,0
40614,1,0.0,0,0
40615,1,9.0,9,9
40616,1,0.0,0,0
40617,1,0.0,0,0
40618,1,9.0,9,9
40619,1,0.0,0,0
40621,1,0.0,0,0
40622,1,0.0,0,0
40623,1,0.0,0,0
40624,1,0.0,0,0
40625,1,1.0,1,1
40626,1,0.0,0,0
40627,1,0.0,0,0
40628,1,9.0,9,9
40629,1,0.0,0,0
40630,1,9.0,9,9
40631,1,9.0,9,9
40632,1,0.0,0,0
40633,1,0.0,0,0
40634,1,0.0,0,0
40635,1,0.0,0,0
40636,1,2.0,2,2
40637,1,8.0,8,8
40638,1,0.0,0,0
40639,1,0.0,0,0
40640,1,9.0,9,9
40641,1,0.0,0,0
40642,1,0.0,0,0
40643,1,9.0,9,9
40644,1,1.0,1,1
40645,1,9.0,9,9
40646,1,0.0,0,0
40647,1,9.0,9,9
40648,1,0.0,0,0
40649,1,1.0,1,1
40650,1,1.0,1,1
40651,1,0.0,0,0
40652,1,0.0,0,0
40653,1,0.0,0,0
40654,1,0.0,0,0
40655,1,9.0,9,9
40656,1,1.0,1,1
40657,1,0.0,0,0
40658,1,0.0,0,0
40659,1,0.0,0,0
40660,1,9.0,9,9
40661,1,0.0,0,0
40662,1,1.0,1,1
40663,1,0.0,0,0
40664,1,0.0,0,0
40665,1,9.0,9,9
40666,1,0.0,0,0
40701,1,1.0,1,1
40702,1,2.0,2,2
40704,1,2.0,2,2
40705,1,13.0,13,13
40706,1,8.0,8,8
40707,1,6.0,6,6
40708,1,6.0,6,6
40709,1,3.0,3,3
40711,1,5.0,5,5
40712,1,10.0,10,10
40751,1,2.0,2,2
40752,1,4.0,4,4
40754,1,3.0,3,3
40755,1,13.0,13,13
40756,1,6.0,6,6
40757,1,12.0,12,12
40758,1,2.0,2,2
40759,1,1.0,1,1
40761,1,0.0,0,0
40762,1,2.0,2,2
40801,1,1.0,1,1
40802,1,4.0,4,4
40803,1,4.0,4,4
40804,1,12.0,12,12
40901,1,8.0,8,8
40902,1,8.0,8,8
41001,1,1.0,1,1
41003,1,1.0,1,1
41006,1,1.0,1,1
41008,1,1.0,1,1
41009,1,1.0,1,1
41012,1,1.0,1,1
41013,1,1.0,1,1
41014,1,1.0,1,1
41015,1,1.0,1,1
41016,1,1.0,1,1
41017,1,1.0,1,1
41020,1,1.0,1,1
41021,1,1.0,1,1
41022,1,1.0,1,1
41023,1,1.0,1,1
41024,1,1.0,1,1
41028,1,1.0,1,1
41029,1,1.0,1,1
41033,1,1.0,1,1
41035,1,1.0,1,1
41036,1,1.0,1,1
41038,1,1.0,1,1
41040,1,1.0,1,1
41042,1,1.0,1,1
41043,1,1.0,1,1
41046,1,1.0,1,1
41048,1,1.0,1,1
41050,1,1.0,1,1
41051,1,1.0,1,1
41055,1,1.0,1,1
41056,1,1.0,1,1
41057,1,1.0,1,1
41060,1,1.0,1,1
41061,1,1.0,1,1
41063,1,1.0,1,1
41064,1,1.0,1,1
41065,1,1.0,1,1
41069,1,1.0,1,1
41070,1,1.0,1,1
41073,1,1.0,1,1
41076,1,1.0,1,1
41077,1,1.0,1,1
41078,1,1.0,1,1
41079,1,1.0,1,1
41080,1,1.0,1,1
41081,1,1.0,1,1
41082,1,1.0,1,1
41084,1,1.0,1,1
41085,1,1.0,1,1
41086,1,0.0,0,0
41089,1,1.0,1,1
41091,1,1.0,1,1
41092,1,1.0,1,1
41093,1,1.0,1,1
41095,1,1.0,1,1
41096,1,1.0,1,1
41097,1,1.0,1,1
41102,1,1.0,1,1
41103,1,1.0,1,1
41104,1,1.0,1,1
41105,1,1.0,1,1
41108,1,1.0,1,1
41110,1,1.0,1,1
41111,1,1.0,1,1
41113,1,1.0,1,1
41116,1,1.0,1,1
41117,1,1.0,1,1
41119,1,1.0,1,1
41120,1,1.0,1,1
41122,1,1.0,1,1
41127,1,1.0,1,1
41128,1,1.0,1,1
41129,1,1.0,1,1
41130,1,1.0,1,1
41131,1,1.0,1,1
41132,1,1.0,1,1
41134,1,1.0,1,1
41135,1,1.0,1,1
41138,1,1.0,1,1
41140,1,1.0,1,1
41501,1,1.0,1,1
41502,1,1.0,1,1
41503,1,1.0,1,1
41504,1,1.0,1,1
41505,1,1.0,1,1
41506,1,1.0,1,1
41507,1,1.0,1,1
41508,1,1.0,1,1
41509,1,1.0,1,1
41510,1,1.0,1,1
41511,1,0.0,0,0
41512,1,1.0,1,1
41513,1,1.0,1,1
41514,1,1.0,1,1
41515,1,1.0,1,1
41516,1,1.0,1,1
41517,1,1.0,1,1
41518,1,1.0,1,1
41519,1,1.0,1,1
41520,1,1.0,1,1
41521,1,1.0,1,1
41522,1,1.0,1,1
41523,1,1.0,1,1
41524,1,1.0,1,1
41525,1,1.0,1,1
41526,1,1.0,1,1
41527,1,1.0,1,1
41528,1,1.0,1,1
41529,1,1.0,1,1
41530,1,1.0,1,1
41531,1,0.0,0,0
41532,1,1.0,1,1
41533,1,1.0,1,1
41534,1,1.0,1,1
41535,1,1.0,1,1
41536,1,1.0,1,1
41537,1,1.0,1,1
41538,1,1.0,1,1
41539,1,1.0,1,1
41540,1,1.0,1,1
41541,1,1.0,1,1
41542,1,1.0,1,1
41543,1,1.0,1,1
41544,1,1.0,1,1
41545,1,1.0,1,1
41546,1,1.0,1,1
41547,1,1.0,1,1
41548,1,1.0,1,1
41549,1,1.0,1,1
41550,1,1.0,1,1
41551,1,1.0,1,1
41552,1,1.0,1,1
41553,1,1.0,1,1
41554,1,1.0,1,1
41555,1,1.0,1,1
41556,1,1.0,1,1
41557,1,1.0,1,1
41558,1,1.0,1,1
41559,1,1.0,1,1
41560,1,1.0,1,1
41561,1,1.0,1,1
41562,1,1.0,1,1
41563,1,1.0,1,1
41564,1,1.0,1,1
41565,1,1.0,1,1
41566,1,1.0,1,1
41567,1,1.0,1,1
41568,1,1.0,1,1
41569,1,1.0,1,1
41570,1,1.0,1,1
41571,1,1.0,1,1
41572,1,1.0,1,1
41573,1,1.0,1,1
41574,1,1.0,1,1
41575,1,1.0,1,1
41576,1,1.0,1,1
41577,1,1.0,1,1
41578,1,1.0,1,1
41579,1,1.0,1,1
41580,1,1.0,1,1
41581,1,1.0,1,1
41582,1,1.0,1,1
41583,1,1.0,1,1
41584,1,1.0,1,1
41585,1,1.0,1,1
41586,1,1.0,1,1
41587,1,1.0,1,1
41588,1,1.0,1,1
41589,1,1.0,1,1
41590,1,1.0,1,1
41593,1,1.0,1,1
41594,1,1.0,1,1
41597,1,1.0,1,1
41598,1,1.0,1,1
41599,1,1.0,1,1
41600,1,1.0,1,1
42001,1,14.0,14,14
42002,1,13.0,13,13
42003,1,14.0,14,14
42004,1,14.0,14,14
42005,1,14.0,14,14
42006,1,14.0,14,14
42007,1,10.0,10,10
42008,1,14.0,14,14
42009,1,14.0,14,14
42010,1,14.0,14,14
42011,1,14.0,14,14
42012,1,13.0,13,13
42013,1,14.0,14,14
42014,1,14.0,14,14
42015,1,14.0,14,14
42016,1,14.0,14,14
42017,1,14.0,14,14
42018,1,14.0,14,14
42019,1,14.0,14,14
42020,1,14.0,14,14
42021,1,14.0,14,14
42022,1,14.0,14,14
42023,1,14.0,14,14
42024,1,10.0,10,10
42025,1,14.0,14,14
42026,1,10.0,10,10
42027,1,14.0,14,14
42028,1,14.0,14,14
42029,1,14.0,14,14
42030,1,10.0,10,10
42031,1,14.0,14,14
42032,1,14.0,14,14
42033,1,14.0,14,14
42034,1,14.0,14,14
42035,1,14.0,14,14
42036,1,14.0,14,14
42037,1,14.0,14,14
42038,1,14.0,14,14
42039,1,14.0,14,14
42040,1,14.0,14,14
42041,1,14.0,14,14
42042,1,14.0,14,14
42043,1,14.0,14,14
42044,1,14.0,14,14
42045,1,14.0,14,14
42046,1,14.0,14,14
42301,1,12.0,12,12
42302,1,12.0,12,12
42401,1,19.0,19,19
42402,1,19.0,19,19
42403,1,19.0,19,19
42404,1,14.0,14,14
42406,1,19.0,19,19
42407,1,19.0,19,19
42408,1,19.0,19,19
42409,1,19.0,19,19
42411,1,19.0,19,19
42412,1,19.0,19,19
42413,1,19.0,19,19
42414,1,19.0,19,19
42416,1,19.0,19,19
42417,1,19.0,19,19
42419,1,19.0,19,19
42420,1,19.0,19,19
42421,1,18.0,18,18
42422,1,19.0,19,19
42423,1,19.0,19,19
42451,1,0.0,0,0
42452,1,4.0,4,4
42601,1,15.0,15,15
42602,1,15.0,15,15
42603,1,15.0,15,15
42604,1,15.0,15,15
42605,1,15.0,15,15
42606,1,15.0,15,15
42607,1,15.0,15,15
42608,1,15.0,15,15
42651,1,13.0,13,13
42652,1,13.0,13,13
42653,1,13.0,13,13
42654,1,13.0,13,13
42655,1,13.0,13,13
42656,1,13.0,13,13
42657,1,13.0,13,13
42701,1,9.0,9,9
42702,1,13.0,13,13
42751,1,11.0,11,11
42752,1,11.0,11,11
42801,1,20.0,20,20
42802,1,20.0,20,20
42804,1,20.0,20,20
42851,1,17.0,17,17
42852,1,17.0,17,17
42854,1,17.0,17,17
42901,1,6.0,6,6
43001,1,9.0,9,9
43002,1,9.0,9,9
43003,1,9.0,9,9
43005,1,9.0,9,9
43006,1,9.0,9,9
43007,1,9.0,9,9
43008,1,9.0,9,9
43009,1,9.0,9,9
43011,1,9.0,9,9
43013,1,9.0,9,9
43014,1,9.0,9,9
43015,1,9.0,9,9
43016,1,9.0,9,9
43017,1,9.0,9,9
43018,1,9.0,9,9
43019,1,9.0,9,9
43020,1,9.0,9,9
43021,1,5.0,5,5
43022,1,9.0,9,9
43023,1,9.0,9,9
43025,1,5.0,5,5
43029,1,5.0,5,5
43101,1,12.0,12,12
43102,1,12.0,12,12
43103,1,12.0,12,12
43104,1,12.0,12,12
43105,1,12.0,12,12
43106,1,12.0,12,12
43107,1,12.0,12,12
43108,1,12.0,12,12
43109,1,12.0,12,12
43110,1,12.0,12,12
43111,1,12.0,12,12
43112,1,12.0,12,12
43113,1,12.0,12,12
43114,1,12.0,12,12
43115,1,12.0,12,12
43116,1,12.0,12,12
43117,1,12.0,12,12
43118,1,12.0,12,12
43119,1,12.0,12,12
43120,1,12.0,12,12
43121,1,12.0,12,12
43122,1,12.0,12,12
43123,1,7.0,7,7
43124,1,12.0,12,12
43125,1,6.0,6,6
43126,1,12.0,12,12
43127,1,6.0,6,6
43128,1,12.0,12,12
43130,1,12.0,12,12
43132,1,12.0,12,12
43201,1,16.0,16,16
43202,1,17.0,17,17
43203,1,17.0,17,17
43204,1,17.0,17,17
43205,1,17.0,17,17
43206,1,17.0,17,17
43207,1,17.0,17,17
43208,1,17.0,17,17
43209,1,17.0,17,17
43210,1,17.0,17,17
43211,1,17.0,17,17
43212,1,17.0,17,17
43213,1,17.0,17,17
43214,1,17.0,17,17
43215,1,17.0,17,17
43216,1,4.0,4,4
43217,1,17.0,17,17
43218,1,17.0,17,17
43219,1,17.0,17,17
43220,1,17.0,17,17
43221,1,17.0,17,17
43222,1,4.0,4,4
43223,1,17.0,17,17
43224,1,17.0,17,17
43225,1,17.0,17,17
43226,1,17.0,17,17
43227,1,16.0,16,16
43228,1,17.0,17,17
43229,1,17.0,17,17
43230,1,17.0,17,17
43231,1,17.0,17,17
43232,1,17.0,17,17
43233,1,17.0,17,17
43234,1,17.0,17,17
43235,1,17.0,17,17
43236,1,17.0,17,17
43237,1,17.0,17,17
43238,1,17.0,17,17
43239,1,17.0,17,17
43240,1,16.0,16,16
43241,1,17.0,17,17
43242,1,17.0,17,17
43243,1,17.0,17,17
43244,1,17.0,17,17
43245,1,17.0,17,17
43246,1,17.0,17,17
43247,1,8.0,8,8
43248,1,17.0,17,17
43250,1,17.0,17,17
43251,1,7.0,7,7
43252,1,17.0,17,17
43253,1,7.0,7,7
43254,1,17.0,17,17
43255,1,7.0,7,7
43256,1,17.0,17,17
43257,1,9.0,9,9
43258,1,17.0,17,17
43260,1,17.0,17,17
43401,1,9.0,9,9
43402,1,25.0,25,25
43403,1,25.0,25,25
43404,1,25.0,25,25
43405,1,25.0,25,25
43406,1,25.0,25,25
43407,1,25.0,25,25
43408,1,5.0,5,5
43409,1,25.0,25,25
43410,1,8.0,8,8
43411,1,25.0,25,25
43412,1,25.0,25,25
43413,1,25.0,25,25
43414,1,25.0,25,25
43415,1,25.0,25,25
43418,1,25.0,25,25
43419,1,25.0,25,25
43420,1,25.0,25,25
43421,1,25.0,25,25
43422,1,25.0,25,25
43423,1,12.0,12,12
43424,1,12.0,12,12
43425,1,25.0,25,25
43426,1,10.0,10,10
43427,1,25.0,25,25
43428,1,25.0,25,25
43429,1,10.0,10,10
43430,1,25.0,25,25
43431,1,8.0,8,8
43433,1,10.0,10,10
43434,1,22.0,22,22
43435,1,8.0,8,8
43436,1,25.0,25,25
43437,1,10.0,10,10
43438,1,25.0,25,25
43439,1,12.0,12,12
43501,1,26.0,26,26
43502,1,27.0,27,27
43503,1,27.0,27,27
43504,1,27.0,27,27
43505,1,26.0,26,26
43506,1,26.0,26,26
43507,1,26.0,26,26
43508,1,26.0,26,26
43509,1,27.0,27,27
43510,1,26.0,26,26
43511,1,27.0,27,27
43512,1,26.0,26,26
43513,1,26.0,26,26
43514,1,26.0,26,26
43515,1,27.0,27,27
43516,1,26.0,26,26
43517,1,11.0,11,11
43518,1,12.0,12,12
43520,1,13.0,13,13
43551,1,0.0,0,0
43552,1,0.0,0,0
43553,1,1.0,1,1
43554,1,0.0,0,0
43556,1,0.0,0,0
43601,1,10.0,10,10
43602,1,10.0,10,10
43603,1,10.0,10,10
43604,1,10.0,10,10
43605,1,10.0,10,10
43606,1,10.0,10,10
43607,1,10.0,10,10
43608,1,10.0,10,10
43610,1,10.0,10,10
43611,1,0.0,0,0
43612,1,10.0,10,10
43613,1,6.0,6,6
43614,1,10.0,10,10
43615,1,6.0,6,6
43616,1,10.0,10,10
43618,1,10.0,10,10
43620,1,10.0,10,10
43622,1,10.0,10,10
43650,1,6.0,6,6
43651,1,8.0,8,8
43652,1,8.0,8,8
43653,1,8.0,8,8
43654,1,8.0,8,8
43655,1,8.0,8,8
43656,1,8.0,8,8
43657,1,8.0,8,8
43658,1,8.0,8,8
43659,1,8.0,8,8
43660,1,8.0,8,8
43661,1,8.0,8,8
43662,1,8.0,8,8
43663,1,8.0,8,8
43664,1,8.0,8,8
43666,1,8.0,8,8
43668,1,8.0,8,8
43670,1,8.0,8,8
43672,1,8.0,8,8
43674,1,8.0,8,8
43701,1,18.0,18,18
43702,1,18.0,18,18
43703,1,18.0,18,18
43704,1,18.0,18,18
43705,1,18.0,18,18
43706,1,18.0,18,18
43707,1,18.0,18,18
43708,1,18.0,18,18
43709,1,18.0,18,18
43710,1,18.0,18,18
43711,1,18.0,18,18
43713,1,8.0,8,8
43715,1,18.0,18,18
43751,1,13.0,13,13
43752,1,13.0,13,13
43753,1,13.0,13,13
43754,1,13.0,13,13
43755,1,13.0,13,13
43757,1,13.0,13,13
43761,1,12.0,12,12
43762,1,12.0,12,12
43763,1,12.0,12,12
43764,1,12.0,12,12
43765,1,12.0,12,12
43766,1,12.0,12,12
43767,1,12.0,12,12
43768,1,12.0,12,12
43769,1,12.0,12,12
43770,1,12.0,12,12
43771,1,12.0,12,12
43773,1,12.0,12,12
43791,1,11.0,11,11
43792,1,15.0,15,15
43793,1,11.0,11,11
43794,1,10.0,10,10
43795,1,11.0,11,11
43797,1,11.0,11,11
43801,1,26.0,26,26
43802,1,26.0,26,26
43803,1,26.0,26,26
43804,1,7.0,7,7
43805,1,26.0,26,26
43806,1,13.0,13,13
43820,1,12.0,12,12
43821,1,14.0,14,14
43823,1,11.0,11,11
43831,1,3.0,3,3
43832,1,6.0,6,6
43841,1,15.0,15,15
43842,1,14.0,14,14
43844,1,0.0,0,0
43847,1,16.0,16,16
43851,1,15.0,15,15
43852,1,27.0,27,27
43861,1,11.0,11,11
43872,1,11.0,11,11
43882,1,11.0,11,11
43891,1,1.0,1,1
43892,1,2.0,2,2
43901,1,19.0,19,19
43902,1,19.0,19,19
43903,1,19.0,19,19
43904,1,19.0,19,19
43912,1,20.0,20,20
43921,1,0.0,0,0
43932,1,15.0,15,15
43934,1,14.0,14,14
43936,1,9.0,9,9
43938,1,15.0,15,15
43941,1,15.0,15,15
43942,1,16.0,16,16
43943,1,13.0,13,13
43952,1,13.0,13,13
47100,1,11.0,11,11
47101,1,11.0,11,11
47102,1,11.0,11,11
47103,1,11.0,11,11
47104,1,11.0,11,11
47105,1,11.0,11,11
47106,1,11.0,11,11
47107,1,11.0,11,11
47108,1,11.0,11,11
47109,1,11.0,11,11
47110,1,11.0,11,11
47111,1,11.0,11,11
47112,1,11.0,11,11
47113,1,11.0,11,11
47114,1,11.0,11,11
47115,1,11.0,11,11
47116,1,11.0,11,11
47117,1,11.0,11,11
47118,1,11.0,11,11
47119,1,11.0,11,11
47120,1,11.0,11,11
47121,1,11.0,11,11
47122,1,11.0,11,11
47123,1,11.0,11,11
47124,1,11.0,11,11
47125,1,11.0,11,11
47126,1,11.0,11,11
47127,1,11.0,11,11
47128,1,11.0,11,11
47129,1,11.0,11,11
47130,1,11.0,11,11
47131,1,11.0,11,11
47132,1,11.0,11,11
47133,1,11.0,11,11
47134,1,11.0,11,11
47135,1,11.0,11,11
47136,1,11.0,11,11
47137,1,11.0,11,11
47138,1,11.0,11,11
47139,1,11.0,11,11
47140,1,11.0,11,11
47141,1,11.0,11,11
47142,1,11.0,11,11
47143,1,11.0,11,11
47144,1,11.0,11,11
47145,1,11.0,11,11
47146,1,11.0,11,11
47147,1,11.0,11,11
47148,1,11.0,11,11
47149,1,20.0,20,20
47150,1,20.0,20,20
47151,1,20.0,20,20
47152,1,20.0,20,20
47153,1,20.0,20,20
47154,1,20.0,20,20
47155,1,20.0,20,20
47156,1,20.0,20,20
47157,1,20.0,20,20
47158,1,20.0,20,20
47159,1,20.0,20,20
47160,1,20.0,20,20
47161,1,20.0,20,20
47162,1,20.0,20,20
47163,1,20.0,20,20
47164,1,20.0,20,20
47165,1,20.0,20,20
47166,1,20.0,20,20
47167,1,20.0,20,20
47168,1,9.0,9,9
47169,1,20.0,20,20
47170,1,20.0,20,20
47171,1,20.0,20,20
47172,1,9.0,9,9
47173,1,20.0,20,20
47174,1,20.0,20,20
47175,1,20.0,20,20
47176,1,20.0,20,20
47177,1,20.0,20,20
47178,1,20.0,20,20
47179,1,20.0,20,20
47180,1,20.0,20,20
47181,1,20.0,20,20
47182,1,20.0,20,20
47183,1,20.0,20,20
47184,1,20.0,20,20
47185,1,20.0,20,20
47186,1,20.0,20,20
47187,1,20.0,20,20
47188,1,20.0,20,20
47189,1,20.0,20,20
47190,1,20.0,20,20
47191,1,20.0,20,20
47192,1,20.0,20,20
47193,1,20.0,20,20
47194,1,20.0,20,20
47195,1,10.0,10,10
47196,1,5.0,5,5
47197,1,15.0,15,15
47198,1,20.0,20,20
47199,1,15.0,15,15
47200,1,15.0,15,15
47201,1,15.0,15,15
47202,1,15.0,15,15
47203,1,20.0,20,20
47204,1,9.0,9,9
47205,1,9.0,9,9
47206,1,15.0,15,15
47207,1,20.0,20,20
47208,1,15.0,15,15
47209,1,15.0,15,15
47210,1,20.0,20,20
47211,1,20.0,20,20
47212,1,20.0,20,20
47213,1,20.0,20,20
47214,1,20.0,20,20
47215,1,20.0,20,20
47216,1,20.0,20,20
47217,1,20.0,20,20
47218,1,20.0,20,20
47219,1,20.0,20,20
47220,1,20.0,20,20
50101,1,20.0,20,20
50102,1,20.0,20,20
50103,1,36.0,36,36
50104,1,36.0,36,36
50105,1,47.0,47,47
50106,1,47.0,47,47
50107,1,7.0,7,7
50108,1,7.0,7,7
50119,1,4.0,4,4
50120,1,5.0,5,5
51027,1,24.0,24,24
51028,1,27.0,27,27
51029,1,29.0,29,29
51030,1,32.0,32,32
51033,1,6.0,6,6
51034,1,5.0,5,5
51111,1,7.0,7,7
51112,1,7.0,7,7
51113,1,7.0,7,7
51114,1,7.0,7,7
51115,1,7.0,7,7
51116,1,7.0,7,7
51135,1,0.0,0,0
51136,1,0.0,0,0
51137,1,0.0,0,0
51138,1,0.0,0,0
51139,1,0.0,0,0
51140,1,0.0,0,0
51141,1,0.0,0,0
51142,1,0.0,0,0
51145,1,0.0,0,0
51146,1,0.0,0,0
51147,1,0.0,0,0
51148,1,0.0,0,0
51149,1,0.0,0,0
51150,1,0.0,0,0
51151,1,6.0,6,6
51152,1,9.0,9,9
51153,1,46.0,46,46
51154,1,45.0,45,45
51157,1,35.0,35,35
51158,1,35.0,35,35
51181,1,28.0,28,28
51182,1,28.0,28,28
51183,1,34.0,34,34
51184,1,35.0,35,35
51187,1,69.0,69,69
51188,1,69.0,69,69
51189,1,62.0,62,62
51190,1,62.0,62,62
51195,1,13.0,13,13
51196,1,14.0,14,14
51197,1,33.0,33,33
51198,1,34.0,34,34
51239,1,2.0,2,2
51240,1,2.0,2,2
51253,1,14.0,14,14
51254,1,10.0,10,10
51255,1,10.0,10,10
51256,1,10.0,10,10
51259,1,10.0,10,10
51260,1,9.0,9,9
51261,1,9.0,9,9
51262,1,10.0,10,10
51285,1,44.0,44,44
51286,1,45.0,45,45
51293,1,18.0,18,18
51294,1,16.0,16,16
51317,1,17.0,17,17
51318,1,18.0,18,18
51347,1,14.0,14,14
51348,1,4.0,4,4
51350,1,9.0,9,9
51401,1,32.0,32,32
51402,1,32.0,32,32
51405,1,22.0,22,22
51406,1,22.0,22,22
51407,1,6.0,6,6
51408,1,4.0,4,4
51409,1,40.0,40,40
51410,1,39.0,39,39
51411,1,27.0,27,27
51412,1,22.0,22,22
51419,1,33.0,33,33
51420,1,31.0,31,31
51421,1,81.0,81,81
51422,1,74.0,74,74
51423,1,13.0,13,13
51424,1,13.0,13,13
51425,1,34.0,34,34
51426,1,33.0,33,33
51427,1,5.0,5,5
51428,1,5.0,5,5
51429,1,6.0,6,6
51430,1,7.0,7,7
51431,1,20.0,20,20
51432,1,19.0,19,19
51433,1,50.0,50,50
51434,1,50.0,50,50
51435,1,17.0,17,17
51436,1,17.0,17,17
51437,1,15.0,15,15
51438,1,15.0,15,15
51441,1,22.0,22,22
51442,1,22.0,22,22
51451,1,14.0,14,14
51452,1,14.0,14,14
51458,1,0.0,0,0
51461,1,15.0,15,15
51462,1,14.0,14,14
51463,1,14.0,14,14
51464,1,14.0,14,14
51601,1,29.0,29,29
51602,1,29.0,29,29
51603,1,30.0,30,30
51604,1,30.0,30,30
51605,1,26.0,26,26
51606,1,26.0,26,26
51607,1,15.0,15,15
51608,1,15.0,15,15
51609,1,15.0,15,15
51610,1,15.0,15,15
51611,1,36.0,36,36
51612,1,36.0,36,36
51671,1,42.0,42,42
51672,1,42.0,42,42
51673,1,38.0,38,38
51674,1,38.0,38,38
51675,1,32.0,32,32
51676,1,32.0,32,32
51678,1,9.0,9,9
51679,1,34.0,34,34
51680,1,34.0,34,34
51685,1,3.0,3,3
51686,1,3.0,3,3
51687,1,3.0,3,3
51688,1,3.0,3,3
51701,1,24.0,24,24
51702,1,24.0,24,24
51703,1,16.0,16,16
51704,1,15.0,15,15
51705,1,15.0,15,15
51706,1,15.0,15,15
51708,1,16.0,16,16
51753,1,28.0,28,28
51754,1,28.0,28,28
51755,1,9.0,9,9
51756,1,9.0,9,9
51763,1,8.0,8,8
51764,1,8.0,8,8
51765,1,8.0,8,8
51766,1,8.0,8,8
51803,1,24.0,24,24
51804,1,24.0,24,24
51805,1,29.0,29,29
51806,1,29.0,29,29
51807,1,18.0,18,18
51811,1,18.0,18,18
51812,1,18.0,18,18
51813,1,36.0,36,36
51814,1,37.0,37,37
51815,1,23.0,23,23
51816,1,23.0,23,23
51817,1,24.0,24,24
51818,1,25.0,25,25
51821,1,4.0,4,4
51822,1,4.0,4,4
51827,1,42.0,42,42
51828,1,42.0,42,42
51829,1,33.0,33,33
51830,1,28.0,28,28
51831,1,23.0,23,23
51832,1,23.0,23,23
51861,1,0.0,0,0
51862,1,0.0,0,0
51863,1,0.0,0,0
51864,1,0.0,0,0
51865,1,0.0,0,0
51866,1,0.0,0,0
51867,1,0.0,0,0
51868,1,0.0,0,0
51869,1,0.0,0,0
51870,1,0.0,0,0
51881,1,12.0,12,12
51882,1,12.0,12,12
51883,1,29.0,29,29
51884,1,29.0,29,29
51885,1,16.0,16,16
51886,1,16.0,16,16
51901,1,29.0,29,29
51902,1,30.0,30,30
51905,1,22.0,22,22
51906,1,14.0,14,14
51907,1,11.0,11,11
51908,1,11.0,11,11
51909,1,34.0,34,34
51910,1,34.0,34,34
51911,1,34.0,34,34
51912,1,34.0,34,34
51913,1,30.0,30,30
51914,1,26.0,26,26
51915,1,10.0,10,10
51916,1,10.0,10,10
51971,1,11.0,11,11
51972,1,11.0,11,11
51973,1,32.0,32,32
51974,1,32.0,32,32
52073,1,13.0,13,13
52074,1,13.0,13,13
52075,1,14.0,14,14
52076,1,14.0,14,14
52171,1,26.0,26,26
52172,1,26.0,26,26
52173,1,13.0,13,13
52174,1,13.0,13,13
52175,1,6.0,6,6
52176,1,5.0,5,5
52177,1,12.0,12,12
52178,1,12.0,12,12
52179,1,7.0,7,7
52180,1,7.0,7,7
52181,1,7.0,7,7
52182,1,3.0,3,3
52183,1,3.0,3,3
52184,1,7.0,7,7
52205,1,11.0,11,11
52206,1,6.0,6,6
52207,1,11.0,11,11
52208,1,11.0,11,11
52221,1,11.0,11,11
52222,1,11.0,11,11
52223,1,11.0,11,11
52224,1,11.0,11,11
52225,1,6.0,6,6
52226,1,11.0,11,11
52229,1,13.0,13,13
52230,1,14.0,14,14
52231,1,13.0,13,13
52232,1,13.0,13,13
52233,1,13.0,13,13
52234,1,14.0,14,14
52235,1,12.0,12,12
52236,1,11.0,11,11
52239,1,4.0,4,4
52240,1,4.0,4,4
52241,1,16.0,16,16
52242,1,16.0,16,16
52251,1,16.0,16,16
52252,1,17.0,17,17
52253,1,16.0,16,16
52254,1,16.0,16,16
52255,1,17.0,17,17
52256,1,16.0,16,16
52257,1,14.0,14,14
52258,1,14.0,14,14
52259,1,14.0,14,14
52260,1,14.0,14,14
52263,1,4.0,4,4
52264,1,4.0,4,4
52265,1,4.0,4,4
52266,1,4.0,4,4
52267,1,4.0,4,4
52268,1,4.0,4,4
52297,1,4.0,4,4
52298,1,4.0,4,4
52451,1,1.0,1,1
52452,1,1.0,1,1
52453,1,10.0,10,10
52454,1,12.0,12,12
52455,1,9.0,9,9
52456,1,8.0,8,8
52457,1,16.0,16,16
52458,1,16.0,16,16
52461,1,15.0,15,15
52462,1,15.0,15,15
52463,1,26.0,26,26
52464,1,25.0,25,25
52465,1,28.0,28,28
52466,1,28.0,28,28
52467,1,28.0,28,28
52468,1,28.0,28,28
52469,1,23.0,23,23
52470,1,21.0,21,21
52471,1,28.0,28,28
52472,1,32.0,32,32
52473,1,32.0,32,32
52474,1,31.0,31,31
52540,1,10.0,10,10
52541,1,10.0,10,10
52570,1,3.0,3,3
52571,1,3.0,3,3
52587,1,3.0,3,3
52588,1,3.0,3,3
52591,1,1.0,1,1
52592,1,1.0,1,1
52593,1,1.0,1,1
52594,1,1.0,1,1
52595,1,1.0,1,1
52596,1,1.0,1,1
52597,1,1.0,1,1
52598,1,1.0,1,1
52599,1,1.0,1,1
52911,1,12.0,12,12
52912,1,12.0,12,12
52913,1,12.0,12,12
52914,1,12.0,12,12
52929,1,15.0,15,15
52930,1,15.0,15,15
52931,1,9.0,9,9
52932,1,9.0,9,9
52933,1,15.0,15,15
52934,1,19.0,19,19
52935,1,18.0,18,18
52938,1,12.0,12,12
52939,1,12.0,12,12
52940,1,18.0,18,18
52941,1,18.0,18,18
52942,1,10.0,10,10
52943,1,10.0,10,10
52944,1,15.0,15,15
52945,1,15.0,15,15
52946,1,15.0,15,15
52947,1,9.0,9,9
52948,1,9.0,9,9
52949,1,10.0,10,10
52950,1,10.0,10,10
52951,1,17.0,17,17
52952,1,17.0,17,17
52953,1,5.0,5,5
52954,1,5.0,5,5
52955,1,10.0,10,10
52956,1,10.0,10,10
52963,1,6.0,6,6
52964,1,6.0,6,6
52973,1,6.0,6,6
52974,1,6.0,6,6
52975,1,6.0,6,6
52976,1,6.0,6,6
52987,1,6.0,6,6
52988,1,6.0,6,6
53001,1,40.0,40,40
53002,1,34.0,34,34
53005,1,15.0,15,15
53006,1,14.0,14,14
53007,1,26.0,26,26
53008,1,27.0,27,27
53009,1,16.0,16,16
53010,1,17.0,17,17
53011,1,13.0,13,13
53012,1,18.0,18,18
53013,1,15.0,15,15
53014,1,15.0,15,15
53015,1,14.0,14,14
53016,1,14.0,14,14
53017,1,15.0,15,15
53018,1,18.0,18,18
53019,1,11.0,11,11
53020,1,13.0,13,13
53021,1,23.0,23,23
53022,1,23.0,23,23
53023,1,9.0,9,9
53024,1,8.0,8,8
53025,1,9.0,9,9
53026,1,9.0,9,9
53027,1,20.0,20,20
53028,1,20.0,20,20
53029,1,40.0,40,40
53030,1,39.0,39,39
53031,1,9.0,9,9
53034,1,9.0,9,9
53035,1,16.0,16,16
53036,1,18.0,18,18
53037,1,12.0,12,12
53038,1,12.0,12,12
53041,1,116.0,116,116
53042,1,105.0,105,105
53043,1,81.0,81,81
53044,1,71.0,71,71
53045,1,19.0,19,19
53046,1,18.0,18,18
53047,1,21.0,21,21
53048,1,21.0,21,21
53049,1,51.0,51,51
53050,1,48.0,48,48
53061,1,48.0,48,48
53062,1,48.0,48,48
53063,1,29.0,29,29
53064,1,29.0,29,29
53068,1,17.0,17,17
53069,1,17.0,17,17
53073,1,20.0,20,20
53074,1,20.0,20,20
53075,1,11.0,11,11
53076,1,11.0,11,11
53081,1,6.0,6,6
53131,1,68.0,68,68
53132,1,68.0,68,68
53137,1,11.0,11,11
53138,1,11.0,11,11
53139,1,16.0,16,16
53140,1,16.0,16,16
53171,1,38.0,38,38
53172,1,36.0,36,36
53175,1,33.0,33,33
53176,1,34.0,34,34
53177,1,27.0,27,27
53178,1,34.0,34,34
53179,1,33.0,33,33
53180,1,37.0,37,37
53181,1,32.0,32,32
53186,1,31.0,31,31
53207,1,3.0,3,3
53208,1,3.0,3,3
53209,1,6.0,6,6
53210,1,6.0,6,6
53211,1,11.0,11,11
53212,1,11.0,11,11
53213,1,24.0,24,24
53214,1,23.0,23,23
53221,1,6.0,6,6
53222,1,6.0,6,6
53223,1,6.0,6,6
53224,1,5.0,5,5
53225,1,11.0,11,11
53226,1,11.0,11,11
53229,1,17.0,17,17
53230,1,16.0,16,16
53231,1,18.0,18,18
53232,1,18.0,18,18
53323,1,5.0,5,5
53324,1,5.0,5,5
53327,1,10.0,10,10
53328,1,10.0,10,10
53333,1,4.0,4,4
53334,1,4.0,4,4
53343,1,57.0,57,57
53344,1,56.0,56,56
53345,1,21.0,21,21
53346,1,21.0,21,21
53347,1,34.0,34,34
53348,1,33.0,33,33
53349,1,22.0,22,22
53350,1,22.0,22,22
53351,1,29.0,29,29
53352,1,29.0,29,29
53357,1,41.0,41,41
53358,1,40.0,40,40
53363,1,12.0,12,12
53364,1,12.0,12,12
53365,1,7.0,7,7
53366,1,7.0,7,7
53369,1,7.0,7,7
53370,1,7.0,7,7
53371,1,14.0,14,14
53372,1,14.0,14,14
53373,1,14.0,14,14
53374,1,14.0,14,14
53401,1,17.0,17,17
53402,1,17.0,17,17
53403,1,64.0,64,64
53404,1,19.0,19,19
53405,1,20.0,20,20
53406,1,20.0,20,20
53408,1,44.0,44,44
53411,1,8.0,8,8
53412,1,8.0,8,8
53415,1,29.0,29,29
53416,1,29.0,29,29
53417,1,37.0,37,37
53418,1,37.0,37,37
53423,1,11.0,11,11
53424,1,11.0,11,11
53431,1,29.0,29,29
53432,1,29.0,29,29
53433,1,17.0,17,17
53434,1,17.0,17,17
53435,1,17.0,17,17
53436,1,16.0,16,16
53441,1,14.0,14,14
53442,1,14.0,14,14
53443,1,14.0,14,14
53444,1,16.0,16,16
53445,1,14.0,14,14
53446,1,14.0,14,14
53447,1,13.0,13,13
53448,1,13.0,13,13
53449,1,13.0,13,13
53450,1,13.0,13,13
53451,1,4.0,4,4
53452,1,4.0,4,4
53479,1,11.0,11,11
53480,1,11.0,11,11
53481,1,0.0,0,0
53482,1,0.0,0,0
53483,1,0.0,0,0
53484,1,0.0,0,0
53485,1,0.0,0,0
53486,1,0.0,0,0
53487,1,0.0,0,0
53488,1,0.0,0,0
53489,1,0.0,0,0
53490,1,0.0,0,0
53491,1,0.0,0,0
53492,1,0.0,0,0
53493,1,0.0,0,0
53494,1,0.0,0,0
53495,1,0.0,0,0
53496,1,0.0,0,0
53497,1,16.0,16,16
53498,1,16.0,16,16
53511,1,5.0,5,5
53512,1,5.0,5,5
53513,1,5.0,5,5
53514,1,5.0,5,5
53515,1,5.0,5,5
53516,1,5.0,5,5
53517,1,5.0,5,5
53518,1,5.0,5,5
53519,1,5.0,5,5
53520,1,5.0,5,5
53523,1,33.0,33,33
53524,1,33.0,33,33
53525,1,61.0,61,61
53526,1,60.0,60,60
53551,1,7.0,7,7
53552,1,7.0,7,7
53553,1,7.0,7,7
53554,1,7.0,7,7
53555,1,7.0,7,7
53556,1,7.0,7,7
53611,1,22.0,22,22
53612,1,22.0,22,22
53615,1,17.0,17,17
53616,1,17.0,17,17
53623,1,18.0,18,18
53624,1,19.0,19,19
53625,1,11.0,11,11
53626,1,11.0,11,11
53627,1,10.0,10,10
53628,1,10.0,10,10
53629,1,10.0,10,10
53630,1,11.0,11,11
53631,1,10.0,10,10
53632,1,10.0,10,10
53641,1,7.0,7,7
53642,1,7.0,7,7
53643,1,2.0,2,2
53644,1,2.0,2,2
53645,1,2.0,2,2
53646,1,2.0,2,2
53647,1,2.0,2,2
53648,1,2.0,2,2
54001,1,18.0,18,18
54002,1,18.0,18,18
54005,1,21.0,21,21
54006,1,23.0,23,23
54007,1,23.0,23,23
54008,1,23.0,23,23
54009,1,23.0,23,23
54010,1,3.0,3,3
54011,1,37.0,37,37
54012,1,37.0,37,37
54013,1,5.0,5,5
54014,1,5.0,5,5
54015,1,5.0,5,5
54016,1,5.0,5,5
54018,1,5.0,5,5
54019,1,6.0,6,6
54023,1,7.0,7,7
54024,1,23.0,23,23
54025,1,4.0,4,4
54026,1,4.0,4,4
54031,1,23.0,23,23
54032,1,23.0,23,23
54033,1,27.0,27,27
54034,1,23.0,23,23
54035,1,33.0,33,33
54036,1,33.0,33,33
54037,1,15.0,15,15
54038,1,15.0,15,15
54039,1,15.0,15,15
54040,1,15.0,15,15
54041,1,15.0,15,15
54042,1,15.0,15,15
54043,1,38.0,38,38
54044,1,38.0,38,38
54045,1,32.0,32,32
54046,1,34.0,34,34
54047,1,8.0,8,8
54048,1,15.0,15,15
54049,1,23.0,23,23
54050,1,23.0,23,23
54051,1,12.0,12,12
54052,1,12.0,12,12
54053,1,17.0,17,17
54054,1,17.0,17,17
54055,1,24.0,24,24
54056,1,24.0,24,24
54057,1,22.0,22,22
54058,1,22.0,22,22
54059,1,14.0,14,14
54060,1,22.0,22,22
54075,1,38.0,38,38
54076,1,42.0,42,42
54077,1,16.0,16,16
54078,1,17.0,17,17
54085,1,16.0,16,16
54086,1,16.0,16,16
54091,1,1.0,1,1
54092,1,1.0,1,1
54101,1,32.0,32,32
54102,1,32.0,32,32
54103,1,14.0,14,14
54104,1,14.0,14,14
54107,1,17.0,17,17
54108,1,17.0,17,17
54109,1,31.0,31,31
54110,1,31.0,31,31
54152,1,11.0,11,11
54153,1,25.0,25,25
54154,1,25.0,25,25
54155,1,25.0,25,25
54156,1,25.0,25,25
54158,1,24.0,24,24
54159,1,42.0,42,42
54161,1,25.0,25,25
54162,1,26.0,26,26
54201,1,5.0,5,5
54211,1,21.0,21,21
54212,1,21.0,21,21
54221,1,8.0,8,8
54222,1,8.0,8,8
54223,1,8.0,8,8
54224,1,8.0,8,8
54225,1,3.0,3,3
54226,1,3.0,3,3
54227,1,3.0,3,3
54228,1,3.0,3,3
54231,1,16.0,16,16
54232,1,16.0,16,16
54233,1,16.0,16,16
54234,1,16.0,16,16
54237,1,5.0,5,5
54238,1,5.0,5,5
54239,1,3.0,3,3
54240,1,3.0,3,3
54243,1,3.0,3,3
54244,1,3.0,3,3
54251,1,72.0,72,72
54252,1,73.0,73,73
54253,1,30.0,30,30
54254,1,30.0,30,30
54255,1,41.0,41,41
54256,1,40.0,40,40
54261,1,12.0,12,12
54262,1,9.0,9,9
54263,1,19.0,19,19
54264,1,19.0,19,19
54265,1,19.0,19,19
54266,1,19.0,19,19
54267,1,2.0,2,2
54268,1,2.0,2,2
54270,1,2.0,2,2
54271,1,29.0,29,29
54272,1,29.0,29,29
54273,1,15.0,15,15
54274,1,15.0,15,15
54281,1,17.0,17,17
54282,1,16.0,16,16
54283,1,16.0,16,16
54284,1,16.0,16,16
54291,1,16.0,16,16
54292,1,16.0,16,16
54293,1,23.0,23,23
54294,1,25.0,25,25
54303,1,39.0,39,39
54304,1,45.0,45,45
54307,1,21.0,21,21
54308,1,21.0,21,21
54309,1,16.0,16,16
54310,1,16.0,16,16
54311,1,18.0,18,18
54312,1,18.0,18,18
54313,1,7.0,7,7
54314,1,7.0,7,7
54321,1,11.0,11,11
54322,1,11.0,11,11
54323,1,9.0,9,9
54324,1,12.0,12,12
54325,1,28.0,28,28
54326,1,28.0,28,28
54327,1,9.0,9,9
54328,1,9.0,9,9
54329,1,14.0,14,14
54330,1,14.0,14,14
54331,1,9.0,9,9
54332,1,8.0,8,8
54333,1,44.0,44,44
54334,1,44.0,44,44
54335,1,18.0,18,18
54336,1,18.0,18,18
54341,1,19.0,19,19
54342,1,19.0,19,19
54351,1,25.0,25,25
54352,1,25.0,25,25
54353,1,20.0,20,20
54354,1,25.0,25,25
54355,1,11.0,11,11
54356,1,11.0,11,11
54371,1,19.0,19,19
54372,1,19.0,19,19
54373,1,19.0,19,19
54374,1,19.0,19,19
54375,1,16.0,16,16
54376,1,16.0,16,16
54377,1,60.0,60,60
54378,1,60.0,60,60
54381,1,15.0,15,15
54382,1,16.0,16,16
54383,1,16.0,16,16
54384,1,15.0,15,15
54385,1,1.0,1,1
54386,1,1.0,1,1
54387,1,1.0,1,1
54388,1,1.0,1,1
54389,1,1.0,1,1
54390,1,1.0,1,1
54391,1,22.0,22,22
54392,1,22.0,22,22
54393,1,7.0,7,7
54394,1,7.0,7,7
54395,1,21.0,21,21
54396,1,21.0,21,21
54397,1,7.0,7,7
54398,1,7.0,7,7
54401,1,12.0,12,12
54402,1,12.0,12,12
54403,1,12.0,12,12
54404,1,12.0,12,12
54405,1,12.0,12,12
54406,1,11.0,11,11
54411,1,35.0,35,35
54412,1,35.0,35,35
54413,1,16.0,16,16
54414,1,16.0,16,16
54416,1,16.0,16,16
54417,1,16.0,16,16
54420,1,16.0,16,16
54421,1,16.0,16,16
54423,1,21.0,21,21
54424,1,21.0,21,21
54461,1,53.0,53,53
54462,1,54.0,54,54
54463,1,36.0,36,36
54464,1,34.0,34,34
54465,1,19.0,19,19
54466,1,19.0,19,19
54467,1,8.0,8,8
54468,1,8.0,8,8
54469,1,8.0,8,8
54470,1,8.0,8,8
54471,1,43.0,43,43
54472,1,44.0,44,44
54473,1,31.0,31,31
54474,1,26.0,26,26
54475,1,48.0,48,48
54476,1,48.0,48,48
54481,1,3.0,3,3
54482,1,3.0,3,3
54483,1,3.0,3,3
54484,1,3.0,3,3
54485,1,3.0,3,3
54486,1,3.0,3,3
54531,1,6.0,6,6
54532,1,6.0,6,6
54539,1,40.0,40,40
54540,1,38.0,38,38
54541,1,26.0,26,26
54542,1,26.0,26,26
54551,1,24.0,24,24
54552,1,24.0,24,24
54553,1,12.0,12,12
54555,1,11.0,11,11
54556,1,22.0,22,22
54557,1,5.0,5,5
54558,1,5.0,5,5
54559,1,10.0,10,10
54560,1,10.0,10,10
54561,1,11.0,11,11
54562,1,11.0,11,11
54563,1,11.0,11,11
54564,1,11.0,11,11
54571,1,18.0,18,18
54572,1,18.0,18,18
54575,1,13.0,13,13
54576,1,13.0,13,13
54581,1,5.0,5,5
54582,1,5.0,5,5
54601,1,36.0,36,36
54602,1,37.0,37,37
54603,1,27.0,27,27
54604,1,27.0,27,27
54605,1,33.0,33,33
54606,1,27.0,27,27
54611,1,14.0,14,14
54612,1,15.0,15,15
54613,1,15.0,15,15
54614,1,15.0,15,15
54615,1,15.0,15,15
54616,1,15.0,15,15
54621,1,16.0,16,16
54622,1,16.0,16,16
54625,1,15.0,15,15
54626,1,15.0,15,15
54631,1,22.0,22,22
54632,1,25.0,25,25
54633,1,34.0,34,34
54634,1,32.0,32,32
54635,1,26.0,26,26
54636,1,27.0,27,27
54637,1,5.0,5,5
54638,1,5.0,5,5
54641,1,58.0,58,58
54642,1,57.0,57,57
54643,1,16.0,16,16
54644,1,16.0,16,16
54645,1,12.0,12,12
54646,1,18.0,18,18
54651,1,4.0,4,4
54654,1,4.0,4,4
54701,1,29.0,29,29
54702,1,37.0,37,37
54703,1,58.0,58,58
54704,1,54.0,54,54
54751,1,46.0,46,46
54752,1,46.0,46,46
54753,1,16.0,16,16
54754,1,16.0,16,16
54755,1,16.0,16,16
54756,1,16.0,16,16
54757,1,41.0,41,41
54758,1,41.0,41,41
54759,1,15.0,15,15
54760,1,14.0,14,14
54761,1,14.0,14,14
54762,1,14.0,14,14
54763,1,29.0,29,29
54764,1,24.0,24,24
54765,1,9.0,9,9
54766,1,9.0,9,9
54781,1,36.0,36,36
54782,1,40.0,40,40
54783,1,58.0,58,58
54784,1,58.0,58,58
54785,1,12.0,12,12
54786,1,12.0,12,12
54787,1,11.0,11,11
54788,1,8.0,8,8
54789,1,43.0,43,43
54790,1,43.0,43,43
54791,1,30.0,30,30
54792,1,32.0,32,32
54793,1,20.0,20,20
54794,1,21.0,21,21
54803,1,56.0,56,56
54804,1,56.0,56,56
54805,1,84.0,84,84
54806,1,79.0,79,79
54809,1,62.0,62,62
54810,1,62.0,62,62
54813,1,22.0,22,22
54819,1,20.0,20,20
54820,1,20.0,20,20
54822,1,0.0,0,0
54825,1,10.0,10,10
54826,1,10.0,10,10
54833,1,39.0,39,39
54834,1,39.0,39,39
54835,1,19.0,19,19
54836,1,19.0,19,19
54881,1,6.0,6,6
54882,1,6.0,6,6
55001,1,24.0,24,24
55002,1,22.0,22,22
55007,1,48.0,48,48
55008,1,48.0,48,48
55009,1,15.0,15,15
55010,1,15.0,15,15
55011,1,16.0,16,16
55012,1,16.0,16,16
55013,1,31.0,31,31
55014,1,31.0,31,31
55017,1,21.0,21,21
55018,1,21.0,21,21
55019,1,25.0,25,25
55020,1,25.0,25,25
55021,1,38.0,38,38
55022,1,38.0,38,38
55025,1,23.0,23,23
55026,1,23.0,23,23
55027,1,23.0,23,23
55028,1,23.0,23,23
55029,1,19.0,19,19
55030,1,19.0,19,19
55031,1,56.0,56,56
55032,1,53.0,53,53
55033,1,22.0,22,22
55034,1,23.0,23,23
55035,1,20.0,20,20
55036,1,20.0,20,20
55037,1,14.0,14,14
55038,1,12.0,12,12
55041,1,14.0,14,14
55042,1,24.0,24,24
55043,1,17.0,17,17
55044,1,17.0,17,17
55045,1,12.0,12,12
55046,1,11.0,11,11
55049,1,53.0,53,53
55050,1,56.0,56,56
55051,1,17.0,17,17
55052,1,17.0,17,17
55055,1,4.0,4,4
55056,1,4.0,4,4
55071,1,19.0,19,19
55072,1,19.0,19,19
55073,1,19.0,19,19
55074,1,12.0,12,12
55075,1,26.0,26,26
55076,1,26.0,26,26
55077,1,20.0,20,20
55078,1,20.0,20,20
55079,1,26.0,26,26
55080,1,19.0,19,19
55081,1,14.0,14,14
55082,1,19.0,19,19
55101,1,5.0,5,5
55102,1,5.0,5,5
55103,1,5.0,5,5
55104,1,5.0,5,5
55105,1,3.0,3,3
55106,1,3.0,3,3
55107,1,3.0,3,3
55108,1,3.0,3,3
55109,1,3.0,3,3
55110,1,3.0,3,3
55111,1,3.0,3,3
55112,1,3.0,3,3
55113,1,3.0,3,3
55114,1,3.0,3,3
55115,1,15.0,15,15
55116,1,15.0,15,15
55119,1,32.0,32,32
55120,1,32.0,32,32
55122,1,24.0,24,24
55123,1,22.0,22,22
55125,1,20.0,20,20
55126,1,20.0,20,20
55127,1,20.0,20,20
55128,1,20.0,20,20
55129,1,20.0,20,20
55130,1,20.0,20,20
55131,1,31.0,31,31
55132,1,31.0,31,31
55133,1,20.0,20,20
55134,1,20.0,20,20
55135,1,18.0,18,18
55136,1,18.0,18,18
55137,1,24.0,24,24
55138,1,24.0,24,24
55139,1,24.0,24,24
55140,1,24.0,24,24
55141,1,17.0,17,17
55142,1,17.0,17,17
55143,1,7.0,7,7
55144,1,7.0,7,7
55145,1,3.0,3,3
55146,1,3.0,3,3
55149,1,25.0,25,25
55150,1,26.0,26,26
55159,1,7.0,7,7
55160,1,7.0,7,7
55163,1,22.0,22,22
55164,1,22.0,22,22
55165,1,6.0,6,6
55166,1,6.0,6,6
55167,1,1.0,1,1
55168,1,1.0,1,1
55169,1,1.0,1,1
55170,1,1.0,1,1
55171,1,0.0,0,0
55172,1,0.0,0,0
55173,1,0.0,0,0
55174,1,0.0,0,0
55175,1,0.0,0,0
55176,1,0.0,0,0
55177,1,0.0,0,0
55178,1,0.0,0,0
55179,1,0.0,0,0
55180,1,0.0,0,0
55181,1,25.0,25,25
55182,1,25.0,25,25
55183,1,25.0,25,25
55184,1,25.0,25,25
55207,1,17.0,17,17
55208,1,22.0,22,22
55209,1,16.0,16,16
55211,1,20.0,20,20
55212,1,13.0,13,13
55213,1,17.0,17,17
55214,1,17.0,17,17
55215,1,13.0,13,13
55216,1,13.0,13,13
55217,1,12.0,12,12
55218,1,12.0,12,12
55220,1,17.0,17,17
55221,1,22.0,22,22
55222,1,23.0,23,23
55223,1,39.0,39,39
55224,1,39.0,39,39
55225,1,19.0,19,19
55226,1,18.0,18,18
55227,1,8.0,8,8
55228,1,7.0,7,7
55229,1,20.0,20,20
55230,1,20.0,20,20
55231,1,2.0,2,2
55232,1,2.0,2,2
55237,1,7.0,7,7
55238,1,7.0,7,7
55239,1,7.0,7,7
55240,1,8.0,8,8
55301,1,11.0,11,11
55302,1,11.0,11,11
55303,1,12.0,12,12
55304,1,11.0,11,11
55305,1,5.0,5,5
55306,1,10.0,10,10
55307,1,6.0,6,6
55308,1,10.0,10,10
55309,1,10.0,10,10
55310,1,6.0,6,6
55311,1,7.0,7,7
55312,1,7.0,7,7
55313,1,2.0,2,2
55314,1,2.0,2,2
55315,1,5.0,5,5
55316,1,5.0,5,5
55317,1,5.0,5,5
55318,1,5.0,5,5
55319,1,4.0,4,4
55320,1,4.0,4,4
55321,1,10.0,10,10
55322,1,5.0,5,5
55323,1,4.0,4,4
55324,1,4.0,4,4
55325,1,53.0,53,53
55326,1,53.0,53,53
55327,1,25.0,25,25
55328,1,25.0,25,25
55329,1,31.0,31,31
55330,1,31.0,31,31
55331,1,15.0,15,15
55332,1,15.0,15,15
55333,1,20.0,20,20
55334,1,20.0,20,20
55335,1,8.0,8,8
55336,1,8.0,8,8
55337,1,16.0,16,16
55338,1,16.0,16,16
55339,1,12.0,12,12
55340,1,5.0,5,5
55341,1,20.0,20,20
55342,1,20.0,20,20
55343,1,17.0,17,17
55344,1,17.0,17,17
55345,1,17.0,17,17
55346,1,17.0,17,17
55347,1,8.0,8,8
55348,1,8.0,8,8
55349,1,8.0,8,8
55350,1,8.0,8,8
55351,1,8.0,8,8
55352,1,8.0,8,8
55353,1,5.0,5,5
55354,1,12.0,12,12
55355,1,17.0,17,17
55356,1,17.0,17,17
55357,1,17.0,17,17
55358,1,17.0,17,17
55359,1,6.0,6,6
55360,1,6.0,6,6
55361,1,7.0,7,7
55362,1,7.0,7,7
55363,1,7.0,7,7
55364,1,7.0,7,7
55365,1,7.0,7,7
55366,1,7.0,7,7
55367,1,7.0,7,7
55368,1,7.0,7,7
55369,1,5.0,5,5
55370,1,5.0,5,5
55371,1,1.0,1,1
55372,1,1.0,1,1
55373,1,1.0,1,1
55374,1,1.0,1,1
55375,1,1.0,1,1
55376,1,1.0,1,1
55421,1,12.0,12,12
55422,1,12.0,12,12
55465,1,12.0,12,12
55466,1,12.0,12,12
55467,1,32.0,32,32
55468,1,32.0,32,32
55513,1,14.0,14,14
55514,1,21.0,21,21
55517,1,7.0,7,7
55518,1,7.0,7,7
55519,1,14.0,14,14
55520,1,14.0,14,14
55525,1,8.0,8,8
55526,1,8.0,8,8
55527,1,35.0,35,35
55528,1,35.0,35,35
55533,1,21.0,21,21
55534,1,21.0,21,21
55537,1,32.0,32,32
55538,1,33.0,33,33
55539,1,42.0,42,42
55540,1,41.0,41,41
55541,1,26.0,26,26
55542,1,26.0,26,26
55549,1,15.0,15,15
55550,1,16.0,16,16
55553,1,21.0,21,21
55554,1,21.0,21,21
55555,1,18.0,18,18
55556,1,21.0,21,21
55559,1,17.0,17,17
55560,1,21.0,21,21
55563,1,11.0,11,11
55564,1,11.0,11,11
55565,1,17.0,17,17
55566,1,17.0,17,17
55567,1,17.0,17,17
55568,1,17.0,17,17
55569,1,1.0,1,1
55570,1,1.0,1,1
55571,1,11.0,11,11
55572,1,11.0,11,11
55575,1,3.0,3,3
55576,1,3.0,3,3
55577,1,3.0,3,3
55578,1,3.0,3,3
55583,1,11.0,11,11
55584,1,11.0,11,11
55601,1,24.0,24,24
55602,1,24.0,24,24
55603,1,27.0,27,27
55604,1,27.0,27,27
55615,1,31.0,31,31
55616,1,31.0,31,31
55661,1,10.0,10,10
55662,1,10.0,10,10
55663,1,33.0,33,33
55664,1,33.0,33,33
55665,1,8.0,8,8
55666,1,7.0,7,7
55667,1,12.0,12,12
55668,1,12.0,12,12
55675,1,12.0,12,12
55676,1,12.0,12,12
55677,1,20.0,20,20
55678,1,20.0,20,20
55679,1,12.0,12,12
55680,1,12.0,12,12
55681,1,3.0,3,3
55682,1,3.0,3,3
55683,1,3.0,3,3
55684,1,3.0,3,3
55685,1,10.0,10,10
55686,1,10.0,10,10
55687,1,8.0,8,8
55688,1,8.0,8,8
55689,1,13.0,13,13
55690,1,13.0,13,13
55701,1,18.0,18,18
55702,1,18.0,18,18
55703,1,18.0,18,18
55704,1,18.0,18,18
55707,1,22.0,22,22
55708,1,22.0,22,22
55709,1,2.0,2,2
55710,1,2.0,2,2
55711,1,39.0,39,39
55712,1,39.0,39,39
55713,1,43.0,43,43
55714,1,43.0,43,43
55719,1,6.0,6,6
55720,1,6.0,6,6
55721,1,16.0,16,16
55722,1,16.0,16,16
55725,1,21.0,21,21
55726,1,21.0,21,21
55727,1,18.0,18,18
55728,1,18.0,18,18
55729,1,18.0,18,18
55730,1,18.0,18,18
55733,1,13.0,13,13
55734,1,17.0,17,17
55735,1,17.0,17,17
55736,1,17.0,17,17
55740,1,17.0,17,17
55741,1,13.0,13,13
55742,1,13.0,13,13
55743,1,17.0,17,17
55744,1,13.0,13,13
55749,1,8.0,8,8
55750,1,8.0,8,8
55751,1,8.0,8,8
55752,1,8.0,8,8
55753,1,32.0,32,32
55754,1,32.0,32,32
55755,1,17.0,17,17
55756,1,17.0,17,17
55763,1,17.0,17,17
55764,1,13.0,13,13
55769,1,18.0,18,18
55770,1,18.0,18,18
55771,1,7.0,7,7
55772,1,7.0,7,7
55801,1,20.0,20,20
55802,1,20.0,20,20
55803,1,17.0,17,17
55804,1,17.0,17,17
55809,1,20.0,20,20
55810,1,20.0,20,20
55811,1,19.0,19,19
55812,1,19.0,19,19
55813,1,40.0,40,40
55814,1,40.0,40,40
55817,1,15.0,15,15
55818,1,15.0,15,15
55819,1,12.0,12,12
55820,1,12.0,12,12
55823,1,2.0,2,2
55824,1,2.0,2,2
55861,1,16.0,16,16
55862,1,16.0,16,16
55893,1,13.0,13,13
55894,1,13.0,13,13
55895,1,51.0,51,51
55896,1,51.0,51,51
55901,1,47.0,47,47
55902,1,47.0,47,47
55903,1,21.0,21,21
55904,1,21.0,21,21
55909,1,11.0,11,11
55910,1,11.0,11,11
55913,1,25.0,25,25
55914,1,25.0,25,25
56001,1,4.0,4,4
56002,1,3.0,3,3
56003,1,4.0,4,4
56004,1,1.0,1,1
56005,1,4.0,4,4
56006,1,4.0,4,4
56007,1,6.0,6,6
56008,1,8.0,8,8
56009,1,11.0,11,11
56010,1,11.0,11,11
56011,1,25.0,25,25
56012,1,25.0,25,25
56013,1,12.0,12,12
56014,1,12.0,12,12
56033,1,9.0,9,9
56034,1,9.0,9,9
56035,1,10.0,10,10
56036,1,10.0,10,10
56037,1,16.0,16,16
56038,1,15.0,15,15
56041,1,31.0,31,31
56042,1,29.0,29,29
56043,1,1.0,1,1
56044,1,1.0,1,1
56100,1,9.0,9,9
56101,1,9.0,9,9
56102,1,2.0,2,2
56103,1,2.0,2,2
56105,1,7.0,7,7
56106,1,5.0,5,5
56107,1,5.0,5,5
56108,1,5.0,5,5
56109,1,23.0,23,23
56110,1,20.0,20,20
56111,1,21.0,21,21
56112,1,21.0,21,21
56113,1,24.0,24,24
56114,1,24.0,24,24
56115,1,15.0,15,15
56116,1,15.0,15,15
56136,1,5.0,5,5
56137,1,5.0,5,5
56138,1,4.0,4,4
56139,1,4.0,4,4
56140,1,4.0,4,4
56141,1,4.0,4,4
56142,1,4.0,4,4
56143,1,4.0,4,4
56144,1,2.0,2,2
56145,1,2.0,2,2
56146,1,2.0,2,2
56147,1,2.0,2,2
56148,1,2.0,2,2
56149,1,2.0,2,2
56150,1,2.0,2,2
56151,1,2.0,2,2
56201,1,11.0,11,11
56202,1,11.0,11,11
56203,1,11.0,11,11
56204,1,11.0,11,11
56205,1,5.0,5,5
56206,1,5.0,5,5
56207,1,11.0,11,11
56208,1,11.0,11,11
56209,1,11.0,11,11
56210,1,11.0,11,11
56215,1,32.0,32,32
56216,1,32.0,32,32
56217,1,5.0,5,5
56218,1,5.0,5,5
56221,1,12.0,12,12
56222,1,12.0,12,12
56223,1,27.0,27,27
56224,1,27.0,27,27
56225,1,12.0,12,12
56226,1,12.0,12,12
56227,1,39.0,39,39
56228,1,39.0,39,39
56231,1,18.0,18,18
56232,1,20.0,20,20
56237,1,20.0,20,20
56238,1,19.0,19,19
56241,1,20.0,20,20
56242,1,20.0,20,20
56261,1,41.0,41,41
56262,1,39.0,39,39
56263,1,15.0,15,15
56264,1,15.0,15,15
56265,1,19.0,19,19
56266,1,19.0,19,19
56267,1,19.0,19,19
56268,1,19.0,19,19
56269,1,14.0,14,14
56270,1,14.0,14,14
56271,1,9.0,9,9
56272,1,9.0,9,9
56273,1,34.0,34,34
56274,1,34.0,34,34
56275,1,30.0,30,30
56276,1,29.0,29,29
56277,1,18.0,18,18
56278,1,18.0,18,18
56281,1,25.0,25,25
56282,1,25.0,25,25
56300,1,12.0,12,12
56301,1,12.0,12,12
56302,1,10.0,10,10
56303,1,10.0,10,10
56304,1,42.0,42,42
56305,1,12.0,12,12
56307,1,16.0,16,16
56308,1,16.0,16,16
56309,1,16.0,16,16
56310,1,12.0,12,12
56311,1,12.0,12,12
56313,1,12.0,12,12
56315,1,12.0,12,12
56316,1,12.0,12,12
56317,1,14.0,14,14
56318,1,14.0,14,14
56319,1,37.0,37,37
56320,1,44.0,44,44
56323,1,52.0,52,52
56324,1,52.0,52,52
56331,1,8.0,8,8
56332,1,8.0,8,8
56333,1,9.0,9,9
56334,1,9.0,9,9
56335,1,9.0,9,9
56336,1,9.0,9,9
56337,1,8.0,8,8
56338,1,8.0,8,8
56361,1,20.0,20,20
56362,1,31.0,31,31
56363,1,31.0,31,31
56364,1,20.0,20,20
56365,1,41.0,41,41
56366,1,41.0,41,41
56370,1,16.0,16,16
56371,1,15.0,15,15
56373,1,1.0,1,1
56374,1,1.0,1,1
56375,1,16.0,16,16
56376,1,15.0,15,15
56377,1,6.0,6,6
56378,1,4.0,4,4
56379,1,10.0,10,10
56380,1,17.0,17,17
56381,1,9.0,9,9
56382,1,10.0,10,10
56383,1,17.0,17,17
56384,1,10.0,10,10
56385,1,10.0,10,10
56386,1,7.0,7,7
56387,1,12.0,12,12
56388,1,15.0,15,15
56389,1,8.0,8,8
56390,1,7.0,7,7
56391,1,23.0,23,23
56392,1,23.0,23,23
56393,1,12.0,12,12
56394,1,12.0,12,12
56501,1,64.0,64,64
56502,1,66.0,66,66
56503,1,76.0,76,76
56504,1,77.0,77,77
56505,1,4.0,4,4
56506,1,4.0,4,4
56507,1,15.0,15,15
56508,1,15.0,15,15
56509,1,15.0,15,15
56510,1,15.0,15,15
56511,1,4.0,4,4
56512,1,4.0,4,4
56513,1,55.0,55,55
56514,1,56.0,56,56
56515,1,61.0,61,61
56516,1,61.0,61,61
56517,1,11.0,11,11
56518,1,10.0,10,10
56519,1,3.0,3,3
56520,1,3.0,3,3
56600,1,14.0,14,14
56601,1,14.0,14,14
56602,1,33.0,33,33
56603,1,39.0,39,39
56604,1,12.0,12,12
56605,1,18.0,18,18
56610,1,17.0,17,17
56611,1,17.0,17,17
56612,1,10.0,10,10
56613,1,10.0,10,10
56614,1,10.0,10,10
56616,1,10.0,10,10
56617,1,10.0,10,10
56619,1,10.0,10,10
56620,1,10.0,10,10
56621,1,10.0,10,10
56640,1,28.0,28,28
56641,1,28.0,28,28
56642,1,3.0,3,3
56643,1,3.0,3,3
56644,1,2.0,2,2
56645,1,2.0,2,2
56646,1,9.0,9,9
56647,1,9.0,9,9
56650,1,38.0,38,38
56651,1,38.0,38,38
56652,1,18.0,18,18
56653,1,18.0,18,18
56654,1,38.0,38,38
56655,1,20.0,20,20
56656,1,21.0,21,21
56657,1,18.0,18,18
56659,1,9.0,9,9
56661,1,11.0,11,11
56663,1,20.0,20,20
56664,1,20.0,20,20
56665,1,18.0,18,18
56666,1,18.0,18,18
56700,1,44.0,44,44
56701,1,47.0,47,47
56703,1,10.0,10,10
56704,1,9.0,9,9
56705,1,41.0,41,41
56706,1,40.0,40,40
56707,1,6.0,6,6
56708,1,6.0,6,6
56709,1,10.0,10,10
56710,1,10.0,10,10
56711,1,24.0,24,24
56714,1,16.0,16,16
56715,1,17.0,17,17
56716,1,17.0,17,17
56717,1,7.0,7,7
56718,1,6.0,6,6
56719,1,0.0,0,0
56721,1,15.0,15,15
56722,1,15.0,15,15
56723,1,15.0,15,15
56724,1,15.0,15,15
56725,1,15.0,15,15
56726,1,15.0,15,15
56731,1,12.0,12,12
56732,1,12.0,12,12
56733,1,12.0,12,12
56734,1,12.0,12,12
56735,1,12.0,12,12
56736,1,12.0,12,12
56741,1,8.0,8,8
56742,1,8.0,8,8
56761,1,10.0,10,10
56762,1,10.0,10,10
56763,1,10.0,10,10
56764,1,10.0,10,10
56765,1,10.0,10,10
56766,1,10.0,10,10
56767,1,18.0,18,18
56768,1,18.0,18,18
56769,1,41.0,41,41
56770,1,41.0,41,41
56796,1,15.0,15,15
56797,1,16.0,16,16
56798,1,16.0,16,16
56799,1,15.0,15,15
56800,1,15.0,15,15
56801,1,15.0,15,15
56802,1,15.0,15,15
56803,1,15.0,15,15
56811,1,23.0,23,23
56812,1,23.0,23,23
56819,1,8.0,8,8
56820,1,8.0,8,8
56821,1,18.0,18,18
56822,1,18.0,18,18
56823,1,22.0,22,22
56824,1,22.0,22,22
56825,1,26.0,26,26
56826,1,26.0,26,26
56829,1,23.0,23,23
56830,1,23.0,23,23
56839,1,21.0,21,21
56840,1,21.0,21,21
56841,1,23.0,23,23
56842,1,23.0,23,23
56843,1,20.0,20,20
56844,1,20.0,20,20
56845,1,21.0,21,21
56846,1,21.0,21,21
56859,1,9.0,9,9
56860,1,9.0,9,9
56861,1,3.0,3,3
56862,1,3.0,3,3
56863,1,3.0,3,3
56864,1,3.0,3,3
56865,1,3.0,3,3
56866,1,3.0,3,3
56871,1,4.0,4,4
56872,1,4.0,4,4
56873,1,20.0,20,20
56874,1,20.0,20,20
56875,1,20.0,20,20
56876,1,20.0,20,20
56877,1,20.0,20,20
56878,1,20.0,20,20
56879,1,4.0,4,4
56880,1,4.0,4,4
56881,1,12.0,12,12
56882,1,28.0,28,28
56883,1,12.0,12,12
56884,1,25.0,25,25
56885,1,25.0,25,25
56886,1,13.0,13,13
56889,1,11.0,11,11
56902,1,3.0,3,3
56903,1,31.0,31,31
56904,1,32.0,32,32
56905,1,38.0,38,38
56906,1,38.0,38,38
56907,1,3.0,3,3
56909,1,34.0,34,34
56910,1,33.0,33,33
56911,1,17.0,17,17
56912,1,17.0,17,17
56913,1,42.0,42,42
56914,1,42.0,42,42
56915,1,20.0,20,20
56916,1,20.0,20,20
56917,1,3.0,3,3
56918,1,3.0,3,3
56921,1,10.0,10,10
56922,1,8.0,8,8
56925,1,5.0,5,5
56926,1,4.0,4,4
56961,1,9.0,9,9
56962,1,9.0,9,9
56963,1,10.0,10,10
56964,1,10.0,10,10
56965,1,10.0,10,10
56966,1,10.0,10,10
57121,1,24.0,24,24
57122,1,19.0,19,19
57123,1,37.0,37,37
57124,1,42.0,42,42
57129,1,61.0,61,61
57130,1,51.0,51,51
57131,1,10.0,10,10
57133,1,40.0,40,40
57134,1,36.0,36,36
57135,1,45.0,45,45
57136,1,46.0,46,46
57145,1,6.0,6,6
57146,1,6.0,6,6
57155,1,27.0,27,27
57156,1,27.0,27,27
57225,1,56.0,56,56
57226,1,53.0,53,53
57229,1,33.0,33,33
57230,1,34.0,34,34
57231,1,25.0,25,25
57232,1,25.0,25,25
57237,1,26.0,26,26
57238,1,27.0,27,27
57239,1,19.0,19,19
57240,1,29.0,29,29
57241,1,33.0,33,33
57242,1,33.0,33,33
57255,1,21.0,21,21
57256,1,21.0,21,21
57257,1,90.0,90,90
57258,1,88.0,88,88
57264,1,5.0,5,5
57265,1,5.0,5,5
57271,1,66.0,66,66
57272,1,69.0,69,69
57273,1,57.0,57,57
57274,1,58.0,58,58
57277,1,43.0,43,43
57278,1,32.0,32,32
57305,1,76.0,76,76
57306,1,54.0,54,54
57307,1,16.0,16,16
57308,1,16.0,16,16
57317,1,15.0,15,15
57320,1,15.0,15,15
57323,1,2.0,2,2
57324,1,2.0,2,2
57325,1,75.0,75,75
57326,1,77.0,77,77
57327,1,34.0,34,34
57328,1,34.0,34,34
57329,1,47.0,47,47
57330,1,47.0,47,47
57381,1,29.0,29,29
57382,1,24.0,24,24
57401,1,11.0,11,11
57402,1,11.0,11,11
57403,1,12.0,12,12
57404,1,12.0,12,12
57405,1,11.0,11,11
57406,1,11.0,11,11
57411,1,5.0,5,5
57412,1,5.0,5,5
57425,1,48.0,48,48
57426,1,47.0,47,47
57429,1,10.0,10,10
57430,1,10.0,10,10
57435,1,22.0,22,22
57436,1,39.0,39,39
57447,1,13.0,13,13
57448,1,41.0,41,41
57451,1,20.0,20,20
57452,1,20.0,20,20
57456,1,18.0,18,18
57473,1,38.0,38,38
57474,1,60.0,60,60
57475,1,37.0,37,37
57476,1,38.0,38,38
57477,1,40.0,40,40
57478,1,40.0,40,40
57486,1,25.0,25,25
57501,1,3.0,3,3
57502,1,14.0,14,14
57503,1,14.0,14,14
57504,1,3.0,3,3
57512,1,6.0,6,6
57515,1,55.0,55,55
57516,1,56.0,56,56
57517,1,13.0,13,13
57518,1,13.0,13,13
57521,1,9.0,9,9
57522,1,9.0,9,9
57539,1,34.0,34,34
57540,1,34.0,34,34
57541,1,32.0,32,32
57542,1,34.0,34,34
57547,1,46.0,46,46
57548,1,45.0,45,45
57549,1,57.0,57,57
57550,1,55.0,55,55
57551,1,28.0,28,28
57552,1,28.0,28,28
57553,1,39.0,39,39
57554,1,39.0,39,39
57557,1,14.0,14,14
57558,1,14.0,14,14
57561,1,86.0,86,86
57562,1,85.0,85,85
57563,1,43.0,43,43
57564,1,27.0,27,27
57581,1,24.0,24,24
57582,1,24.0,24,24
57583,1,24.0,24,24
57584,1,24.0,24,24
57590,1,1.0,1,1
57593,1,34.0,34,34
57594,1,34.0,34,34
57601,1,21.0,21,21
57602,1,19.0,19,19
57605,1,9.0,9,9
57606,1,10.0,10,10
57625,1,35.0,35,35
57626,1,35.0,35,35
57628,1,13.0,13,13
57631,1,35.0,35,35
57632,1,29.0,29,29
57641,1,35.0,35,35
57642,1,23.0,23,23
57649,1,3.0,3,3
57650,1,17.0,17,17
57651,1,38.0,38,38
57652,1,38.0,38,38
57657,1,21.0,21,21
57658,1,21.0,21,21
57659,1,50.0,50,50
57660,1,36.0,36,36
57685,1,8.0,8,8
57686,1,6.0,6,6
57687,1,12.0,12,12
57688,1,9.0,9,9
57689,1,10.0,10,10
57690,1,14.0,14,14
58001,1,89.0,89,89
58002,1,88.0,88,88
58003,1,36.0,36,36
58004,1,37.0,37,37
58005,1,30.0,30,30
58006,1,30.0,30,30
58007,1,26.0,26,26
58008,1,26.0,26,26
58009,1,34.0,34,34
58010,1,34.0,34,34
58011,1,43.0,43,43
58012,1,43.0,43,43
58013,1,10.0,10,10
58014,1,10.0,10,10
58015,1,26.0,26,26
58016,1,26.0,26,26
58017,1,29.0,29,29
58018,1,29.0,29,29
58019,1,7.0,7,7
58020,1,7.0,7,7
58021,1,16.0,16,16
58022,1,17.0,17,17
58023,1,24.0,24,24
58024,1,24.0,24,24
58025,1,42.0,42,42
58026,1,42.0,42,42
58029,1,8.0,8,8
58030,1,8.0,8,8
58031,1,7.0,7,7
58032,1,7.0,7,7
58033,1,13.0,13,13
58034,1,13.0,13,13
58103,1,16.0,16,16
58104,1,16.0,16,16
58109,1,17.0,17,17
58110,1,17.0,17,17
58111,1,100.0,100,100
58112,1,107.0,107,107
58113,1,58.0,58,58
58114,1,59.0,59,59
58117,1,63.0,63,63
58118,1,62.0,62,62
58131,1,76.0,76,76
58132,1,76.0,76,76
58133,1,13.0,13,13
58134,1,13.0,13,13
58135,1,7.0,7,7
58136,1,7.0,7,7
58137,1,7.0,7,7
58138,1,7.0,7,7
58143,1,24.0,24,24
58151,1,10.0,10,10
58152,1,10.0,10,10
58161,1,33.0,33,33
58162,1,32.0,32,32
58163,1,21.0,21,21
58164,1,21.0,21,21
58201,1,13.0,13,13
58202,1,13.0,13,13
58203,1,27.0,27,27
58204,1,27.0,27,27
58205,1,40.0,40,40
58206,1,41.0,41,41
58207,1,28.0,28,28
58208,1,28.0,28,28
58209,1,10.0,10,10
58210,1,13.0,13,13
58212,1,13.0,13,13
58213,1,46.0,46,46
58214,1,46.0,46,46
58217,1,11.0,11,11
58218,1,12.0,12,12
58219,1,27.0,27,27
58220,1,27.0,27,27
58221,1,18.0,18,18
58222,1,18.0,18,18
58223,1,13.0,13,13
58224,1,18.0,18,18
58227,1,7.0,7,7
58301,1,39.0,39,39
58302,1,39.0,39,39
58303,1,4.0,4,4
58304,1,4.0,4,4
58401,1,12.0,12,12
58402,1,12.0,12,12
58403,1,9.0,9,9
58404,1,9.0,9,9
58405,1,9.0,9,9
58406,1,9.0,9,9
58408,1,28.0,28,28
58409,1,9.0,9,9
58410,1,9.0,9,9
58411,1,25.0,25,25
58412,1,25.0,25,25
58413,1,40.0,40,40
58414,1,41.0,41,41
58415,1,19.0,19,19
58416,1,19.0,19,19
58417,1,57.0,57,57
58418,1,57.0,57,57
58419,1,34.0,34,34
58420,1,34.0,34,34
58421,1,28.0,28,28
58422,1,28.0,28,28
58423,1,21.0,21,21
58424,1,21.0,21,21
58425,1,20.0,20,20
58426,1,20.0,20,20
58427,1,7.0,7,7
58428,1,6.0,6,6
58429,1,5.0,5,5
58430,1,5.0,5,5
58431,1,5.0,5,5
58432,1,5.0,5,5
58433,1,16.0,16,16
58434,1,15.0,15,15
58435,1,21.0,21,21
58436,1,21.0,21,21
58501,1,51.0,51,51
58502,1,51.0,51,51
58503,1,23.0,23,23
58504,1,23.0,23,23
58505,1,26.0,26,26
58506,1,26.0,26,26
58525,1,25.0,25,25
58526,1,24.0,24,24
58527,1,54.0,54,54
58528,1,54.0,54,54
58529,1,62.0,62,62
58530,1,62.0,62,62
58531,1,25.0,25,25
58532,1,25.0,25,25
58533,1,41.0,41,41
58534,1,41.0,41,41
58535,1,12.0,12,12
58536,1,12.0,12,12
58537,1,37.0,37,37
58538,1,37.0,37,37
58601,1,20.0,20,20
58602,1,20.0,20,20
58603,1,38.0,38,38
58604,1,38.0,38,38
58621,1,20.0,20,20
58622,1,20.0,20,20
58651,1,8.0,8,8
58652,1,8.0,8,8
58653,1,10.0,10,10
58654,1,10.0,10,10
58655,1,8.0,8,8
58656,1,8.0,8,8
58657,1,8.0,8,8
58658,1,5.0,5,5
58659,1,19.0,19,19
58660,1,19.0,19,19
58661,1,27.0,27,27
58662,1,27.0,27,27
58701,1,22.0,22,22
58702,1,22.0,22,22
58711,1,6.0,6,6
58712,1,6.0,6,6
58713,1,6.0,6,6
58714,1,6.0,6,6
58715,1,6.0,6,6
58716,1,6.0,6,6
58717,1,2.0,2,2
58718,1,2.0,2,2
58719,1,1.0,1,1
58720,1,1.0,1,1
58721,1,1.0,1,1
58722,1,1.0,1,1
58801,1,26.0,26,26
58802,1,26.0,26,26
58803,1,26.0,26,26
58804,1,26.0,26,26
58805,1,25.0,25,25
58806,1,12.0,12,12
58808,1,12.0,12,12
58809,1,5.0,5,5
58810,1,6.0,6,6
58811,1,6.0,6,6
58812,1,5.0,5,5
58813,1,5.0,5,5
58814,1,5.0,5,5
58815,1,18.0,18,18
58816,1,18.0,18,18
58817,1,7.0,7,7
58818,1,7.0,7,7
58843,1,15.0,15,15
58844,1,15.0,15,15
58845,1,15.0,15,15
58846,1,15.0,15,15
58847,1,15.0,15,15
58848,1,15.0,15,15
58877,1,15.0,15,15
58878,1,15.0,15,15
59013,1,29.0,29,29
59014,1,29.0,29,29
59023,1,18.0,18,18
59024,1,19.0,19,19
59037,1,28.0,28,28
59038,1,29.0,29,29
59039,1,16.0,16,16
59040,1,12.0,12,12
59045,1,18.0,18,18
59046,1,21.0,21,21
59048,1,11.0,11,11
59049,1,60.0,60,60
59050,1,60.0,60,60
59075,1,42.0,42,42
59076,1,42.0,42,42
59077,1,28.0,28,28
59078,1,29.0,29,29
59101,1,9.0,9,9
59102,1,9.0,9,9
59103,1,9.0,9,9
59104,1,9.0,9,9
59117,1,16.0,16,16
59118,1,17.0,17,17
59119,1,17.0,17,17
59120,1,16.0,16,16
59121,1,17.0,17,17
59122,1,17.0,17,17
59151,1,8.0,8,8
59152,1,8.0,8,8
59153,1,8.0,8,8
59154,1,8.0,8,8
59161,1,18.0,18,18
59162,1,18.0,18,18
59163,1,1.0,1,1
59164,1,1.0,1,1
59167,1,12.0,12,12
59168,1,12.0,12,12
59169,1,1.0,1,1
59170,1,1.0,1,1
59201,1,6.0,6,6
59202,1,6.0,6,6
59203,1,20.0,20,20
59204,1,20.0,20,20
59205,1,9.0,9,9
59206,1,9.0,9,9
59207,1,58.0,58,58
59208,1,57.0,57,57
59211,1,19.0,19,19
59212,1,19.0,19,19
59213,1,6.0,6,6
59214,1,5.0,5,5
59215,1,5.0,5,5
59216,1,6.0,6,6
59225,1,23.0,23,23
59226,1,23.0,23,23
59227,1,10.0,10,10
59228,1,10.0,10,10
59229,1,21.0,21,21
59230,1,22.0,22,22
59231,1,8.0,8,8
59232,1,8.0,8,8
59233,1,18.0,18,18
59234,1,18.0,18,18
59235,1,20.0,20,20
59236,1,20.0,20,20
59243,1,5.0,5,5
59244,1,5.0,5,5
59267,1,6.0,6,6
59268,1,6.0,6,6
59269,1,6.0,6,6
59270,1,6.0,6,6
59271,1,16.0,16,16
59272,1,16.0,16,16
59295,1,6.0,6,6
59296,1,6.0,6,6
59297,1,21.0,21,21
59298,1,21.0,21,21
59306,1,8.0,8,8
59307,1,8.0,8,8
59317,1,6.0,6,6
59318,1,6.0,6,6
59319,1,23.0,23,23
59320,1,23.0,23,23
59341,1,42.0,42,42
59342,1,42.0,42,42
59345,1,4.0,4,4
59346,1,4.0,4,4
59353,1,6.0,6,6
59354,1,6.0,6,6
59355,1,63.0,63,63
59356,1,63.0,63,63
59357,1,14.0,14,14
59358,1,14.0,14,14
59359,1,7.0,7,7
59360,1,7.0,7,7
59379,1,5.0,5,5
59380,1,5.0,5,5
59385,1,47.0,47,47
59386,1,46.0,46,46
59387,1,15.0,15,15
59388,1,15.0,15,15
59393,1,48.0,48,48
59394,1,48.0,48,48
59395,1,11.0,11,11
59396,1,13.0,13,13
59421,1,19.0,19,19
59422,1,20.0,20,20
59423,1,20.0,20,20
59424,1,19.0,19,19
59425,1,36.0,36,36
59426,1,36.0,36,36
59439,1,70.0,70,70
59440,1,64.0,64,64
59441,1,72.0,72,72
59442,1,72.0,72,72
59473,1,13.0,13,13
59474,1,13.0,13,13
59475,1,4.0,4,4
59476,1,4.0,4,4
59477,1,4.0,4,4
59478,1,4.0,4,4
59481,1,4.0,4,4
59482,1,4.0,4,4
59483,1,4.0,4,4
59484,1,4.0,4,4
59503,1,46.0,46,46
59504,1,46.0,46,46
59507,1,16.0,16,16
59508,1,16.0,16,16
59509,1,6.0,6,6
59510,1,6.0,6,6
59511,1,6.0,6,6
59512,1,6.0,6,6
59547,1,47.0,47,47
59548,1,43.0,43,43
59549,1,6.0,6,6
59550,1,6.0,6,6
59601,1,17.0,17,17
59602,1,17.0,17,17
59603,1,37.0,37,37
59604,1,37.0,37,37
59605,1,11.0,11,11
59606,1,11.0,11,11
59607,1,3.0,3,3
59608,1,3.0,3,3
59705,1,53.0,53,53
59706,1,53.0,53,53
59707,1,8.0,8,8
59708,1,7.0,7,7
59709,1,8.0,8,8
59710,1,9.0,9,9
59711,1,15.0,15,15
59712,1,15.0,15,15
59713,1,8.0,8,8
59714,1,8.0,8,8
59715,1,26.0,26,26
59716,1,26.0,26,26
59717,1,26.0,26,26
59718,1,26.0,26,26
59719,1,26.0,26,26
59720,1,26.0,26,26
59721,1,40.0,40,40
59722,1,40.0,40,40
59727,1,23.0,23,23
59728,1,15.0,15,15
59729,1,15.0,15,15
59730,1,23.0,23,23
59731,1,8.0,8,8
59732,1,8.0,8,8
59733,1,7.0,7,7
59734,1,7.0,7,7
59735,1,2.0,2,2
59736,1,2.0,2,2
59803,1,22.0,22,22
59804,1,22.0,22,22
59805,1,21.0,21,21
59806,1,20.0,20,20
59811,1,69.0,69,69
59812,1,69.0,69,69
59813,1,40.0,40,40
59814,1,39.0,39,39
59821,1,40.0,40,40
59822,1,45.0,45,45
59823,1,12.0,12,12
59824,1,12.0,12,12
59825,1,12.0,12,12
59826,1,12.0,12,12
59827,1,1.0,1,1
59828,1,1.0,1,1
59831,1,62.0,62,62
59832,1,61.0,61,61
59833,1,13.0,13,13
59834,1,13.0,13,13
59835,1,18.0,18,18
59836,1,18.0,18,18
59837,1,9.0,9,9
59838,1,9.0,9,9
59839,1,9.0,9,9
59840,1,9.0,9,9
61631,1,14.0,14,14
61632,1,14.0,14,14
63105,1,29.0,29,29
63108,1,32.0,32,32
63141,1,28.0,28,28
63142,1,34.0,34,34
63151,1,1.0,1,1
63153,1,1.0,1,1
63154,1,1.0,1,1
63155,1,1.0,1,1
63156,1,1.0,1,1
63157,1,1.0,1,1
63158,1,1.0,1,1
63159,1,1.0,1,1
63160,1,1.0,1,1
63161,1,1.0,1,1
63162,1,1.0,1,1
63163,1,1.0,1,1
63164,1,1.0,1,1
63165,1,1.0,1,1
63166,1,1.0,1,1
63167,1,0.0,0,0
63168,1,0.0,0,0
63169,1,1.0,1,1
63203,1,6.0,6,6
63204,1,6.0,6,6
63205,1,23.0,23,23
63206,1,20.0,20,20
63207,1,28.0,28,28
63208,1,32.0,32,32
63209,1,27.0,27,27
63210,1,28.0,28,28
63211,1,32.0,32,32
63212,1,27.0,27,27
63213,1,9.0,9,9
63214,1,11.0,11,11
63217,1,16.0,16,16
63218,1,16.0,16,16
63219,1,12.0,12,12
63220,1,15.0,15,15
63221,1,5.0,5,5
63222,1,5.0,5,5
63223,1,8.0,8,8
63224,1,8.0,8,8
63225,1,32.0,32,32
63226,1,37.0,37,37
63227,1,35.0,35,35
63228,1,29.0,29,29
63231,1,31.0,31,31
63232,1,16.0,16,16
63233,1,33.0,33,33
63234,1,27.0,27,27
63235,1,9.0,9,9
63237,1,19.0,19,19
63238,1,18.0,18,18
63240,1,9.0,9,9
63241,1,24.0,24,24
63242,1,11.0,11,11
63243,1,24.0,24,24
63244,1,24.0,24,24
63245,1,15.0,15,15
63246,1,15.0,15,15
63247,1,11.0,11,11
63248,1,24.0,24,24
63249,1,14.0,14,14
63250,1,12.0,12,12
63251,1,16.0,16,16
63252,1,15.0,15,15
63253,1,13.0,13,13
63254,1,22.0,22,22
63255,1,11.0,11,11
63256,1,11.0,11,11
63257,1,24.0,24,24
63258,1,24.0,24,24
63259,1,16.0,16,16
63260,1,19.0,19,19
63261,1,25.0,25,25
63262,1,22.0,22,22
63263,1,18.0,18,18
63264,1,29.0,29,29
63271,1,13.0,13,13
63272,1,13.0,13,13
63273,1,4.0,4,4
63274,1,5.0,5,5
63275,1,4.0,4,4
63276,1,5.0,5,5
63279,1,18.0,18,18
63280,1,23.0,23,23
63283,1,23.0,23,23
63284,1,23.0,23,23
63285,1,22.0,22,22
63286,1,18.0,18,18
63289,1,12.0,12,12
63290,1,12.0,12,12
63291,1,12.0,12,12
63292,1,12.0,12,12
63293,1,16.0,16,16
63294,1,16.0,16,16
63295,1,26.0,26,26
63296,1,26.0,26,26
63501,1,1.0,1,1
63502,1,32.0,32,32
63505,1,12.0,12,12
63506,1,12.0,12,12
63507,1,12.0,12,12
63508,1,12.0,12,12
63509,1,12.0,12,12
63510,1,12.0,12,12
63511,1,12.0,12,12
63512,1,12.0,12,12
63513,1,12.0,12,12
63514,1,12.0,12,12
63515,1,12.0,12,12
63516,1,12.0,12,12
63517,1,12.0,12,12
63518,1,12.0,12,12
63519,1,12.0,12,12
63520,1,12.0,12,12
63521,1,12.0,12,12
63522,1,12.0,12,12
63523,1,12.0,12,12
63524,1,12.0,12,12
63525,1,12.0,12,12
63526,1,12.0,12,12
63527,1,4.0,4,4
63528,1,4.0,4,4
63529,1,16.0,16,16
63530,1,15.0,15,15
63531,1,12.0,12,12
63532,1,12.0,12,12
63533,1,12.0,12,12
63534,1,12.0,12,12
63535,1,11.0,11,11
63536,1,12.0,12,12
63537,1,12.0,12,12
63538,1,12.0,12,12
63541,1,16.0,16,16
63542,1,16.0,16,16
63543,1,16.0,16,16
63544,1,15.0,15,15
63545,1,11.0,11,11
63546,1,10.0,10,10
63547,1,13.0,13,13
63548,1,12.0,12,12
63549,1,20.0,20,20
63550,1,21.0,21,21
63551,1,11.0,11,11
63552,1,11.0,11,11
63553,1,81.0,81,81
63554,1,81.0,81,81
63561,1,14.0,14,14
63562,1,14.0,14,14
63563,1,14.0,14,14
63564,1,14.0,14,14
63565,1,3.0,3,3
63566,1,3.0,3,3
63567,1,18.0,18,18
63568,1,18.0,18,18
63569,1,12.0,12,12
63570,1,14.0,14,14
63571,1,18.0,18,18
63572,1,18.0,18,18
63573,1,11.0,11,11
63574,1,11.0,11,11
63581,1,17.0,17,17
63582,1,17.0,17,17
63583,1,17.0,17,17
63584,1,17.0,17,17
63591,1,19.0,19,19
63592,1,19.0,19,19
63593,1,13.0,13,13
63594,1,13.0,13,13
63595,1,24.0,24,24
63596,1,24.0,24,24
63597,1,27.0,27,27
63598,1,27.0,27,27
64001,1,16.0,16,16
64002,1,16.0,16,16
64003,1,8.0,8,8
64004,1,12.0,12,12
64011,1,14.0,14,14
64012,1,14.0,14,14
64013,1,14.0,14,14
64014,1,14.0,14,14
64015,1,14.0,14,14
64016,1,14.0,14,14
64017,1,14.0,14,14
64018,1,4.0,4,4
64019,1,13.0,13,13
64031,1,11.0,11,11
64032,1,10.0,10,10
64034,1,10.0,10,10
64036,1,8.0,8,8
64051,1,14.0,14,14
64052,1,15.0,15,15
64053,1,15.0,15,15
64055,1,16.0,16,16
64057,1,15.0,15,15
64061,1,11.0,11,11
64062,1,11.0,11,11
64064,1,11.0,11,11
64071,1,12.0,12,12
64073,1,14.0,14,14
64074,1,14.0,14,14
64075,1,9.0,9,9
64076,1,9.0,9,9
64077,1,9.0,9,9
64078,1,9.0,9,9
64080,1,9.0,9,9
64082,1,9.0,9,9
64084,1,9.0,9,9
64087,1,15.0,15,15
64088,1,2.0,2,2
64089,1,19.0,19,19
64090,1,19.0,19,19
64091,1,21.0,21,21
64092,1,19.0,19,19
64093,1,12.0,12,12
64094,1,12.0,12,12
64095,1,16.0,16,16
64096,1,12.0,12,12
64097,1,4.0,4,4
64098,1,12.0,12,12
64101,1,19.0,19,19
64102,1,19.0,19,19
64103,1,19.0,19,19
64104,1,8.0,8,8
64105,1,22.0,22,22
64106,1,13.0,13,13
64107,1,8.0,8,8
64108,1,13.0,13,13
64109,1,16.0,16,16
64110,1,22.0,22,22
64111,1,17.0,17,17
64112,1,12.0,12,12
64113,1,20.0,20,20
64114,1,22.0,22,22
64151,1,19.0,19,19
64152,1,19.0,19,19
64153,1,14.0,14,14
64154,1,9.0,9,9
64155,1,9.0,9,9
64156,1,14.0,14,14
64157,1,14.0,14,14
64158,1,9.0,9,9
64159,1,8.0,8,8
64160,1,16.0,16,16
64161,1,11.0,11,11
64162,1,10.0,10,10
64163,1,1.0,1,1
64164,1,11.0,11,11
64165,1,9.0,9,9
64167,1,30.0,30,30
64168,1,30.0,30,30
64201,1,11.0,11,11
64202,1,11.0,11,11
64203,1,11.0,11,11
64204,1,11.0,11,11
64205,1,11.0,11,11
64206,1,11.0,11,11
64207,1,11.0,11,11
64208,1,11.0,11,11
64209,1,12.0,12,12
64210,1,11.0,11,11
64211,1,11.0,11,11
64212,1,11.0,11,11
64213,1,11.0,11,11
64214,1,14.0,14,14
64216,1,14.0,14,14
64221,1,20.0,20,20
64222,1,20.0,20,20
64231,1,3.0,3,3
64232,1,3.0,3,3
64234,1,3.0,3,3
64235,1,15.0,15,15
64236,1,15.0,15,15
64251,1,11.0,11,11
64252,1,11.0,11,11
64253,1,14.0,14,14
64254,1,11.0,11,11
64255,1,14.0,14,14
64257,1,11.0,11,11
64260,1,13.0,13,13
64271,1,8.0,8,8
64272,1,8.0,8,8
64273,1,8.0,8,8
64274,1,8.0,8,8
64275,1,8.0,8,8
64281,1,16.0,16,16
64282,1,16.0,16,16
64401,1,3.0,3,3
64402,1,3.0,3,3
64403,1,3.0,3,3
64404,1,3.0,3,3
64406,1,3.0,3,3
64407,1,3.0,3,3
64408,1,3.0,3,3
64409,1,5.0,5,5
64410,1,6.0,6,6
64411,1,6.0,6,6
64412,1,3.0,3,3
64414,1,3.0,3,3
64415,1,4.0,4,4
64417,1,8.0,8,8
64418,1,8.0,8,8
64419,1,8.0,8,8
64420,1,7.0,7,7
64421,1,4.0,4,4
64422,1,4.0,4,4
64423,1,5.0,5,5
64424,1,5.0,5,5
64425,1,6.0,6,6
64426,1,6.0,6,6
64427,1,6.0,6,6
64428,1,5.0,5,5
64429,1,6.0,6,6
64430,1,5.0,5,5
64431,1,5.0,5,5
64432,1,5.0,5,5
64433,1,6.0,6,6
64434,1,8.0,8,8
64437,1,7.0,7,7
64439,1,7.0,7,7
64441,1,5.0,5,5
64443,1,8.0,8,8
64445,1,3.0,3,3
64449,1,6.0,6,6
64450,1,6.0,6,6
64451,1,16.0,16,16
64452,1,26.0,26,26
64453,1,16.0,16,16
64454,1,26.0,26,26
64461,1,30.0,30,30
64462,1,30.0,30,30
64463,1,16.0,16,16
64464,1,17.0,17,17
64465,1,27.0,27,27
64466,1,17.0,17,17
64470,1,17.0,17,17
64471,1,24.0,24,24
64472,1,24.0,24,24
64481,1,15.0,15,15
64482,1,5.0,5,5
64483,1,5.0,5,5
64491,1,9.0,9,9
64492,1,9.0,9,9
64493,1,6.0,6,6
64494,1,6.0,6,6
64496,1,12.0,12,12
64501,1,11.0,11,11
64502,1,11.0,11,11
64504,1,11.0,11,11
64511,1,30.0,30,30
64512,1,30.0,30,30
64513,1,30.0,30,30
64514,1,18.0,18,18
64515,1,18.0,18,18
64516,1,18.0,18,18
64517,1,18.0,18,18
64518,1,18.0,18,18
64521,1,12.0,12,12
64522,1,12.0,12,12
64523,1,12.0,12,12
64524,1,12.0,12,12
64531,1,15.0,15,15
64532,1,15.0,15,15
64533,1,16.0,16,16
64534,1,24.0,24,24
64536,1,16.0,16,16
64541,1,15.0,15,15
64542,1,15.0,15,15
64543,1,15.0,15,15
64545,1,5.0,5,5
64546,1,5.0,5,5
64547,1,5.0,5,5
64548,1,5.0,5,5
64551,1,19.0,19,19
64552,1,17.0,17,17
64553,1,22.0,22,22
64554,1,22.0,22,22
64555,1,9.0,9,9
64556,1,9.0,9,9
64557,1,26.0,26,26
64558,1,26.0,26,26
64559,1,26.0,26,26
64560,1,26.0,26,26
64561,1,38.0,38,38
64562,1,38.0,38,38
64563,1,21.0,21,21
64564,1,21.0,21,21
64565,1,28.0,28,28
64566,1,28.0,28,28
64567,1,18.0,18,18
64568,1,18.0,18,18
64569,1,11.0,11,11
64570,1,11.0,11,11
64581,1,24.0,24,24
64582,1,24.0,24,24
64583,1,29.0,29,29
64584,1,30.0,30,30
64585,1,0.0,0,0
64586,1,0.0,0,0
64587,1,27.0,27,27
64588,1,27.0,27,27
64589,1,10.0,10,10
64590,1,10.0,10,10
64591,1,29.0,29,29
64592,1,29.0,29,29
64593,1,11.0,11,11
64594,1,11.0,11,11
64595,1,18.0,18,18
64596,1,18.0,18,18
64901,1,20.0,20,20
64902,1,20.0,20,20
64903,1,25.0,25,25
64904,1,25.0,25,25
64905,1,19.0,19,19
64906,1,15.0,15,15
64908,1,12.0,12,12
64910,1,24.0,24,24
64911,1,15.0,15,15
64912,1,15.0,15,15
64913,1,15.0,15,15
64914,1,15.0,15,15
64915,1,15.0,15,15
64916,1,15.0,15,15
64931,1,15.0,15,15
64932,1,15.0,15,15
64951,1,13.0,13,13
64952,1,13.0,13,13
64953,1,24.0,24,24
64955,1,6.0,6,6
64956,1,6.0,6,6
64957,1,17.0,17,17
64958,1,17.0,17,17
64959,1,12.0,12,12
66000,1,5.0,5,5
66001,1,9.0,9,9
66002,1,5.0,5,5
66003,1,5.0,5,5
66004,1,5.0,5,5
66005,1,5.0,5,5
66006,1,9.0,9,9
66007,1,5.0,5,5
66008,1,12.0,12,12
66009,1,12.0,12,12
66010,1,12.0,12,12
66011,1,12.0,12,12
66012,1,9.0,9,9
66013,1,7.0,7,7
66014,1,9.0,9,9
66015,1,12.0,12,12
66016,1,10.0,10,10
66017,1,16.0,16,16
66018,1,16.0,16,16
66019,1,25.0,25,25
66020,1,25.0,25,25
66021,1,4.0,4,4
66022,1,11.0,11,11
66025,1,14.0,14,14
66026,1,19.0,19,19
66027,1,14.0,14,14
66028,1,19.0,19,19
66029,1,10.0,10,10
66030,1,10.0,10,10
66031,1,10.0,10,10
66032,1,10.0,10,10
66033,1,14.0,14,14
66034,1,14.0,14,14
66035,1,14.0,14,14
66036,1,19.0,19,19
66037,1,8.0,8,8
66038,1,10.0,10,10
66039,1,10.0,10,10
66040,1,12.0,12,12
66041,1,13.0,13,13
66042,1,9.0,9,9
66043,1,9.0,9,9
66044,1,12.0,12,12
66045,1,3.0,3,3
66046,1,3.0,3,3
66047,1,12.0,12,12
66048,1,13.0,13,13
66049,1,10.0,10,10
66050,1,10.0,10,10
66051,1,5.0,5,5
66052,1,5.0,5,5
66053,1,10.0,10,10
66054,1,3.0,3,3
66300,1,23.0,23,23
66301,1,23.0,23,23
66302,1,23.0,23,23
66303,1,23.0,23,23
66304,1,30.0,30,30
66305,1,30.0,30,30
66307,1,23.0,23,23
66308,1,23.0,23,23
66309,1,15.0,15,15
66310,1,15.0,15,15
66511,1,15.0,15,15
66512,1,14.0,14,14
66513,1,4.0,4,4
66514,1,13.0,13,13
66515,1,12.0,12,12
66516,1,4.0,4,4
66517,1,4.0,4,4
66518,1,4.0,4,4
66519,1,9.0,9,9
66520,1,9.0,9,9
66523,1,14.0,14,14
66524,1,14.0,14,14
66527,1,3.0,3,3
66528,1,3.0,3,3
66529,1,14.0,14,14
66530,1,10.0,10,10
66531,1,10.0,10,10
66532,1,15.0,15,15
66533,1,12.0,12,12
66534,1,11.0,11,11
66535,1,6.0,6,6
66536,1,7.0,7,7
66537,1,7.0,7,7
66538,1,7.0,7,7
66539,1,7.0,7,7
66540,1,7.0,7,7
66541,1,5.0,5,5
66542,1,5.0,5,5
66543,1,15.0,15,15
66544,1,14.0,14,14
66600,1,13.0,13,13
66601,1,13.0,13,13
66602,1,20.0,20,20
66603,1,20.0,20,20
66604,1,12.0,12,12
66605,1,12.0,12,12
66606,1,6.0,6,6
66607,1,6.0,6,6
66608,1,20.0,20,20
66609,1,20.0,20,20
66611,1,26.0,26,26
66612,1,26.0,26,26
67247,1,15.0,15,15
67248,1,16.0,16,16
67249,1,14.0,14,14
67250,1,14.0,14,14
67251,1,5.0,5,5
67253,1,5.0,5,5
67254,1,4.0,4,4
67255,1,3.0,3,3
67256,1,18.0,18,18
67257,1,18.0,18,18
67258,1,3.0,3,3
67259,1,4.0,4,4
67260,1,25.0,25,25
67261,1,24.0,24,24
67262,1,22.0,22,22
67263,1,25.0,25,25
67264,1,16.0,16,16
67265,1,16.0,16,16
67266,1,15.0,15,15
67267,1,16.0,16,16
67269,1,10.0,10,10
67270,1,10.0,10,10
67271,1,14.0,14,14
67272,1,16.0,16,16
67273,1,4.0,4,4
67274,1,4.0,4,4
67275,1,14.0,14,14
67276,1,14.0,14,14
67277,1,19.0,19,19
67278,1,19.0,19,19
67279,1,17.0,17,17
67280,1,17.0,17,17
67282,1,16.0,16,16
67291,1,8.0,8,8
67292,1,8.0,8,8
67293,1,8.0,8,8
67294,1,16.0,16,16
67295,1,13.0,13,13
67296,1,9.0,9,9
67297,1,23.0,23,23
67298,1,23.0,23,23
67299,1,25.0,25,25
67300,1,26.0,26,26
68001,1,12.0,12,12
68003,1,21.0,21,21
68004,1,21.0,21,21
68005,1,16.0,16,16
68006,1,17.0,17,17
68007,1,41.0,41,41
68008,1,12.0,12,12
68009,1,7.0,7,7
68010,1,7.0,7,7
68011,1,16.0,16,16
68012,1,16.0,16,16
68013,1,17.0,17,17
68014,1,16.0,16,16
68015,1,16.0,16,16
68016,1,16.0,16,16
68017,1,37.0,37,37
68018,1,37.0,37,37
68019,1,38.0,38,38
68020,1,39.0,39,39
68021,1,16.0,16,16
68022,1,16.0,16,16
68023,1,25.0,25,25
68024,1,25.0,25,25
68047,1,4.0,4,4
68048,1,4.0,4,4
68053,1,9.0,9,9
68054,1,9.0,9,9
68055,1,27.0,27,27
68056,1,27.0,27,27
68057,1,5.0,5,5
68058,1,5.0,5,5
68059,1,17.0,17,17
68060,1,17.0,17,17
68063,1,7.0,7,7
68069,1,7.0,7,7
68070,1,7.0,7,7
68071,1,14.0,14,14
68072,1,7.0,7,7
68073,1,3.0,3,3
68074,1,10.0,10,10
68075,1,3.0,3,3
68076,1,3.0,3,3
68077,1,7.0,7,7
68078,1,7.0,7,7
68079,1,5.0,5,5
68080,1,5.0,5,5
68081,1,6.0,6,6
68082,1,11.0,11,11
68088,1,17.0,17,17
68089,1,18.0,18,18
68090,1,18.0,18,18
68091,1,7.0,7,7
68092,1,5.0,5,5
68093,1,8.0,8,8
68094,1,8.0,8,8
68097,1,13.0,13,13
68098,1,13.0,13,13
68643,1,0.0,0,0
68644,1,0.0,0,0
68645,1,0.0,0,0
68646,1,0.0,0,0
68685,1,20.0,20,20
68686,1,16.0,16,16
68688,1,16.0,16,16
68689,1,16.0,16,16
68690,1,20.0,20,20
68701,1,8.0,8,8
68702,1,9.0,9,9
68703,1,8.0,8,8
68704,1,9.0,9,9
68705,1,16.0,16,16
68706,1,31.0,31,31
68707,1,8.0,8,8
68708,1,9.0,9,9
68709,1,16.0,16,16
68710,1,17.0,17,17
68711,1,7.0,7,7
68712,1,7.0,7,7
68713,1,15.0,15,15
68714,1,15.0,15,15
68715,1,15.0,15,15
68716,1,15.0,15,15
68717,1,8.0,8,8
68718,1,5.0,5,5
68719,1,13.0,13,13
68721,1,16.0,16,16
68723,1,7.0,7,7
68724,1,25.0,25,25
68725,1,8.0,8,8
68726,1,8.0,8,8
68727,1,13.0,13,13
68728,1,13.0,13,13
68729,1,16.0,16,16
68730,1,17.0,17,17
68731,1,13.0,13,13
68732,1,13.0,13,13
68733,1,13.0,13,13
68734,1,13.0,13,13
68735,1,16.0,16,16
68736,1,15.0,15,15
68737,1,16.0,16,16
68738,1,13.0,13,13
68739,1,11.0,11,11
68740,1,11.0,11,11
68741,1,15.0,15,15
68742,1,15.0,15,15
68743,1,15.0,15,15
68744,1,15.0,15,15
68745,1,27.0,27,27
68746,1,26.0,26,26
68747,1,35.0,35,35
68748,1,35.0,35,35
68749,1,23.0,23,23
68750,1,23.0,23,23
69101,1,18.0,18,18
69102,1,18.0,18,18
69104,1,7.0,7,7
69105,1,11.0,11,11
69106,1,11.0,11,11
69107,1,18.0,18,18
69108,1,18.0,18,18
69109,1,21.0,21,21
69110,1,22.0,22,22
69111,1,21.0,21,21
69112,1,21.0,21,21
69113,1,18.0,18,18
69114,1,18.0,18,18
69115,1,18.0,18,18
69116,1,5.0,5,5
69117,1,19.0,19,19
69118,1,19.0,19,19
69119,1,19.0,19,19
69120,1,19.0,19,19
69121,1,9.0,9,9
69122,1,9.0,9,9
69123,1,11.0,11,11
69124,1,11.0,11,11
69125,1,11.0,11,11
69126,1,11.0,11,11
69127,1,11.0,11,11
69128,1,11.0,11,11
69129,1,11.0,11,11
69130,1,11.0,11,11
69131,1,3.0,3,3
69132,1,3.0,3,3
69133,1,4.0,4,4
69134,1,4.0,4,4
69135,1,4.0,4,4
69136,1,4.0,4,4
69137,1,6.0,6,6
69138,1,6.0,6,6
69139,1,32.0,32,32
69140,1,28.0,28,28
69141,1,20.0,20,20
69142,1,20.0,20,20
69143,1,10.0,10,10
69144,1,10.0,10,10
69145,1,11.0,11,11
69146,1,11.0,11,11
69147,1,11.0,11,11
69149,1,39.0,39,39
69150,1,40.0,40,40
69151,1,11.0,11,11
69152,1,11.0,11,11
69153,1,7.0,7,7
69154,1,7.0,7,7
69161,1,18.0,18,18
69164,1,17.0,17,17
69165,1,9.0,9,9
69166,1,9.0,9,9
69167,1,7.0,7,7
69168,1,9.0,9,9
69169,1,21.0,21,21
69171,1,9.0,9,9
69172,1,10.0,10,10
69173,1,6.0,6,6
69174,1,8.0,8,8
69181,1,12.0,12,12
69182,1,12.0,12,12
69183,1,4.0,4,4
69184,1,4.0,4,4
69185,1,6.0,6,6
69186,1,6.0,6,6
69187,1,12.0,12,12
69188,1,12.0,12,12
69189,1,21.0,21,21
69190,1,21.0,21,21
69191,1,15.0,15,15
69192,1,15.0,15,15
69195,1,4.0,4,4
69196,1,4.0,4,4
70101,1,10.0,10,10
70102,1,10.0,10,10
70103,1,10.0,10,10
70104,1,10.0,10,10
70105,1,28.0,28,28
70106,1,28.0,28,28
71081,1,4.0,4,4
71082,1,11.0,11,11
71083,1,4.0,4,4
71084,1,4.0,4,4
71085,1,4.0,4,4
71086,1,4.0,4,4
71088,1,6.0,6,6
71089,1,11.0,11,11
71092,1,15.0,15,15
71093,1,4.0,4,4
71094,1,4.0,4,4
71095,1,11.0,11,11
71096,1,11.0,11,11
71401,1,4.0,4,4
71402,1,14.0,14,14
71403,1,9.0,9,9
71404,1,14.0,14,14
71405,1,4.0,4,4
71407,1,9.0,9,9
71408,1,9.0,9,9
71409,1,9.0,9,9
71410,1,9.0,9,9
71411,1,9.0,9,9
71413,1,30.0,30,30
71414,1,31.0,31,31
71415,1,31.0,31,31
71416,1,29.0,29,29
71901,1,6.0,6,6
71902,1,6.0,6,6
71903,1,20.0,20,20
71904,1,20.0,20,20
71905,1,6.0,6,6
71906,1,6.0,6,6
71907,1,20.0,20,20
71908,1,20.0,20,20
71909,1,13.0,13,13
71910,1,13.0,13,13
72171,1,2.0,2,2
72172,1,2.0,2,2
72173,1,2.0,2,2
72174,1,2.0,2,2
72175,1,2.0,2,2
72176,1,2.0,2,2
72177,1,2.0,2,2
72178,1,2.0,2,2
72179,1,2.0,2,2
72180,1,2.0,2,2
72203,1,4.0,4,4
72204,1,4.0,4,4
72205,1,4.0,4,4
72206,1,4.0,4,4
72207,1,4.0,4,4
72208,1,4.0,4,4
72209,1,4.0,4,4
72210,1,4.0,4,4
72451,1,1.0,1,1
72452,1,1.0,1,1
73011,1,17.0,17,17
73012,1,17.0,17,17
73021,1,9.0,9,9
73022,1,9.0,9,9
73031,1,11.0,11,11
73032,1,11.0,11,11
73033,1,7.0,7,7
73034,1,7.0,7,7
73035,1,21.0,21,21
73036,1,21.0,21,21
73037,1,8.0,8,8
73038,1,8.0,8,8
73151,1,46.0,46,46
73152,1,46.0,46,46
73211,1,3.0,3,3
73212,1,3.0,3,3
73213,1,10.0,10,10
73214,1,10.0,10,10
73215,1,5.0,5,5
73216,1,5.0,5,5
73261,1,10.0,10,10
73262,1,10.0,10,10
73263,1,10.0,10,10
73264,1,10.0,10,10
73421,1,11.0,11,11
73422,1,11.0,11,11
73425,1,8.0,8,8
73426,1,8.0,8,8
73427,1,9.0,9,9
73428,1,9.0,9,9
73429,1,11.0,11,11
73430,1,12.0,12,12
73451,1,8.0,8,8
73452,1,8.0,8,8
73453,1,8.0,8,8
73454,1,8.0,8,8
73461,1,3.0,3,3
73462,1,3.0,3,3
73463,1,3.0,3,3
73464,1,3.0,3,3
73538,1,16.0,16,16
73539,1,16.0,16,16
73581,1,7.0,7,7
73582,1,7.0,7,7
73901,1,0.0,0,0
73902,1,0.0,0,0
73903,1,0.0,0,0
73904,1,0.0,0,0
73905,1,0.0,0,0
73911,1,4.0,4,4
73912,1,0.0,0,0
73913,1,0.0,0,0
73914,1,4.0,4,4
73916,1,0.0,0,0
74001,1,16.0,16,16
74002,1,16.0,16,16
74003,1,16.0,16,16
74004,1,16.0,16,16
74011,1,15.0,15,15
74012,1,15.0,15,15
74013,1,39.0,39,39
74014,1,39.0,39,39
74015,1,14.0,14,14
74016,1,14.0,14,14
74017,1,6.0,6,6
74018,1,6.0,6,6
74019,1,12.0,12,12
74020,1,12.0,12,12
74021,1,34.0,34,34
74022,1,22.0,22,22
74023,1,22.0,22,22
74024,1,34.0,34,34
74025,1,22.0,22,22
74026,1,22.0,22,22
74027,1,13.0,13,13
74028,1,13.0,13,13
74029,1,12.0,12,12
74030,1,12.0,12,12
74031,1,1.0,1,1
74032,1,9.0,9,9
74033,1,9.0,9,9
74034,1,1.0,1,1
74035,1,1.0,1,1
74036,1,9.0,9,9
74037,1,9.0,9,9
74038,1,1.0,1,1
74201,1,23.0,23,23
74202,1,23.0,23,23
74301,1,7.0,7,7
74302,1,6.0,6,6
74303,1,7.0,7,7
74304,1,7.0,7,7
74305,1,7.0,7,7
74306,1,7.0,7,7
74601,1,4.0,4,4
74602,1,4.0,4,4
74603,1,4.0,4,4
74604,1,4.0,4,4
74605,1,4.0,4,4
74606,1,4.0,4,4
74607,1,4.0,4,4
74608,1,4.0,4,4
74611,1,10.0,10,10
74612,1,10.0,10,10
74613,1,4.0,4,4
74614,1,15.0,15,15
74615,1,15.0,15,15
74616,1,4.0,4,4
74617,1,4.0,4,4
74618,1,4.0,4,4
74619,1,7.0,7,7
74620,1,7.0,7,7
74621,1,4.0,4,4
74622,1,4.0,4,4
74623,1,4.0,4,4
74624,1,4.0,4,4
74625,1,15.0,15,15
74626,1,15.0,15,15
74627,1,15.0,15,15
74628,1,15.0,15,15
74629,1,15.0,15,15
74630,1,15.0,15,15
74631,1,10.0,10,10
74632,1,10.0,10,10
74633,1,10.0,10,10
74634,1,10.0,10,10
74635,1,10.0,10,10
74636,1,10.0,10,10
74637,1,10.0,10,10
74638,1,10.0,10,10
74639,1,10.0,10,10
74640,1,10.0,10,10
74641,1,8.0,8,8
74642,1,10.0,10,10
74643,1,10.0,10,10
74644,1,9.0,9,9
74645,1,20.0,20,20
74646,1,19.0,19,19
74647,1,6.0,6,6
74648,1,8.0,8,8
74651,1,7.0,7,7
74652,1,6.0,6,6
74653,1,6.0,6,6
74654,1,6.0,6,6
74655,1,6.0,6,6
74656,1,6.0,6,6
74657,1,6.0,6,6
74658,1,7.0,7,7
74661,1,2.0,2,2
74662,1,2.0,2,2
74663,1,2.0,2,2
74664,1,2.0,2,2
74671,1,15.0,15,15
74672,1,15.0,15,15
74673,1,14.0,14,14
74674,1,14.0,14,14
74675,1,14.0,14,14
74676,1,14.0,14,14
74681,1,3.0,3,3
74682,1,3.0,3,3
74683,1,2.0,2,2
74684,1,3.0,3,3
74685,1,2.0,2,2
74686,1,2.0,2,2
74687,1,3.0,3,3
74688,1,2.0,2,2
74691,1,4.0,4,4
74692,1,4.0,4,4
74801,1,0.0,0,0
74802,1,0.0,0,0
74803,1,0.0,0,0
74804,1,0.0,0,0
74805,1,0.0,0,0
74806,1,0.0,0,0
74807,1,0.0,0,0
74808,1,0.0,0,0
74809,1,0.0,0,0
74810,1,0.0,0,0
74811,1,0.0,0,0
74812,1,0.0,0,0
74813,1,0.0,0,0
74814,1,0.0,0,0
74815,1,0.0,0,0
74816,1,0.0,0,0
74817,1,0.0,0,0
74818,1,0.0,0,0
74831,1,17.0,17,17
74832,1,17.0,17,17
74833,1,27.0,27,27
74834,1,27.0,27,27
74835,1,47.0,47,47
74836,1,47.0,47,47
74837,1,37.0,37,37
74838,1,37.0,37,37
74839,1,22.0,22,22
74840,1,22.0,22,22
74841,1,33.0,33,33
74842,1,33.0,33,33
74843,1,22.0,22,22
74844,1,22.0,22,22
74845,1,26.0,26,26
74846,1,26.0,26,26
74847,1,26.0,26,26
74848,1,26.0,26,26
74849,1,6.0,6,6
74850,1,6.0,6,6
74851,1,6.0,6,6
74852,1,6.0,6,6
74853,1,6.0,6,6
74854,1,6.0,6,6
74855,1,12.0,12,12
74856,1,12.0,12,12
74857,1,7.0,7,7
74858,1,7.0,7,7
74901,1,16.0,16,16
74902,1,16.0,16,16
74903,1,16.0,16,16
74904,1,16.0,16,16
74906,1,4.0,4,4
74907,1,4.0,4,4
74909,1,17.0,17,17
74910,1,17.0,17,17
74911,1,5.0,5,5
74912,1,5.0,5,5
74913,1,5.0,5,5
74914,1,5.0,5,5
74915,1,5.0,5,5
74916,1,5.0,5,5
74917,1,5.0,5,5
74918,1,5.0,5,5
74919,1,5.0,5,5
74920,1,5.0,5,5
74923,1,16.0,16,16
74924,1,14.0,14,14
74931,1,16.0,16,16
74932,1,13.0,13,13
74933,1,16.0,16,16
74934,1,16.0,16,16
74935,1,16.0,16,16
74936,1,16.0,16,16
74937,1,16.0,16,16
74938,1,16.0,16,16
74939,1,12.0,12,12
74940,1,16.0,16,16
74941,1,0.0,0,0
74942,1,0.0,0,0
74943,1,0.0,0,0
74944,1,0.0,0,0
74945,1,0.0,0,0
74946,1,0.0,0,0
74947,1,0.0,0,0
74948,1,0.0,0,0
74951,1,15.0,15,15
74952,1,15.0,15,15
74953,1,15.0,15,15
74954,1,15.0,15,15
74961,1,18.0,18,18
74962,1,18.0,18,18
74963,1,18.0,18,18
74964,1,18.0,18,18
74965,1,13.0,13,13
74966,1,13.0,13,13
74967,1,13.0,13,13
74968,1,13.0,13,13
74969,1,13.0,13,13
74970,1,13.0,13,13
74971,1,12.0,12,12
74972,1,12.0,12,12
74973,1,12.0,12,12
74974,1,12.0,12,12
74975,1,12.0,12,12
74976,1,12.0,12,12
74977,1,12.0,12,12
74978,1,12.0,12,12
74981,1,11.0,11,11
74982,1,11.0,11,11
74983,1,11.0,11,11
74984,1,11.0,11,11
74985,1,17.0,17,17
74986,1,16.0,16,16
74987,1,12.0,12,12
74988,1,17.0,17,17
74991,1,21.0,21,21
74992,1,21.0,21,21
74993,1,5.0,5,5
74994,1,5.0,5,5
75002,1,34.0,34,34
75003,1,20.0,20,20
75004,1,20.0,20,20
75005,1,34.0,34,34
75007,1,22.0,22,22
75008,1,22.0,22,22
75009,1,20.0,20,20
75010,1,16.0,16,16
75011,1,22.0,22,22
75012,1,25.0,25,25
75013,1,17.0,17,17
75014,1,17.0,17,17
75015,1,17.0,17,17
75016,1,17.0,17,17
75101,1,20.0,20,20
75102,1,20.0,20,20
75103,1,18.0,18,18
75104,1,18.0,18,18
75105,1,35.0,35,35
75106,1,35.0,35,35
75107,1,20.0,20,20
75109,1,12.0,12,12
75111,1,23.0,23,23
75112,1,23.0,23,23
75113,1,22.0,22,22
75114,1,22.0,22,22
75115,1,28.0,28,28
75116,1,28.0,28,28
75201,1,11.0,11,11
75202,1,10.0,10,10
75207,1,21.0,21,21
75208,1,20.0,20,20
75209,1,14.0,14,14
75210,1,14.0,14,14
75211,1,17.0,17,17
75212,1,17.0,17,17
75213,1,3.0,3,3
75214,1,3.0,3,3
75221,1,10.0,10,10
75222,1,11.0,11,11
75225,1,21.0,21,21
75226,1,21.0,21,21
75227,1,27.0,27,27
75228,1,14.0,14,14
75229,1,14.0,14,14
75230,1,29.0,29,29
75231,1,16.0,16,16
75232,1,18.0,18,18
75233,1,7.0,7,7
75234,1,7.0,7,7
75235,1,11.0,11,11
75236,1,11.0,11,11
75237,1,18.0,18,18
75238,1,17.0,17,17
75253,1,6.0,6,6
75254,1,6.0,6,6
75255,1,12.0,12,12
75256,1,12.0,12,12
75271,1,15.0,15,15
75272,1,15.0,15,15
75273,1,15.0,15,15
75274,1,15.0,15,15
75279,1,5.0,5,5
75280,1,3.0,3,3
75707,1,26.0,26,26
75708,1,26.0,26,26
75713,1,18.0,18,18
75714,1,18.0,18,18
75715,1,28.0,28,28
75716,1,28.0,28,28
75717,1,27.0,27,27
75718,1,27.0,27,27
75719,1,43.0,43,43
75720,1,42.0,42,42
75721,1,10.0,10,10
75722,1,10.0,10,10
75723,1,17.0,17,17
75724,1,17.0,17,17
75727,1,6.0,6,6
75728,1,5.0,5,5
75729,1,14.0,14,14
75730,1,14.0,14,14
75733,1,6.0,6,6
75734,1,6.0,6,6
75735,1,6.0,6,6
75736,1,6.0,6,6
75737,1,6.0,6,6
75738,1,6.0,6,6
75739,1,6.0,6,6
75740,1,6.0,6,6
75743,1,31.0,31,31
75744,1,31.0,31,31
75745,1,17.0,17,17
75746,1,17.0,17,17
75747,1,9.0,9,9
75748,1,9.0,9,9
75749,1,13.0,13,13
75750,1,13.0,13,13
75901,1,2.0,2,2
75902,1,12.0,12,12
75903,1,12.0,12,12
75904,1,2.0,2,2
75905,1,2.0,2,2
75906,1,12.0,12,12
75907,1,12.0,12,12
75908,1,2.0,2,2
75911,1,6.0,6,6
75912,1,6.0,6,6
76501,1,0.0,0,0
76502,1,0.0,0,0
76503,1,0.0,0,0
76504,1,0.0,0,0
76505,1,10.0,10,10
76506,1,8.0,8,8
76507,1,8.0,8,8
76508,1,9.0,9,9
76523,1,7.0,7,7
76524,1,7.0,7,7
76525,1,29.0,29,29
76526,1,29.0,29,29
76551,1,20.0,20,20
76552,1,20.0,20,20
76553,1,13.0,13,13
76554,1,13.0,13,13
76800,1,7.0,7,7
76803,1,7.0,7,7
76804,1,7.0,7,7
76805,1,10.0,10,10
76806,1,10.0,10,10
76807,1,12.0,12,12
76808,1,12.0,12,12
76812,1,17.0,17,17
76813,1,2.0,2,2
76814,1,0.0,0,0
76815,1,17.0,17,17
76817,1,0.0,0,0
76818,1,4.0,4,4
76820,1,6.0,6,6
76821,1,7.0,7,7
76822,1,7.0,7,7
76823,1,7.0,7,7
76824,1,7.0,7,7
76825,1,14.0,14,14
76826,1,14.0,14,14
76827,1,7.0,7,7
76828,1,7.0,7,7
76829,1,7.0,7,7
76830,1,8.0,8,8
76831,1,8.0,8,8
76833,1,13.0,13,13
76834,1,13.0,13,13
76835,1,16.0,16,16
76836,1,16.0,16,16
76837,1,9.0,9,9
76838,1,9.0,9,9
76839,1,8.0,8,8
76840,1,8.0,8,8
76841,1,24.0,24,24
76842,1,25.0,25,25
76845,1,21.0,21,21
76846,1,21.0,21,21
76847,1,15.0,15,15
76848,1,15.0,15,15
76849,1,15.0,15,15
76850,1,15.0,15,15
76851,1,24.0,24,24
76852,1,23.0,23,23
76853,1,23.0,23,23
76854,1,23.0,23,23
77201,1,2.0,2,2
77202,1,13.0,13,13
77203,1,19.0,19,19
77204,1,19.0,19,19
77205,1,6.0,6,6
77206,1,18.0,18,18
77207,1,12.0,12,12
77208,1,10.0,10,10
77209,1,6.0,6,6
77211,1,6.0,6,6
77212,1,16.0,16,16
77213,1,9.0,9,9
77214,1,9.0,9,9
77215,1,16.0,16,16
77216,1,6.0,6,6
77218,1,16.0,16,16
77219,1,6.0,6,6
77220,1,5.0,5,5
77221,1,4.0,4,4
77222,1,10.0,10,10
77223,1,10.0,10,10
77224,1,10.0,10,10
77225,1,6.0,6,6
77226,1,6.0,6,6
77227,1,6.0,6,6
77228,1,6.0,6,6
77229,1,10.0,10,10
77230,1,4.0,4,4
77231,1,22.0,22,22
77232,1,12.0,12,12
77233,1,4.0,4,4
77234,1,6.0,6,6
77235,1,6.0,6,6
77237,1,16.0,16,16
77238,1,16.0,16,16
77239,1,8.0,8,8
77240,1,10.0,10,10
77241,1,19.0,19,19
77242,1,13.0,13,13
77243,1,10.0,10,10
77244,1,7.0,7,7
77245,1,3.0,3,3
77246,1,5.0,5,5
77247,1,4.0,4,4
77248,1,21.0,21,21
77249,1,17.0,17,17
77250,1,3.0,3,3
77251,1,12.0,12,12
77252,1,12.0,12,12
77253,1,11.0,11,11
77254,1,12.0,12,12
77255,1,12.0,12,12
77256,1,12.0,12,12
77257,1,3.0,3,3
77258,1,3.0,3,3
77259,1,6.0,6,6
77260,1,6.0,6,6
77261,1,16.0,16,16
77262,1,16.0,16,16
77263,1,7.0,7,7
77264,1,17.0,17,17
77265,1,9.0,9,9
77266,1,10.0,10,10
77267,1,11.0,11,11
77268,1,7.0,7,7
77269,1,16.0,16,16
77270,1,16.0,16,16
77271,1,10.0,10,10
77272,1,10.0,10,10
77273,1,1.0,1,1
77274,1,1.0,1,1
77281,1,6.0,6,6
77282,1,3.0,3,3
77283,1,4.0,4,4
77284,1,4.0,4,4
77285,1,3.0,3,3
77286,1,6.0,6,6
77287,1,6.0,6,6
77288,1,3.0,3,3
77289,1,4.0,4,4
77290,1,3.0,3,3
77291,1,21.0,21,21
77292,1,23.0,23,23
77293,1,15.0,15,15
77294,1,23.0,23,23
77295,1,34.0,34,34
77297,1,15.0,15,15
77298,1,43.0,43,43
77401,1,10.0,10,10
77402,1,10.0,10,10
77403,1,10.0,10,10
77404,1,10.0,10,10
77405,1,1.0,1,1
77406,1,1.0,1,1
77414,1,11.0,11,11
77415,1,13.0,13,13
77416,1,7.0,7,7
77417,1,7.0,7,7
77418,1,20.0,20,20
77419,1,19.0,19,19
77601,1,12.0,12,12
77602,1,21.0,21,21
77603,1,15.0,15,15
77604,1,18.0,18,18
77605,1,19.0,19,19
77606,1,15.0,15,15
77607,1,12.0,12,12
77608,1,12.0,12,12
77609,1,24.0,24,24
77610,1,15.0,15,15
77611,1,9.0,9,9
77612,1,9.0,9,9
77613,1,15.0,15,15
77614,1,15.0,15,15
77615,1,12.0,12,12
77616,1,12.0,12,12
77617,1,15.0,15,15
77618,1,15.0,15,15
77619,1,12.0,12,12
77622,1,5.0,5,5
77623,1,5.0,5,5
77630,1,12.0,12,12
77631,1,2.0,2,2
77632,1,2.0,2,2
77633,1,2.0,2,2
77634,1,2.0,2,2
77635,1,2.0,2,2
77638,1,2.0,2,2
77640,1,2.0,2,2
77641,1,2.0,2,2
77642,1,2.0,2,2
77643,1,2.0,2,2
77645,1,12.0,12,12
77647,1,2.0,2,2
77649,1,12.0,12,12
77651,1,6.0,6,6
77652,1,6.0,6,6
77653,1,2.0,2,2
77654,1,2.0,2,2
77655,1,6.0,6,6
77656,1,6.0,6,6
77657,1,17.0,17,17
77658,1,17.0,17,17
77671,1,15.0,15,15
77672,1,19.0,19,19
77673,1,16.0,16,16
77674,1,16.0,16,16
77675,1,15.0,15,15
77676,1,4.0,4,4
77677,1,4.0,4,4
77678,1,15.0,15,15
77679,1,21.0,21,21
77680,1,21.0,21,21
77681,1,21.0,21,21
77682,1,21.0,21,21
77683,1,12.0,12,12
77684,1,12.0,12,12
77689,1,3.0,3,3
77690,1,3.0,3,3
77691,1,12.0,12,12
77693,1,20.0,20,20
77694,1,19.0,19,19
77695,1,12.0,12,12
77696,1,12.0,12,12
78009,1,6.0,6,6
78010,1,6.0,6,6
78011,1,6.0,6,6
78012,1,9.0,9,9
78013,1,8.0,8,8
78014,1,3.0,3,3
78015,1,3.0,3,3
78016,1,8.0,8,8
78017,1,8.0,8,8
78018,1,3.0,3,3
78019,1,3.0,3,3
78020,1,5.0,5,5
78031,1,7.0,7,7
78032,1,7.0,7,7
78033,1,17.0,17,17
78034,1,17.0,17,17
78051,1,24.0,24,24
78052,1,24.0,24,24
78053,1,24.0,24,24
78054,1,24.0,24,24
78055,1,24.0,24,24
78056,1,24.0,24,24
78057,1,6.0,6,6
78058,1,6.0,6,6
78059,1,24.0,24,24
78060,1,24.0,24,24
78061,1,24.0,24,24
78101,1,13.0,13,13
78102,1,13.0,13,13
78103,1,21.0,21,21
78104,1,21.0,21,21
78502,1,6.0,6,6
78503,1,26.0,26,26
78504,1,26.0,26,26
78505,1,8.0,8,8
78511,1,2.0,2,2
78512,1,2.0,2,2
78513,1,2.0,2,2
78514,1,2.0,2,2
78515,1,2.0,2,2
78516,1,2.0,2,2
78517,1,2.0,2,2
78518,1,2.0,2,2
78519,1,2.0,2,2
78520,1,2.0,2,2
78531,1,8.0,8,8
78534,1,16.0,16,16
78801,1,14.0,14,14
78802,1,14.0,14,14
78803,1,14.0,14,14
78804,1,14.0,14,14
78805,1,14.0,14,14
78806,1,14.0,14,14
78807,1,10.0,10,10
78808,1,10.0,10,10
78809,1,14.0,14,14
78810,1,14.0,14,14
78811,1,7.0,7,7
78812,1,7.0,7,7
78813,1,7.0,7,7
78814,1,7.0,7,7
78815,1,17.0,17,17
78816,1,16.0,16,16
78817,1,8.0,8,8
78818,1,9.0,9,9
78819,1,26.0,26,26
78820,1,26.0,26,26
78821,1,14.0,14,14
78822,1,14.0,14,14
78824,1,8.0,8,8
78825,1,8.0,8,8
78826,1,8.0,8,8
78827,1,8.0,8,8
79301,1,24.0,24,24
79302,1,24.0,24,24
79303,1,17.0,17,17
79304,1,16.0,16,16
79305,1,18.0,18,18
79306,1,18.0,18,18
79307,1,4.0,4,4
79308,1,4.0,4,4
79309,1,18.0,18,18
79310,1,18.0,18,18
79311,1,4.0,4,4
79312,1,4.0,4,4
79313,1,18.0,18,18
79314,1,18.0,18,18
79315,1,4.0,4,4
79316,1,4.0,4,4
79317,1,18.0,18,18
79318,1,18.0,18,18
79319,1,4.0,4,4
79320,1,4.0,4,4
79321,1,4.0,4,4
79322,1,4.0,4,4
79323,1,4.0,4,4
79324,1,4.0,4,4
79325,1,4.0,4,4
79326,1,4.0,4,4
79413,1,11.0,11,11
79414,1,11.0,11,11
79415,1,11.0,11,11
79416,1,11.0,11,11
79417,1,11.0,11,11
79418,1,11.0,11,11
79419,1,11.0,11,11
79420,1,11.0,11,11
79421,1,11.0,11,11
79422,1,11.0,11,11
79423,1,11.0,11,11
79424,1,11.0,11,11
79425,1,11.0,11,11
79426,1,11.0,11,11
79427,1,11.0,11,11
79428,1,11.0,11,11
79429,1,3.0,3,3
79430,1,3.0,3,3
79431,1,8.0,8,8
79432,1,8.0,8,8
79433,1,13.0,13,13
79434,1,13.0,13,13
79435,1,13.0,13,13
79436,1,13.0,13,13
79437,1,15.0,15,15
79438,1,15.0,15,15
79441,1,3.0,3,3
79442,1,3.0,3,3
79443,1,3.0,3,3
79444,1,3.0,3,3
79445,1,12.0,12,12
79446,1,3.0,3,3
79447,1,3.0,3,3
79448,1,4.0,4,4
79449,1,5.0,5,5
79450,1,5.0,5,5
79451,1,3.0,3,3
79452,1,3.0,3,3
79453,1,3.0,3,3
79454,1,14.0,14,14
79455,1,17.0,17,17
79456,1,17.0,17,17
79457,1,0.0,0,0
79458,1,0.0,0,0
79459,1,0.0,0,0
79460,1,0.0,0,0
79481,1,0.0,0,0
79482,1,0.0,0,0
79483,1,0.0,0,0
79484,1,0.0,0,0
79485,1,0.0,0,0
79486,1,0.0,0,0
79487,1,0.0,0,0
79488,1,0.0,0,0
79489,1,0.0,0,0
79490,1,0.0,0,0
82355,1,5.0,5,5
82601,1,9.0,9,9
82606,1,13.0,13,13
82631,1,11.0,11,11
82635,1,16.0,16,16
82651,1,20.0,20,20
82652,1,20.0,20,20
82653,1,20.0,20,20
82654,1,16.0,16,16
82665,1,13.0,13,13
82666,1,13.0,13,13
90540,1,0.0,0,0
90981,1,0.0,0,0
91392,1,0.0,0,0
91393,1,0.0,0,0
91394,1,0.0,0,0
91395,1,0.0,0,0
91396,1,0.0,0,0
91491,1,0.0,0,0
93001,1,0.0,0,0
93002,1,0.0,0,0
93003,1,0.0,0,0
93004,1,0.0,0,0
93005,1,0.0,0,0
93006,1,0.0,0,0
93007,1,0.0,0,0
93008,1,0.0,0,0
93009,1,0.0,0,0
93010,1,0.0,0,0
93011,1,0.0,0,0
93012,1,0.0,0,0
93013,1,0.0,0,0
93014,1,0.0,0,0
93015,1,0.0,0,0
93016,1,0.0,0,0
93017,1,0.0,0,0
93018,1,0.0,0,0
93019,1,0.0,0,0
93020,1,0.0,0,0
93021,1,0.0,0,0
93022,1,0.0,0,0
93023,1,0.0,0,0
93024,1,0.0,0,0
93025,1,0.0,0,0
93026,1,0.0,0,0
93027,1,0.0,0,0
93028,1,0.0,0,0
93029,1,0.0,0,0
93030,1,0.0,0,0
93031,1,6.0,6,6
93032,1,0.0,0,0
93033,1,0.0,0,0
93034,1,7.0,7,7
93101,1,7.0,7,7
93102,1,7.0,7,7
93103,1,15.0,15,15
93104,1,7.0,7,7
93105,1,7.0,7,7
93109,1,7.0,7,7
95001,1,8.0,8,8
95002,1,6.0,6,6
95003,1,8.0,8,8
95004,1,6.0,6,6
95005,1,8.0,8,8
95006,1,6.0,6,6
95007,1,8.0,8,8
95008,1,6.0,6,6
95009,1,8.0,8,8
95010,1,6.0,6,6
95011,1,8.0,8,8
95012,1,6.0,6,6
95013,1,6.0,6,6
95101,1,7.0,7,7
95102,1,5.0,5,5
95103,1,7.0,7,7
95104,1,5.0,5,5
95105,1,7.0,7,7
95106,1,5.0,5,5
95107,1,7.0,7,7
95108,1,5.0,5,5
95109,1,7.0,7,7
95110,1,5.0,5,5
95111,1,7.0,7,7
95112,1,5.0,5,5
95113,1,7.0,7,7
95114,1,5.0,5,5
95115,1,7.0,7,7
95116,1,5.0,5,5
95117,1,7.0,7,7
95118,1,5.0,5,5
95119,1,7.0,7,7
95120,1,5.0,5,5
95121,1,7.0,7,7
95122,1,5.0,5,5
95123,1,7.0,7,7
95124,1,5.0,5,5
95125,1,7.0,7,7
95126,1,5.0,5,5
95127,1,7.0,7,7
95128,1,5.0,5,5
95129,1,7.0,7,7
95130,1,5.0,5,5
95131,1,7.0,7,7
95132,1,5.0,5,5
95134,1,5.0,5,5
95136,1,5.0,5,5
95138,1,5.0,5,5
95140,1,5.0,5,5
95142,1,5.0,5,5
95144,1,5.0,5,5
95201,1,3.0,3,3
95202,1,1.0,1,1
95203,1,3.0,3,3
95204,1,1.0,1,1
95205,1,3.0,3,3
95206,1,1.0,1,1
95207,1,3.0,3,3
95208,1,1.0,1,1
95209,1,3.0,3,3
95210,1,1.0,1,1
95211,1,3.0,3,3
95212,1,1.0,1,1
95213,1,3.0,3,3
95214,1,1.0,1,1
95215,1,3.0,3,3
95216,1,1.0,1,1
95217,1,3.0,3,3
95218,1,1.0,1,1
95219,1,3.0,3,3
95220,1,1.0,1,1
95221,1,3.0,3,3
95222,1,1.0,1,1
95223,1,3.0,3,3
95224,1,1.0,1,1
95225,1,3.0,3,3
95226,1,1.0,1,1
95227,1,3.0,3,3
95228,1,1.0,1,1
95229,1,3.0,3,3
95230,1,1.0,1,1
95231,1,3.0,3,3
95232,1,1.0,1,1
95233,1,3.0,3,3
95234,1,1.0,1,1
95235,1,3.0,3,3
95236,1,1.0,1,1
95237,1,3.0,3,3
95239,1,3.0,3,3
95241,1,3.0,3,3
95301,1,2.0,2,2
95302,1,0.0,0,0
95303,1,2.0,2,2
95304,1,0.0,0,0
95305,1,2.0,2,2
95306,1,0.0,0,0
95307,1,2.0,2,2
95308,1,0.0,0,0
95309,1,2.0,2,2
95310,1,0.0,0,0
95311,1,2.0,2,2
95312,1,0.0,0,0
95313,1,2.0,2,2
95314,1,0.0,0,0
95315,1,2.0,2,2
95316,1,0.0,0,0
95317,1,2.0,2,2
95318,1,0.0,0,0
95319,1,2.0,2,2
95320,1,0.0,0,0
95321,1,2.0,2,2
95322,1,0.0,0,0
95323,1,2.0,2,2
95324,1,0.0,0,0
95325,1,2.0,2,2
95326,1,0.0,0,0
95327,1,2.0,2,2
95328,1,0.0,0,0
95329,1,2.0,2,2
95330,1,0.0,0,0
95331,1,2.0,2,2
95332,1,0.0,0,0
95334,1,0.0,0,0
95336,1,0.0,0,0
95338,1,0.0,0,0
95340,1,0.0,0,0
95342,1,0.0,0,0
95401,1,10.0,10,10
95402,1,8.0,8,8
95403,1,10.0,10,10
95404,1,8.0,8,8
95405,1,10.0,10,10
95406,1,8.0,8,8
95407,1,10.0,10,10
95408,1,8.0,8,8
95409,1,10.0,10,10
95410,1,8.0,8,8
95411,1,10.0,10,10
95412,1,8.0,8,8
95413,1,10.0,10,10
95414,1,8.0,8,8
95415,1,10.0,10,10
95416,1,8.0,8,8
95417,1,10.0,10,10
95418,1,8.0,8,8
95419,1,10.0,10,10
95420,1,8.0,8,8
95421,1,10.0,10,10
95422,1,8.0,8,8
95423,1,10.0,10,10
95424,1,8.0,8,8
95425,1,10.0,10,10
95426,1,8.0,8,8
95428,1,8.0,8,8
95430,1,8.0,8,8
95501,1,5.0,5,5
95502,1,3.0,3,3
95503,1,5.0,5,5
95504,1,3.0,3,3
95505,1,5.0,5,5
95506,1,3.0,3,3
95507,1,5.0,5,5
95508,1,3.0,3,3
95509,1,5.0,5,5
95510,1,3.0,3,3
95511,1,5.0,5,5
95512,1,3.0,3,3
95513,1,5.0,5,5
95514,1,3.0,3,3
95515,1,5.0,5,5
95516,1,3.0,3,3
95517,1,5.0,5,5
95601,1,2.0,2,2
95602,1,0.0,0,0
95603,1,2.0,2,2
95604,1,0.0,0,0
95605,1,2.0,2,2
95606,1,0.0,0,0
95607,1,2.0,2,2
95608,1,0.0,0,0
95609,1,2.0,2,2
95610,1,0.0,0,0
95611,1,2.0,2,2
95612,1,0.0,0,0
95613,1,2.0,2,2
95614,1,0.0,0,0
95615,1,2.0,2,2
95616,1,0.0,0,0
95617,1,2.0,2,2
95619,1,2.0,2,2
95701,1,5.0,5,5
95702,1,15.0,15,15
95703,1,7.0,7,7
95704,1,7.0,7,7
95705,1,7.0,7,7
95706,1,10.0,10,10
95707,1,14.0,14,14
95708,1,11.0,11,11
95709,1,14.0,14,14
95710,1,12.0,12,12
95711,1,15.0,15,15
95712,1,7.0,7,7
95713,1,4.0,4,4
95714,1,12.0,12,12
95715,1,12.0,12,12
95716,1,11.0,11,11
95717,1,6.0,6,6
95718,1,12.0,12,12
95719,1,6.0,6,6
95720,1,12.0,12,12
95721,1,17.0,17,17
95722,1,4.0,4,4
95723,1,5.0,5,5
95724,1,6.0,6,6
95725,1,5.0,5,5
95726,1,6.0,6,6
95727,1,12.0,12,12
95728,1,12.0,12,12
95729,1,10.0,10,10
95730,1,4.0,4,4
95731,1,11.0,11,11
95732,1,11.0,11,11
95733,1,12.0,12,12
95734,1,4.0,4,4
95735,1,10.0,10,10
95736,1,11.0,11,11
95737,1,12.0,12,12
95738,1,12.0,12,12
95739,1,7.0,7,7
95740,1,0.0,0,0
95741,1,12.0,12,12
95742,1,12.0,12,12
95743,1,15.0,15,15
95744,1,6.0,6,6
95745,1,7.0,7,7
95746,1,7.0,7,7
95801,1,9.0,9,9
95802,1,10.0,10,10
95804,1,9.0,9,9
95805,1,12.0,12,12
95808,1,9.0,9,9
95901,1,4.0,4,4
95902,1,5.0,5,5
95903,1,5.0,5,5
95904,1,5.0,5,5
95905,1,3.0,3,3
95906,1,5.0,5,5
95907,1,4.0,4,4
95908,1,5.0,5,5
95909,1,4.0,4,4
95910,1,5.0,5,5
95911,1,4.0,4,4
95912,1,5.0,5,5
95913,1,8.0,8,8
95917,1,4.0,4,4
95919,1,7.0,7,7
96001,1,0.0,0,0
96002,1,0.0,0,0
96003,1,8.0,8,8
96004,1,0.0,0,0
96005,1,0.0,0,0
96006,1,0.0,0,0
96007,1,0.0,0,0
96008,1,0.0,0,0
96009,1,0.0,0,0
96010,1,0.0,0,0
96011,1,0.0,0,0
96012,1,0.0,0,0
96013,1,0.0,0,0
96014,1,0.0,0,0
96015,1,0.0,0,0
96016,1,0.0,0,0
96017,1,0.0,0,0
96018,1,0.0,0,0
96019,1,8.0,8,8
96020,1,6.0,6,6
96022,1,0.0,0,0
96101,1,7.0,7,7
96102,1,5.0,5,5
96103,1,7.0,7,7
96104,1,5.0,5,5
96105,1,7.0,7,7
96106,1,5.0,5,5
96107,1,7.0,7,7
96108,1,5.0,5,5
96109,1,7.0,7,7
96110,1,5.0,5,5
96111,1,7.0,7,7
96112,1,5.0,5,5
96113,1,7.0,7,7
96114,1,28.0,28,28
96115,1,7.0,7,7
96116,1,28.0,28,28
96117,1,7.0,7,7
96119,1,7.0,7,7
96121,1,7.0,7,7
96201,1,3.0,3,3
96202,1,1.0,1,1
96203,1,3.0,3,3
96204,1,1.0,1,1
96205,1,3.0,3,3
96206,1,1.0,1,1
96207,1,3.0,3,3
96208,1,1.0,1,1
96209,1,3.0,3,3
96210,1,1.0,1,1
96211,1,3.0,3,3
96212,1,1.0,1,1
96213,1,3.0,3,3
96214,1,1.0,1,1
96215,1,3.0,3,3
96216,1,1.0,1,1
96217,1,3.0,3,3
96218,1,1.0,1,1
96219,1,3.0,3,3
96220,1,1.0,1,1
96221,1,3.0,3,3
96222,1,1.0,1,1
96223,1,3.0,3,3
96224,1,1.0,1,1
96225,1,3.0,3,3
96226,1,1.0,1,1
96227,1,3.0,3,3
96228,1,1.0,1,1
96232,1,1.0,1,1
96234,1,1.0,1,1
96236,1,24.0,24,24
96301,1,2.0,2,2
96302,1,0.0,0,0
96303,1,2.0,2,2
96304,1,0.0,0,0
96305,1,2.0,2,2
96306,1,0.0,0,0
96307,1,2.0,2,2
96308,1,0.0,0,0
96309,1,2.0,2,2
96310,1,0.0,0,0
96311,1,2.0,2,2
96312,1,0.0,0,0
96313,1,2.0,2,2
96314,1,0.0,0,0
96315,1,2.0,2,2
96316,1,0.0,0,0
96317,1,2.0,2,2
96318,1,0.0,0,0
96319,1,2.0,2,2
96320,1,0.0,0,0
96321,1,2.0,2,2
96322,1,0.0,0,0
96323,1,2.0,2,2
96324,1,0.0,0,0
96325,1,2.0,2,2
96326,1,0.0,0,0
96327,1,2.0,2,2
96328,1,0.0,0,0
96329,1,2.0,2,2
96330,1,0.0,0,0
96331,1,2.0,2,2
96332,1,0.0,0,0
96333,1,2.0,2,2
96334,1,0.0,0,0
96335,1,2.0,2,2
96336,1,23.0,23,23
96337,1,2.0,2,2
96339,1,2.0,2,2
96341,1,2.0,2,2
96343,1,2.0,2,2
96345,1,2.0,2,2
96401,1,10.0,10,10
96402,1,8.0,8,8
96403,1,10.0,10,10
96404,1,8.0,8,8
96405,1,10.0,10,10
96406,1,8.0,8,8
96407,1,10.0,10,10
96409,1,10.0,10,10
96501,1,2.0,2,2
96502,1,3.0,3,3
96503,1,5.0,5,5
96504,1,3.0,3,3
96505,1,5.0,5,5
96506,1,3.0,3,3
96507,1,5.0,5,5
96508,1,3.0,3,3
96509,1,5.0,5,5
96510,1,3.0,3,3
96511,1,5.0,5,5
96512,1,3.0,3,3
96513,1,5.0,5,5
96514,1,3.0,3,3
96515,1,5.0,5,5
96516,1,3.0,3,3
96517,1,5.0,5,5
96518,1,3.0,3,3
96519,1,5.0,5,5
96520,1,3.0,3,3
96521,1,5.0,5,5
96522,1,3.0,3,3
96524,1,3.0,3,3
96601,1,2.0,2,2
96602,1,0.0,0,0
96603,1,2.0,2,2
96604,1,0.0,0,0
96605,1,2.0,2,2
96606,1,0.0,0,0
96607,1,2.0,2,2
96608,1,0.0,0,0
96609,1,2.0,2,2
96610,1,0.0,0,0
96611,1,2.0,2,2
96612,1,0.0,0,0
96613,1,2.0,2,2
96614,1,0.0,0,0
96615,1,2.0,2,2
96616,1,0.0,0,0
96617,1,2.0,2,2
96618,1,0.0,0,0
96619,1,2.0,2,2
96620,1,0.0,0,0
96621,1,2.0,2,2
96622,1,0.0,0,0
96623,1,2.0,2,2
96624,1,0.0,0,0
96625,1,2.0,2,2
96626,1,0.0,0,0
96627,1,2.0,2,2
96628,1,0.0,0,0
96629,1,2.0,2,2
96630,1,0.0,0,0
96631,1,2.0,2,2
96632,1,0.0,0,0
96633,1,2.0,2,2
96634,1,0.0,0,0
96635,1,2.0,2,2
96636,1,0.0,0,0
96637,1,2.0,2,2
96638,1,0.0,0,0
96639,1,2.0,2,2
96640,1,0.0,0,0
96641,1,2.0,2,2
96642,1,0.0,0,0
96643,1,2.0,2,2
96644,1,0.0,0,0
96645,1,2.0,2,2
96646,1,0.0,0,0
96647,1,2.0,2,2
96648,1,0.0,0,0
96649,1,2.0,2,2
96650,1,0.0,0,0
96651,1,2.0,2,2
96652,1,0.0,0,0
96653,1,2.0,2,2
96654,1,0.0,0,0
96655,1,2.0,2,2
96656,1,0.0,0,0
96657,1,25.0,25,25
96658,1,0.0,0,0
96660,1,0.0,0,0
97000,1,0.0,0,0
97001,1,12.0,12,12
97002,1,22.0,22,22
97003,1,12.0,12,12
97004,1,22.0,22,22
97005,1,12.0,12,12
97006,1,22.0,22,22
97007,1,12.0,12,12
97008,1,22.0,22,22
97009,1,12.0,12,12
97010,1,22.0,22,22
97011,1,22.0,22,22
97012,1,15.0,15,15
97013,1,11.0,11,11
97014,1,22.0,22,22
97015,1,22.0,22,22
97016,1,22.0,22,22
97017,1,22.0,22,22
97018,1,22.0,22,22
97019,1,22.0,22,22
97020,1,22.0,22,22
97021,1,22.0,22,22
97022,1,22.0,22,22
97023,1,15.0,15,15
97024,1,22.0,22,22
97025,1,22.0,22,22
97026,1,15.0,15,15
97027,1,22.0,22,22
97028,1,15.0,15,15
97029,1,21.0,21,21
97030,1,22.0,22,22
97031,1,22.0,22,22
97032,1,22.0,22,22
97033,1,6.0,6,6
97034,1,22.0,22,22
97035,1,15.0,15,15
97036,1,22.0,22,22
97037,1,22.0,22,22
97038,1,22.0,22,22
97039,1,22.0,22,22
97040,1,22.0,22,22
97041,1,22.0,22,22
97042,1,13.0,13,13
97043,1,15.0,15,15
97044,1,22.0,22,22
97045,1,15.0,15,15
97046,1,6.0,6,6
97047,1,22.0,22,22
97048,1,22.0,22,22
97049,1,22.0,22,22
97050,1,15.0,15,15
97051,1,13.0,13,13
97052,1,22.0,22,22
97053,1,22.0,22,22
97054,1,22.0,22,22
97055,1,22.0,22,22
97056,1,6.0,6,6
97057,1,22.0,22,22
97058,1,22.0,22,22
97059,1,22.0,22,22
97060,1,22.0,22,22
97061,1,22.0,22,22
97062,1,22.0,22,22
97063,1,15.0,15,15
97064,1,13.0,13,13
97065,1,22.0,22,22
97066,1,22.0,22,22
97067,1,22.0,22,22
97068,1,22.0,22,22
97069,1,22.0,22,22
97070,1,22.0,22,22
97071,1,22.0,22,22
97072,1,15.0,15,15
97073,1,6.0,6,6
97074,1,22.0,22,22
97075,1,22.0,22,22
97076,1,22.0,22,22
97077,1,13.0,13,13
97078,1,22.0,22,22
97079,1,22.0,22,22
97080,1,22.0,22,22
97081,1,22.0,22,22
97082,1,22.0,22,22
97083,1,22.0,22,22
97084,1,22.0,22,22
97085,1,22.0,22,22
97086,1,6.0,6,6
97087,1,15.0,15,15
97088,1,22.0,22,22
97089,1,22.0,22,22
97090,1,22.0,22,22
97091,1,22.0,22,22
97092,1,15.0,15,15
97093,1,22.0,22,22
97094,1,6.0,6,6
97095,1,22.0,22,22
97096,1,22.0,22,22
97097,1,13.0,13,13
97098,1,15.0,15,15
97099,1,12.0,12,12
97100,1,22.0,22,22
97101,1,22.0,22,22
97102,1,22.0,22,22
97103,1,22.0,22,22
97104,1,22.0,22,22
97105,1,22.0,22,22
97106,1,22.0,22,22
97107,1,15.0,15,15
97108,1,22.0,22,22
97109,1,12.0,12,12
97110,1,15.0,15,15
97111,1,22.0,22,22
97112,1,22.0,22,22
97113,1,22.0,22,22
97114,1,22.0,22,22
97115,1,15.0,15,15
97116,1,13.0,13,13
97117,1,22.0,22,22
97118,1,6.0,6,6
97119,1,22.0,22,22
97120,1,15.0,15,15
97121,1,15.0,15,15
97122,1,22.0,22,22
97123,1,15.0,15,15
97124,1,22.0,22,22
97125,1,22.0,22,22
97126,1,15.0,15,15
97127,1,22.0,22,22
97128,1,22.0,22,22
97129,1,22.0,22,22
97130,1,6.0,6,6
97131,1,13.0,13,13
97132,1,15.0,15,15
97133,1,22.0,22,22
97134,1,15.0,15,15
97135,1,15.0,15,15
97136,1,22.0,22,22
97137,1,15.0,15,15
97138,1,15.0,15,15
97139,1,22.0,22,22
97140,1,13.0,13,13
97141,1,15.0,15,15
97142,1,22.0,22,22
97143,1,15.0,15,15
97144,1,22.0,22,22
97145,1,15.0,15,15
97146,1,22.0,22,22
97147,1,22.0,22,22
97148,1,13.0,13,13
97149,1,22.0,22,22
97150,1,6.0,6,6
97151,1,22.0,22,22
97152,1,6.0,6,6
97153,1,22.0,22,22
97155,1,15.0,15,15
97201,1,20.0,20,20
97202,1,20.0,20,20
97203,1,20.0,20,20
97204,1,20.0,20,20
97205,1,20.0,20,20
97206,1,20.0,20,20
97207,1,20.0,20,20
97208,1,20.0,20,20
97209,1,20.0,20,20
97210,1,20.0,20,20
97211,1,20.0,20,20
97212,1,13.0,13,13
97213,1,20.0,20,20
97214,1,20.0,20,20
97215,1,20.0,20,20
97216,1,20.0,20,20
97217,1,20.0,20,20
97218,1,20.0,20,20
97219,1,20.0,20,20
97220,1,20.0,20,20
97221,1,20.0,20,20
97222,1,20.0,20,20
97223,1,20.0,20,20
97224,1,20.0,20,20
97225,1,20.0,20,20
97226,1,20.0,20,20
97227,1,20.0,20,20
97228,1,20.0,20,20
97229,1,20.0,20,20
97230,1,20.0,20,20
97231,1,20.0,20,20
97232,1,20.0,20,20
97233,1,20.0,20,20
97234,1,13.0,13,13
97235,1,13.0,13,13
97236,1,20.0,20,20
97237,1,13.0,13,13
97238,1,20.0,20,20
97239,1,20.0,20,20
97240,1,20.0,20,20
97241,1,20.0,20,20
97242,1,20.0,20,20
97243,1,20.0,20,20
97244,1,20.0,20,20
97245,1,20.0,20,20
97246,1,20.0,20,20
97247,1,13.0,13,13
97248,1,20.0,20,20
97249,1,20.0,20,20
97250,1,20.0,20,20
97251,1,20.0,20,20
97252,1,20.0,20,20
97253,1,20.0,20,20
97254,1,13.0,13,13
97255,1,20.0,20,20
97256,1,20.0,20,20
97258,1,20.0,20,20
97260,1,13.0,13,13
97301,1,15.0,15,15
97302,1,15.0,15,15
97303,1,15.0,15,15
97304,1,15.0,15,15
97305,1,15.0,15,15
97306,1,15.0,15,15
97307,1,15.0,15,15
97308,1,15.0,15,15
97309,1,15.0,15,15
97310,1,15.0,15,15
97311,1,15.0,15,15
97312,1,15.0,15,15
97313,1,15.0,15,15
97314,1,15.0,15,15
97315,1,15.0,15,15
97316,1,15.0,15,15
97317,1,15.0,15,15
97318,1,15.0,15,15
97319,1,15.0,15,15
97320,1,15.0,15,15
97321,1,15.0,15,15
97322,1,15.0,15,15
97323,1,15.0,15,15
97324,1,15.0,15,15
97325,1,15.0,15,15
97326,1,15.0,15,15
97327,1,15.0,15,15
97328,1,15.0,15,15
97329,1,15.0,15,15
97330,1,15.0,15,15
97331,1,15.0,15,15
97332,1,15.0,15,15
97333,1,15.0,15,15
97334,1,15.0,15,15
97335,1,15.0,15,15
97336,1,15.0,15,15
97337,1,15.0,15,15
97338,1,15.0,15,15
97339,1,15.0,15,15
97340,1,15.0,15,15
97341,1,15.0,15,15
97342,1,15.0,15,15
97343,1,15.0,15,15
97344,1,15.0,15,15
97345,1,15.0,15,15
97346,1,15.0,15,15
97347,1,15.0,15,15
97348,1,15.0,15,15
97349,1,15.0,15,15
97350,1,15.0,15,15
97351,1,15.0,15,15
97352,1,15.0,15,15
97353,1,15.0,15,15
97354,1,15.0,15,15
97355,1,15.0,15,15
97356,1,15.0,15,15
97357,1,15.0,15,15
97358,1,15.0,15,15
97359,1,15.0,15,15
97360,1,15.0,15,15
97361,1,15.0,15,15
97362,1,15.0,15,15
97363,1,15.0,15,15
97364,1,15.0,15,15
97365,1,15.0,15,15
97366,1,15.0,15,15
97367,1,15.0,15,15
97368,1,15.0,15,15
97369,1,15.0,15,15
97370,1,15.0,15,15
97371,1,15.0,15,15
97372,1,15.0,15,15
97373,1,15.0,15,15
97374,1,15.0,15,15
97375,1,8.0,8,8
97376,1,15.0,15,15
97377,1,15.0,15,15
97378,1,15.0,15,15
97379,1,15.0,15,15
97380,1,15.0,15,15
97381,1,15.0,15,15
97382,1,15.0,15,15
97383,1,15.0,15,15
97384,1,8.0,8,8
97385,1,15.0,15,15
97386,1,15.0,15,15
97387,1,15.0,15,15
97388,1,15.0,15,15
97389,1,15.0,15,15
97390,1,15.0,15,15
97391,1,15.0,15,15
97392,1,15.0,15,15
97393,1,15.0,15,15
97394,1,15.0,15,15
97395,1,15.0,15,15
97396,1,15.0,15,15
97397,1,15.0,15,15
97398,1,15.0,15,15
97399,1,15.0,15,15
97400,1,15.0,15,15
97401,1,15.0,15,15
97402,1,15.0,15,15
97403,1,15.0,15,15
97404,1,15.0,15,15
97405,1,15.0,15,15
97406,1,8.0,8,8
97407,1,15.0,15,15
97408,1,15.0,15,15
97409,1,8.0,8,8
97410,1,8.0,8,8
97411,1,15.0,15,15
97412,1,15.0,15,15
97413,1,15.0,15,15
97414,1,15.0,15,15
97415,1,8.0,8,8
97416,1,15.0,15,15
97417,1,15.0,15,15
97418,1,15.0,15,15
97419,1,15.0,15,15
97420,1,8.0,8,8
97421,1,15.0,15,15
97422,1,15.0,15,15
97423,1,15.0,15,15
97424,1,8.0,8,8
97425,1,15.0,15,15
97426,1,15.0,15,15
97427,1,15.0,15,15
97428,1,15.0,15,15
97429,1,8.0,8,8
97430,1,8.0,8,8
97431,1,15.0,15,15
97432,1,15.0,15,15
97433,1,15.0,15,15
97434,1,15.0,15,15
97435,1,15.0,15,15
97436,1,15.0,15,15
97437,1,15.0,15,15
97438,1,15.0,15,15
97439,1,15.0,15,15
97440,1,15.0,15,15
97441,1,15.0,15,15
97442,1,8.0,8,8
97444,1,14.0,14,14
97445,1,14.0,14,14
97446,1,14.0,14,14
97501,1,10.0,10,10
97502,1,10.0,10,10
97503,1,10.0,10,10
97504,1,10.0,10,10
97601,1,8.0,8,8
97602,1,8.0,8,8
97603,1,8.0,8,8
97604,1,8.0,8,8
97605,1,8.0,8,8
97606,1,8.0,8,8
97607,1,8.0,8,8
97608,1,8.0,8,8
97609,1,8.0,8,8
97610,1,8.0,8,8
97611,1,8.0,8,8
97612,1,8.0,8,8
97613,1,8.0,8,8
97614,1,8.0,8,8
97615,1,8.0,8,8
97616,1,8.0,8,8
97617,1,8.0,8,8
97618,1,8.0,8,8
97619,1,8.0,8,8
97620,1,8.0,8,8
97621,1,8.0,8,8
97622,1,8.0,8,8
97623,1,8.0,8,8
97624,1,8.0,8,8
97625,1,8.0,8,8
97626,1,8.0,8,8
97627,1,8.0,8,8
97628,1,8.0,8,8
97629,1,8.0,8,8
97630,1,8.0,8,8
97631,1,8.0,8,8
97632,1,8.0,8,8
97633,1,8.0,8,8
97634,1,8.0,8,8
97635,1,8.0,8,8
97636,1,8.0,8,8
97637,1,8.0,8,8
97638,1,8.0,8,8
97639,1,8.0,8,8
97640,1,8.0,8,8
97641,1,8.0,8,8
97642,1,8.0,8,8
97643,1,8.0,8,8
97644,1,8.0,8,8
97645,1,8.0,8,8
97646,1,8.0,8,8
97647,1,8.0,8,8
97648,1,8.0,8,8
97649,1,8.0,8,8
97651,1,8.0,8,8
97653,1,8.0,8,8
97655,1,8.0,8,8
98000,1,0.0,0,0
98001,1,0.0,0,0
98002,1,0.0,0,0
98003,1,0.0,0,0
98004,1,0.0,0,0
98005,1,0.0,0,0
98006,1,0.0,0,0
98007,1,0.0,0,0
98008,1,0.0,0,0
98009,1,0.0,0,0
98010,1,0.0,0,0
98011,1,0.0,0,0
98012,1,0.0,0,0
98013,1,0.0,0,0
98014,1,0.0,0,0
98015,1,0.0,0,0
98016,1,0.0,0,0
98017,1,0.0,0,0
98018,1,0.0,0,0
98019,1,0.0,0,0
98020,1,0.0,0,0
98021,1,0.0,0,0
98022,1,0.0,0,0
98023,1,0.0,0,0
98024,1,0.0,0,0
98025,1,0.0,0,0
98026,1,0.0,0,0
98027,1,0.0,0,0
98028,1,0.0,0,0
98029,1,0.0,0,0
98030,1,0.0,0,0
98031,1,0.0,0,0
98032,1,0.0,0,0
98033,1,0.0,0,0
98034,1,0.0,0,0
98035,1,0.0,0,0
98036,1,0.0,0,0
98037,1,0.0,0,0
98038,1,0.0,0,0
98039,1,0.0,0,0
98040,1,0.0,0,0
98041,1,0.0,0,0
98042,1,0.0,0,0
98043,1,0.0,0,0
98044,1,0.0,0,0
98045,1,0.0,0,0
98046,1,0.0,0,0
98047,1,0.0,0,0
98048,1,0.0,0,0
98049,1,0.0,0,0
98050,1,0.0,0,0
98051,1,0.0,0,0
98052,1,0.0,0,0
98053,1,0.0,0,0
98054,1,0.0,0,0
98055,1,0.0,0,0
98056,1,0.0,0,0
98057,1,0.0,0,0
98058,1,0.0,0,0
98059,1,0.0,0,0
98060,1,0.0,0,0
98061,1,0.0,0,0
98062,1,0.0,0,0
98063,1,0.0,0,0
98064,1,0.0,0,0
98065,1,0.0,0,0
98066,1,0.0,0,0
98067,1,0.0,0,0
98068,1,0.0,0,0
98069,1,0.0,0,0
98070,1,0.0,0,0
98071,1,0.0,0,0
98072,1,0.0,0,0
98073,1,0.0,0,0
98074,1,0.0,0,0
98075,1,0.0,0,0
98076,1,0.0,0,0
98077,1,0.0,0,0
98078,1,0.0,0,0
98079,1,0.0,0,0
98080,1,0.0,0,0
98081,1,0.0,0,0
98082,1,0.0,0,0
98083,1,0.0,0,0
98084,1,0.0,0,0
98085,1,0.0,0,0
98087,1,0.0,0,0
98088,1,0.0,0,0
98089,1,0.0,0,0
98090,1,0.0,0,0
98091,1,0.0,0,0
98092,1,0.0,0,0
98093,1,0.0,0,0
98094,1,0.0,0,0
98095,1,0.0,0,0
98096,1,0.0,0,0
98097,1,0.0,0,0
98098,1,0.0,0,0
98099,1,0.0,0,0
98100,1,0.0,0,0
98101,1,0.0,0,0
98102,1,0.0,0,0
98103,1,0.0,0,0
98104,1,0.0,0,0
98105,1,0.0,0,0
98106,1,0.0,0,0
98107,1,0.0,0,0
98108,1,0.0,0,0
98109,1,0.0,0,0
98110,1,0.0,0,0
98111,1,0.0,0,0
98112,1,0.0,0,0
98113,1,0.0,0,0
98114,1,0.0,0,0
98115,1,0.0,0,0
98116,1,0.0,0,0
98117,1,0.0,0,0
98118,1,0.0,0,0
98119,1,0.0,0,0
98120,1,0.0,0,0
98121,1,0.0,0,0
98122,1,0.0,0,0
98123,1,0.0,0,0
98124,1,0.0,0,0
98125,1,0.0,0,0
98126,1,0.0,0,0
98127,1,0.0,0,0
98128,1,0.0,0,0
98129,1,0.0,0,0
98130,1,0.0,0,0
98131,1,0.0,0,0
98132,1,0.0,0,0
98133,1,0.0,0,0
98134,1,0.0,0,0
98135,1,0.0,0,0
98136,1,0.0,0,0
98137,1,0.0,0,0
98138,1,0.0,0,0
98139,1,0.0,0,0
98140,1,0.0,0,0
98141,1,0.0,0,0
98142,1,0.0,0,0
98143,1,0.0,0,0
98144,1,0.0,0,0
98145,1,0.0,0,0
98146,1,0.0,0,0
98147,1,0.0,0,0
98148,1,0.0,0,0
98149,1,0.0,0,0
98150,1,0.0,0,0
98151,1,0.0,0,0
98152,1,0.0,0,0
98153,1,0.0,0,0
98154,1,0.0,0,0
98155,1,0.0,0,0
98156,1,0.0,0,0
98157,1,0.0,0,0
98158,1,0.0,0,0
98159,1,0.0,0,0
98160,1,0.0,0,0
98161,1,0.0,0,0
98162,1,0.0,0,0
98163,1,0.0,0,0
98164,1,0.0,0,0
98165,1,0.0,0,0
98166,1,0.0,0,0
98167,1,0.0,0,0
98168,1,0.0,0,0
98169,1,0.0,0,0
98170,1,0.0,0,0
98171,1,0.0,0,0
98172,1,0.0,0,0
98173,1,0.0,0,0
98174,1,0.0,0,0
98175,1,0.0,0,0
98176,1,0.0,0,0
98177,1,0.0,0,0
98178,1,0.0,0,0
98179,1,0.0,0,0
98180,1,0.0,0,0
98181,1,0.0,0,0
98182,1,0.0,0,0
98183,1,0.0,0,0
98184,1,0.0,0,0
98185,1,0.0,0,0
98186,1,0.0,0,0
98187,1,0.0,0,0
98188,1,0.0,0,0
98189,1,0.0,0,0
98190,1,0.0,0,0
98191,1,0.0,0,0
98192,1,0.0,0,0
98193,1,0.0,0,0
98194,1,0.0,0,0
98195,1,0.0,0,0
98196,1,0.0,0,0
98197,1,0.0,0,0
98198,1,0.0,0,0
98199,1,0.0,0,0
98200,1,0.0,0,0
98201,1,0.0,0,0
98202,1,0.0,0,0
98203,1,0.0,0,0
98204,1,0.0,0,0
98205,1,0.0,0,0
98207,1,0.0,0,0
98208,1,0.0,0,0
98209,1,0.0,0,0
98211,1,0.0,0,0
98213,1,0.0,0,0
98214,1,0.0,0,0
98215,1,0.0,0,0
98300,1,0.0,0,0
98301,1,0.0,0,0
98302,1,0.0,0,0
98303,1,0.0,0,0
98304,1,0.0,0,0
98305,1,0.0,0,0
98306,1,0.0,0,0
98307,1,0.0,0,0
98308,1,0.0,0,0
98309,1,0.0,0,0
98310,1,0.0,0,0
98311,1,0.0,0,0
98312,1,0.0,0,0
98313,1,0.0,0,0
98314,1,0.0,0,0
98315,1,0.0,0,0
98316,1,0.0,0,0
98317,1,0.0,0,0
98318,1,0.0,0,0
98319,1,0.0,0,0
98320,1,0.0,0,0
98321,1,0.0,0,0
98322,1,0.0,0,0
98323,1,0.0,0,0
98324,1,0.0,0,0
98325,1,0.0,0,0
98326,1,0.0,0,0
98327,1,0.0,0,0
98328,1,0.0,0,0
98329,1,0.0,0,0
98330,1,0.0,0,0
98331,1,0.0,0,0
98332,1,0.0,0,0
98333,1,0.0,0,0
98334,1,0.0,0,0
98335,1,0.0,0,0
98336,1,0.0,0,0
98337,1,0.0,0,0
98338,1,0.0,0,0
98339,1,0.0,0,0
98340,1,0.0,0,0
98341,1,0.0,0,0
98342,1,0.0,0,0
98343,1,0.0,0,0
98344,1,0.0,0,0
98345,1,0.0,0,0
98346,1,0.0,0,0
98347,1,0.0,0,0
98348,1,0.0,0,0
98349,1,0.0,0,0
98350,1,0.0,0,0
98351,1,0.0,0,0
98352,1,0.0,0,0
98353,1,0.0,0,0
98354,1,0.0,0,0
98355,1,0.0,0,0
98356,1,0.0,0,0
98357,1,0.0,0,0
98358,1,0.0,0,0
98359,1,0.0,0,0
98360,1,0.0,0,0
98361,1,0.0,0,0
98362,1,0.0,0,0
98363,1,0.0,0,0
98364,1,0.0,0,0
98365,1,0.0,0,0
98366,1,0.0,0,0
98367,1,0.0,0,0
98368,1,0.0,0,0
98369,1,0.0,0,0
98370,1,0.0,0,0
98371,1,0.0,0,0
98372,1,0.0,0,0
98373,1,0.0,0,0
98374,1,0.0,0,0
98375,1,0.0,0,0
98376,1,0.0,0,0
98377,1,0.0,0,0
98378,1,0.0,0,0
98379,1,0.0,0,0
98380,1,0.0,0,0
98381,1,0.0,0,0
98382,1,0.0,0,0
98384,1,0.0,0,0
98386,1,0.0,0,0
98388,1,0.0,0,0
98390,1,0.0,0,0
98392,1,0.0,0,0
98394,1,0.0,0,0
98500,1,0.0,0,0
98501,1,0.0,0,0
98502,1,0.0,0,0
98503,1,0.0,0,0
98504,1,0.0,0,0
98505,1,0.0,0,0
98506,1,0.0,0,0
98507,1,0.0,0,0
98508,1,0.0,0,0
98509,1,0.0,0,0
98510,1,0.0,0,0
98511,1,0.0,0,0
98512,1,0.0,0,0
98513,1,0.0,0,0
98514,1,0.0,0,0
98515,1,0.0,0,0
98516,1,0.0,0,0
98517,1,0.0,0,0
98518,1,0.0,0,0
98519,1,0.0,0,0
98520,1,0.0,0,0
98521,1,0.0,0,0
98522,1,0.0,0,0
98523,1,0.0,0,0
98524,1,0.0,0,0
98525,1,0.0,0,0
98526,1,0.0,0,0
98527,1,0.0,0,0
98528,1,0.0,0,0
98529,1,0.0,0,0
98530,1,0.0,0,0
98531,1,0.0,0,0
98532,1,0.0,0,0
98533,1,0.0,0,0
98535,1,0.0,0,0
98537,1,0.0,0,0
98538,1,0.0,0,0
98539,1,0.0,0,0
98540,1,0.0,0,0
98541,1,0.0,0,0
98543,1,0.0,0,0
98544,1,0.0,0,0
98545,1,0.0,0,0
98546,1,0.0,0,0
98547,1,0.0,0,0
98548,1,0.0,0,0
98549,1,0.0,0,0
98550,1,0.0,0,0
98551,1,0.0,0,0
98552,1,0.0,0,0
98553,1,0.0,0,0
98554,1,0.0,0,0
98555,1,0.0,0,0
98556,1,0.0,0,0
98557,1,0.0,0,0
98558,1,0.0,0,0
98559,1,0.0,0,0
98560,1,0.0,0,0
98561,1,0.0,0,0
98562,1,0.0,0,0
98563,1,0.0,0,0
98564,1,0.0,0,0
98565,1,0.0,0,0
98566,1,0.0,0,0
98567,1,0.0,0,0
98568,1,0.0,0,0
98569,1,0.0,0,0
98570,1,0.0,0,0
98571,1,0.0,0,0
98572,1,0.0,0,0
98573,1,0.0,0,0
98574,1,0.0,0,0
98575,1,0.0,0,0
98576,1,0.0,0,0
98577,1,0.0,0,0
98578,1,0.0,0,0
98580,1,0.0,0,0
98600,1,0.0,0,0
98601,1,0.0,0,0
98602,1,0.0,0,0
98603,1,0.0,0,0
98604,1,0.0,0,0
98605,1,0.0,0,0
98700,1,0.0,0,0
98701,1,0.0,0,0
98702,1,0.0,0,0
98703,1,0.0,0,0
98704,1,0.0,0,0
98705,1,0.0,0,0
98706,1,0.0,0,0
98707,1,0.0,0,0
98708,1,0.0,0,0
98709,1,0.0,0,0
98710,1,0.0,0,0
98711,1,0.0,0,0
98712,1,0.0,0,0
98713,1,0.0,0,0
98714,1,0.0,0,0
98715,1,0.0,0,0
98716,1,0.0,0,0
98717,1,0.0,0,0
98718,1,0.0,0,0
98719,1,0.0,0,0
98720,1,0.0,0,0
98721,1,0.0,0,0
98722,1,0.0,0,0
98723,1,0.0,0,0
98724,1,0.0,0,0
98725,1,0.0,0,0
98726,1,0.0,0,0
98727,1,0.0,0,0
98728,1,0.0,0,0
98729,1,0.0,0,0
98730,1,0.0,0,0
98731,1,0.0,0,0
98732,1,0.0,0,0
98733,1,0.0,0,0
98734,1,0.0,0,0
98735,1,0.0,0,0
98736,1,0.0,0,0
98737,1,0.0,0,0
98738,1,0.0,0,0
98739,1,0.0,0,0
98740,1,0.0,0,0
98741,1,0.0,0,0
98742,1,0.0,0,0
98743,1,0.0,0,0
98744,1,0.0,0,0
98745,1,0.0,0,0
98746,1,0.0,0,0
98747,1,0.0,0,0
98748,1,0.0,0,0
98749,1,0.0,0,0
98750,1,0.0,0,0
98751,1,0.0,0,0
98752,1,0.0,0,0
98753,1,0.0,0,0
98754,1,0.0,0,0
98755,1,0.0,0,0
98756,1,0.0,0,0
98757,1,0.0,0,0
98758,1,0.0,0,0
98759,1,0.0,0,0
98760,1,0.0,0,0
98761,1,0.0,0,0
98762,1,0.0,0,0
98763,1,0.0,0,0
98764,1,0.0,0,0
98765,1,0.0,0,0
98766,1,0.0,0,0
98767,1,0.0,0,0
98768,1,0.0,0,0
98769,1,0.0,0,0
98770,1,0.0,0,0
98771,1,0.0,0,0
98772,1,0.0,0,0
98773,1,0.0,0,0
98774,1,0.0,0,0
98775,1,0.0,0,0
98776,1,0.0,0,0
98777,1,0.0,0,0
98778,1,0.0,0,0
98779,1,0.0,0,0
98780,1,0.0,0,0
98781,1,0.0,0,0
98782,1,0.0,0,0
98783,1,0.0,0,0
98784,1,0.0,0,0
98785,1,0.0,0,0
98800,1,0.0,0,0
98801,1,0.0,0,0
98802,1,0.0,0,0
98803,1,0.0,0,0
98804,1,0.0,0,0
98805,1,0.0,0,0
98806,1,0.0,0,0
98807,1,0.0,0,0
98808,1,0.0,0,0
98809,1,0.0,0,0
98810,1,0.0,0,0
98811,1,0.0,0,0
98812,1,0.0,0,0
98813,1,0.0,0,0
98814,1,0.0,0,0
98815,1,0.0,0,0
98816,1,0.0,0,0
98817,1,0.0,0,0
98818,1,0.0,0,0
98819,1,0.0,0,0
98820,1,0.0,0,0
98821,1,0.0,0,0
98822,1,0.0,0,0
98823,1,0.0,0,0
98824,1,0.0,0,0
98825,1,0.0,0,0
98826,1,0.0,0,0
98827,1,0.0,0,0
98828,1,0.0,0,0
98829,1,0.0,0,0
98830,1,0.0,0,0
98831,1,0.0,0,0
98832,1,0.0,0,0
98833,1,0.0,0,0
98834,1,0.0,0,0
98835,1,0.0,0,0
98836,1,0.0,0,0
98837,1,0.0,0,0
98838,1,0.0,0,0
98839,1,0.0,0,0
98840,1,0.0,0,0
98841,1,0.0,0,0
98842,1,0.0,0,0
98843,1,0.0,0,0
98844,1,0.0,0,0
98845,1,0.0,0,0
98846,1,0.0,0,0
98847,1,0.0,0,0
98848,1,0.0,0,0
98849,1,0.0,0,0
98850,1,0.0,0,0
98851,1,0.0,0,0
98852,1,0.0,0,0
98853,1,0.0,0,0
98854,1,0.0,0,0
98855,1,0.0,0,0
98856,1,0.0,0,0
98857,1,0.0,0,0
98858,1,0.0,0,0
98859,1,0.0,0,0
98860,1,0.0,0,0
98861,1,0.0,0,0
98862,1,0.0,0,0
98863,1,0.0,0,0
98864,1,0.0,0,0
98865,1,0.0,0,0
98866,1,0.0,0,0
98867,1,0.0,0,0
98868,1,0.0,0,0
98869,1,0.0,0,0
98870,1,0.0,0,0
98871,1,0.0,0,0
98872,1,0.0,0,0
98873,1,0.0,0,0
98874,1,0.0,0,0
98875,1,0.0,0,0
98876,1,0.0,0,0
98877,1,0.0,0,0
98878,1,0.0,0,0
98879,1,0.0,0,0
98880,1,0.0,0,0
98881,1,0.0,0,0
98882,1,0.0,0,0
98883,1,0.0,0,0
98884,1,0.0,0,0
98885,1,0.0,0,0
98886,1,0.0,0,0
98887,1,0.0,0,0
98900,1,0.0,0,0
98901,1,0.0,0,0
98902,1,0.0,0,0
98903,1,0.0,0,0
98904,1,0.0,0,0
98905,1,0.0,0,0
98906,1,0.0,0,0
98907,1,0.0,0,0
98908,1,0.0,0,0
98909,1,0.0,0,0
98910,1,0.0,0,0
98911,1,0.0,0,0
98912,1,0.0,0,0
98913,1,1.0,1,1
98914,1,0.0,0,0
98915,1,0.0,0,0
98916,1,0.0,0,0
98917,1,1.0,1,1
99000,1,0.0,0,0
99001,1,0.0,0,0
99002,1,0.0,0,0
99003,1,0.0,0,0
99004,1,0.0,0,0
99005,1,0.0,0,0
99006,1,0.0,0,0
99007,1,0.0,0,0
99008,1,0.0,0,0
99009,1,0.0,0,0
99010,1,0.0,0,0
99011,1,0.0,0,0
99012,1,0.0,0,0
99013,1,0.0,0,0
99014,1,0.0,0,0
99015,1,0.0,0,0
99016,1,0.0,0,0
99017,1,0.0,0,0
99018,1,0.0,0,0
99019,1,0.0,0,0
99020,1,0.0,0,0
99021,1,0.0,0,0
99022,1,0.0,0,0
99023,1,0.0,0,0
99024,1,0.0,0,0
99025,1,0.0,0,0
99026,1,0.0,0,0
99027,1,0.0,0,0
99028,1,0.0,0,0
99029,1,0.0,0,0
99030,1,0.0,0,0
99031,1,0.0,0,0
99032,1,0.0,0,0
99033,1,0.0,0,0
99034,1,0.0,0,0
99035,1,0.0,0,0
99036,1,0.0,0,0
99037,1,0.0,0,0
99038,1,0.0,0,0
99039,1,0.0,0,0
99040,1,0.0,0,0
99041,1,0.0,0,0
99042,1,0.0,0,0
99100,1,0.0,0,0
99101,1,0.0,0,0
99102,1,0.0,0,0
99103,1,0.0,0,0
99104,1,0.0,0,0
99105,1,0.0,0,0
99107,1,0.0,0,0
99200,1,0.0,0,0
99201,1,0.0,0,0
99202,1,0.0,0,0
99203,1,0.0,0,0
99204,1,0.0,0,0
99205,1,0.0,0,0
99206,1,0.0,0,0
99207,1,0.0,0,0
99208,1,0.0,0,0
99209,1,0.0,0,0
99210,1,0.0,0,0
99211,1,0.0,0,0
99212,1,0.0,0,0
99213,1,0.0,0,0
99214,1,0.0,0,0
99215,1,0.0,0,0
99216,1,0.0,0,0
99217,1,0.0,0,0
99218,1,0.0,0,0
99219,1,0.0,0,0
99220,1,0.0,0,0
99221,1,0.0,0,0
99222,1,0.0,0,0
99223,1,0.0,0,0
99224,1,0.0,0,0
99225,1,0.0,0,0
99226,1,0.0,0,0
99227,1,0.0,0,0
99228,1,0.0,0,0
99229,1,0.0,0,0
99230,1,0.0,0,0
99231,1,0.0,0,0
99232,1,0.0,0,0
99233,1,0.0,0,0
99234,1,0.0,0,0
99235,1,0.0,0,0
99236,1,0.0,0,0
99237,1,0.0,0,0
99238,1,0.0,0,0
99239,1,0.0,0,0
99240,1,0.0,0,0
99241,1,0.0,0,0
99242,1,0.0,0,0
99243,1,0.0,0,0
99244,1,0.0,0,0
99245,1,0.0,0,0
99246,1,0.0,0,0
99247,1,0.0,0,0
99248,1,0.0,0,0
99249,1,0.0,0,0
99250,1,0.0,0,0
99251,1,0.0,0,0
99252,1,0.0,0,0
99253,1,0.0,0,0
99254,1,0.0,0,0
99255,1,0.0,0,0
99400,1,0.0,0,0
99401,1,0.0,0,0
99402,1,0.0,0,0
99403,1,0.0,0,0
99404,1,0.0,0,0
99405,1,0.0,0,0
99406,1,0.0,0,0
99407,1,0.0,0,0
99408,1,0.0,0,0
99409,1,0.0,0,0
99410,1,0.0,0,0
99411,1,0.0,0,0
99412,1,0.0,0,0
99413,1,0.0,0,0
99414,1,0.0,0,0
99415,1,0.0,0,0
99416,1,0.0,0,0
99417,1,0.0,0,0
99418,1,0.0,0,0
99419,1,0.0,0,0
99420,1,0.0,0,0
99421,1,0.0,0,0
99422,1,0.0,0,0
99423,1,0.0,0,0
99424,1,0.0,0,0
99425,1,0.0,0,0
99426,1,0.0,0,0
99427,1,0.0,0,0
99428,1,0.0,0,0
99429,1,0.0,0,0
99430,1,0.0,0,0
99431,1,0.0,0,0
99432,1,0.0,0,0
99433,1,0.0,0,0
99434,1,0.0,0,0
99435,1,0.0,0,0
99436,1,0.0,0,0
99437,1,0.0,0,0
99438,1,0.0,0,0
99439,1,0.0,0,0
99440,1,0.0,0,0
99441,1,0.0,0,0
99442,1,0.0,0,0
99443,1,0.0,0,0
99444,1,0.0,0,0
99445,1,0.0,0,0
99446,1,0.0,0,0
99447,1,0.0,0,0
99448,1,0.0,0,0
99449,1,0.0,0,0
99450,1,0.0,0,0
99451,1,0.0,0,0
99452,1,0.0,0,0
99453,1,0.0,0,0
99454,1,0.0,0,0
99455,1,0.0,0,0
99456,1,0.0,0,0
99457,1,0.0,0,0
99458,1,0.0,0,0
99459,1,0.0,0,0
99460,1,0.0,0,0
99461,1,0.0,0,0
99462,1,0.0,0,0
99463,1,0.0,0,0
99464,1,0.0,0,0
99465,1,0.0,0,0
99466,1,0.0,0,0
99467,1,0.0,0,0
99468,1,0.0,0,0
99469,1,0.0,0,0
99470,1,0.0,0,0
99471,1,0.0,0,0
99472,1,0.0,0,0
99473,1,0.0,0,0
99474,1,0.0,0,0
99475,1,0.0,0,0
99476,1,0.0,0,0
99477,1,0.0,0,0
99478,1,0.0,0,0
99479,1,0.0,0,0
99480,1,0.0,0,0
99481,1,0.0,0,0
99482,1,0.0,0,0
99483,1,0.0,0,0
99484,1,0.0,0,0
99485,1,0.0,0,0
99486,1,0.0,0,0
99487,1,0.0,0,0
99488,1,0.0,0,0
99489,1,0.0,0,0
99490,1,0.0,0,0
99491,1,0.0,0,0
99492,1,0.0,0,0
99493,1,0.0,0,0
99494,1,0.0,0,0
99495,1,0.0,0,0
99496,1,0.0,0,0
99497,1,0.0,0,0
99498,1,0.0,0,0
99499,1,0.0,0,0
99500,1,0.0,0,0
99501,1,0.0,0,0
99502,1,0.0,0,0
99503,1,0.0,0,0
99801,1,15.0,15,15
99802,1,15.0,15,15
99803,1,15.0,15,15
99804,1,15.0,15,15
99805,1,15.0,15,15
99806,1,15.0,15,15
99807,1,15.0,15,15
99808,1,15.0,15,15
99809,1,15.0,15,15
99810,1,15.0,15,15
99811,1,15.0,15,15
99812,1,15.0,15,15
99813,1,15.0,15,15
99814,1,14.0,14,14
99815,1,15.0,15,15
99816,1,15.0,15,15
99817,1,15.0,15,15
99818,1,15.0,15,15
99819,1,15.0,15,15
99820,1,15.0,15,15
99821,1,15.0,15,15
99822,1,15.0,15,15
99823,1,10.0,10,10
99824,1,15.0,15,15
99825,1,15.0,15,15
99826,1,15.0,15,15
99827,1,15.0,15,15
99828,1,15.0,15,15
99829,1,15.0,15,15
99830,1,15.0,15,15
99831,1,15.0,15,15
99832,1,14.0,14,14
99833,1,15.0,15,15
99834,1,15.0,15,15
99835,1,15.0,15,15
99836,1,15.0,15,15
99901,1,10.0,10,10
99902,1,10.0,10,10
99903,1,10.0,10,10
99904,1,10.0,10,10
99905,1,9.0,9,9
99906,1,10.0,10,10
99907,1,10.0,10,10
99908,1,10.0,10,10
