Total_Distance,Number_of_Stops,Actual_Duration_Minutes,basic_linear_regression_prediction,multiple_linear_regression_prediction,random_forest_prediction
491.0,23,690,589.7286387785603,631.257353026588,648.8976317344637
127.0,22,180,190.05060614730826,247.6145916370682,215.23604221295352
29.0,16,55,82.44498197735581,109.40003052097805,55.13792260257559
78.0,4,190,136.24779406233202,87.0899359825428,127.48538340735946
71.0,22,113,128.56167805019257,189.53024244992645,109.95345345818993
24.0,1,38,76.9548991115419,12.796552818502938,47.38429498580925
382.0,16,450,470.04483230381715,475.5388745042107,479.71360454338276
39.0,0,59,93.4251477089836,22.260368963388636,64.99727692800238
1700.0,24,2145,1917.2306757323613,1891.3514548292287,1941.7661615934855
1498.0,5,1185,1695.4313279534797,1566.0375677581637,1192.444642857143
689.0,19,750,807.1359202647907,812.2490495315873,803.6321472894491
63.0,0,80,119.77754546489032,47.15366147216366,84.49550161676021
127.0,15,150,190.05060614730826,204.95314992537737,187.36659303337078
118.0,20,245,180.16845698884322,226.09062360008016,224.24421925158018
2841.0,26,2920,3170.067585711093,3087.0090528634387,2958.189980319389
16.0,6,45,68.17076652623966,34.971247014404696,31.154459405425726
15.0,8,29,67.07274995307688,46.12300983940311,29.18614584123601
32.0,13,80,85.73903169684414,94.22821706527887,65.48807991888279
331.0,18,485,414.04598707251535,434.82961126926114,488.47574718410243
36.0,8,105,90.13109798949526,67.90464078458126,94.36762843357612
61.0,7,95,117.58151231856476,87.74066214145657,101.32182696901813
16.0,6,29,68.17076652623966,34.971247014404696,31.154459405425726
99.0,9,205,159.3061420987504,139.34402529321437,166.51188305548823
49.0,0,78,104.4053134406114,32.63257417537823,77.60840567048403
39.0,15,65,93.4251477089836,113.67774405986896,62.74767791385427
14.0,1,45,65.9747333799141,2.4243476065133436,41.37036348355659
46.0,10,80,101.11126372112307,90.46582934276823,96.11791755921342
28.0,0,47,81.34696540419303,10.850943230200087,49.30812301074591
63.0,6,140,119.77754546489032,83.72061151075579,104.38373380812722
103.0,16,155,163.69820839140152,186.15434908970104,212.8188883185291
77.0,14,145,135.14977748916925,146.99763219233074,148.04428438328134
20.0,0,32,72.56283281889078,2.553179060608411,32.15140801110847
25.0,11,45,78.05291568470469,74.77869007068877,46.7571797635418
1281.0,50,1665,1457.1617315771564,1615.2128399474304,1719.9035455473186
48.0,20,83,103.30729686744863,153.48518711615304,80.04462077227714
205.0,14,410,275.6958988540051,279.7618589057975,395.8315744883367
209.0,29,350,280.0879651466562,375.3281160870737,385.09343609073346
3435.0,60,3635,3822.2894301697843,3910.330759340976,3884.124287518037
11.0,0,15,62.680683660425764,-6.781805630182223,24.980627641913003
44.0,4,45,98.9152305747975,51.824438261778184,63.562675220829476
20.0,6,32,72.56283281889078,39.12012909920054,41.42827883948653
1281.0,34,1590,1457.1617315771564,1517.7009731778517,1734.460209558309
203.0,30,315,273.49986570767953,375.19928463297856,396.0426482636216
159.0,21,375,225.1871364885172,274.7111566423362,300.2641477422124
234.0,12,250,307.5383794757257,297.65227067436996,346.25645053263565
625.0,20,905,736.8628595823727,751.9614278479527,736.7559683272689
53.0,6,61,108.79737973326252,73.34840629876619,89.9452868991142
48.0,20,78,103.30729686744863,153.48518711615304,80.04462077227714
37.0,3,50,91.22911456265805,38.469402940286784,57.99915464073869
1878.0,31,2230,2112.677625755336,2118.6381493143344,2205.356660184034
82.0,11,130,140.63986035498314,133.90025977902945,119.38935210335765
1404.0,28,1470,1592.2177700761783,1608.7121472467315,1583.6658332997865
180.0,26,350,248.2454845249356,326.96524595300775,300.5692558622744
53.0,22,87,108.79737973326252,170.86027306834518,88.61681865360451
18.0,0,28,70.36679967256522,0.47873801821049256,28.88535470084474
18.0,0,28,70.36679967256522,0.47873801821049256,28.88535470084474
30.0,9,48,83.54299855051858,67.7758093304862,54.60398869089518
490.0,9,465,588.6306222053975,544.8972490820075,484.4447218275283
102.0,20,132,162.60019181823873,209.49509526089685,152.4754568614346
273.0,38,465,350.36102582907415,496.56065450169524,460.7097310671354
2019.0,24,1975,2267.4979625712876,2222.224801091697,2215.983668124494
89.0,12,155,148.32597636712262,147.25529510052087,146.37220379049865
102.0,17,135,162.60019181823873,191.21162024160077,159.758532937199
106.0,5,150,166.99225811088985,122.22660224921236,145.14869946040372
2.0,0,5,52.798534501960745,-16.116790320972857,7.775071453667224
77.0,9,120,135.14977748916925,116.52517382683729,120.91172831166638
202.0,41,345,272.40184913451674,441.2014725158652,391.36455668043703
124.0,18,210,186.7565564278199,220.12496338107655,215.20479196437245
134.0,21,281,197.7367221594477,248.7806436123622,241.76311559373838
48.0,20,79,103.30729686744863,153.48518711615304,80.04462077227714
373.0,17,615,460.1626831453521,472.29838148651874,540.7782536532079
61.0,10,105,117.58151231856476,106.02413716075262,110.11407019266167
22.0,8,40,74.75886596521634,53.38355348779584,39.94246533728038
736.0,31,920,858.7426992034414,934.1323141051226,971.9857061743846
348.0,37,525,432.71226881628263,568.2577019185185,564.9257738380973
575.0,19,615,681.9620309242337,694.0059101149059,705.3947666761961
491.0,10,465,589.7286387785603,552.0289612763052,487.0732971395822
153.0,18,250,218.59903704954053,250.20435849584635,249.6904800383284
1157.0,3,920,1321.0076765049716,1200.1563866831211,1140.589759199134
6.0,0,14,57.19060079461187,-11.967908236177019,16.91509403205783
740.0,36,1240,863.1347654960923,968.7536545554118,1089.1944940157462
303.0,34,435,383.30152302395754,503.2993034452693,519.9666811551785
481.0,16,745,578.7484730469323,578.2237061029076,624.01369221546
141.0,12,225,205.42283817158716,201.19076220286675,221.69333549784918
46.0,17,80,101.11126372112307,133.12727105445904,79.11086403335091
33.0,15,59,86.83704827000693,107.45442093267519,57.15564133683907
20.0,9,50,72.56283281889078,57.4036041184966,43.16773006139877
473.0,40,810,569.9643404616302,716.1937420876844,843.9411120129871
77.0,9,138,135.14977748916925,116.52517382683729,120.91172831166638
897.0,29,975,1035.5233674826488,1088.9358346719578,1004.8657845148556
34.0,10,52,87.9350648431697,78.01918308838071,57.44483438665491
1.0,0,110,51.700517928797964,-17.154010842171814,93.54765720932022
20.0,5,50,72.56283281889078,33.02563742610185,44.23562781395819
46.0,6,65,101.11126372112307,66.08786265037348,61.28421075771318
81.0,21,132,139.54184378182038,193.80795598881735,136.12134758443807
966.0,30,1240,1111.2865110308808,1166.5985423077846,1214.2540361721612
19.0,3,50,71.464816245728,19.799433558705516,44.51882711159234
14.0,1,50,65.9747333799141,2.4243476065133436,41.37036348355659
88.0,12,145,147.22795979395983,146.2180745793219,142.3195702844758
46.0,17,80,101.11126372112307,133.12727105445904,79.11086403335091
29.0,8,46,82.44498197735581,60.64409713618855,50.87468027951604
49.0,0,77,104.4053134406114,32.63257417537823,77.60840567048403
28.0,3,65,81.34696540419303,29.13441824949615,52.774844863218725
57.0,19,92,113.18944602591364,156.72568013384497,91.41691100760372
244.0,8,265,318.5185452073535,283.6465091939648,321.55850908390204
1638.0,57,2245,1849.153648196269,2028.16200772715,2250.676245968084
47.0,9,95,102.20928029428585,85.4085581908685,95.00929168582137
768.0,19,1110,893.8792295446503,894.1894707063051,927.4593924968092
48.0,8,60,103.30729686744863,80.35128703896878,69.27764715438389
350.0,16,430,434.90830196260816,442.347817825844,454.3770079444214
587.0,10,660,695.138229802187,651.6021313114052,645.3064338256899
37.0,20,80,91.22911456265805,142.07576138296446,82.065038692823
39.0,15,60,93.4251477089836,113.67774405986896,62.74767791385427
49.0,0,77,104.4053134406114,32.63257417537823,77.60840567048403
3930.0,54,4485,4365.807633885361,4387.1879672958685,4556.920357142857
41.0,7,65,95.62118085530916,66.99625171747738,69.70558509155686
46.0,17,80,101.11126372112307,133.12727105445904,79.11086403335091
192.0,16,235,261.42168340288896,278.46697547640844,276.84877703228506
22.0,8,38,74.75886596521634,53.38355348779584,39.94246533728038
96.0,27,141,156.01209237926207,245.93321384539388,138.1343105596976
143.0,8,180,207.61887131791272,178.88723655286992,207.6201682176914
72.0,18,133,129.65969462335534,166.18949627873067,132.24713624050275
3051.0,38,3305,3400.651066075277,3377.9592623924045,3274.4727976190466
758.0,7,825,882.8990638130224,810.6833654171312,829.8000793650796
46.0,10,85,101.11126372112307,90.46582934276823,96.11791755921342
401.0,28,690,490.90714719390996,568.3799644841752,616.9526914317717
10.0,2,16,61.58266708726298,4.369957194816195,16.953636064631848
81.0,16,165,139.54184378182038,163.33549762332393,153.03051340803452
1123.0,14,1150,1283.6751130174373,1231.9302973664421,1208.6210371393668
654.0,6,690,768.7053402040933,696.7179395393408,703.4309732664292
93.0,22,205,152.71804265977374,212.34909391630356,195.57531027363325
29.0,16,55,82.44498197735581,109.40003052097805,55.13792260257559
63.0,0,85,119.77754546489032,47.15366147216366,84.49550161676021
37.0,20,80,91.22911456265805,142.07576138296446,82.065038692823
39.0,15,65,93.4251477089836,113.67774405986896,62.74767791385427
1895.0,25,2045,2131.3439074991034,2099.7039481361244,2181.9997985039563
159.0,22,285,225.1871364885172,280.8056483154349,293.8864155596011
2965.0,12,3235,3306.221640783278,3130.301514068728,3165.1480257936514
221.0,5,275,293.26416402460956,241.50696218709265,259.51865790565085
58.0,7,90,114.28746259907643,84.62900057785967,102.11856166291388
28.0,0,48,81.34696540419303,10.850943230200087,49.30812301074591
82.0,16,165,140.63986035498314,164.37271814452288,159.2552689921651
14.0,1,19,65.9747333799141,2.4243476065133436,41.37036348355659
34.0,0,56,87.9350648431697,17.074266357393846,52.76482418275054
122.0,21,145,184.56052328149434,236.3339973579747,209.31334461782902
619.0,14,655,730.274760143396,709.1711546821667,792.9586486070264
61.0,19,98,117.58151231856476,160.87456221864082,98.39179883052431
28.0,7,43,81.34696540419303,53.5123849418909,46.55077509232072
660.0,20,895,775.2934396430701,788.2641460899162,834.788108740201
394.0,12,540,483.2210311817705,463.6075540662035,461.5093398905927
67.0,8,70,124.16961175754145,100.058476941749,77.44612274264801
14.0,1,45,65.9747333799141,2.4243476065133436,41.37036348355659
44.0,8,85,98.9152305747975,76.20240495417293,78.61268955283309
120.0,10,175,182.36449013516878,167.2201479114912,178.9521930408029
434.0,38,520,527.1416941082816,663.5531584147277,700.7309795830225
15.0,5,30,67.07274995307688,27.839534820107055,28.359265534233113
667.0,15,735,782.9795556552094,765.0522313728154,821.2805860631207
203.0,7,305,273.49986570767953,235.0259761517088,255.63633655270482
94.0,26,133,153.8160592329365,237.76428112989728,125.91430183576064
363.0,43,745,449.1825174137243,620.3829597750951,780.640817423317
25.0,2,37,78.05291568470469,19.92826501280058,48.04171490793838
81.0,8,135,139.54184378182038,114.57956423853443,140.59193427114118
18.0,0,28,70.36679967256522,0.47873801821049256,28.88535470084474
503.0,19,580,602.9048376565136,619.3260325885808,634.6034811248953
384.0,58,745,472.24086545014273,733.5819658167535,719.7336030855109
1265.0,16,1415,1439.593466406552,1391.404594722892,1381.0378273624522
72.0,15,140,129.65969462335534,147.90602125943462,135.35605338755445
266.0,35,660,342.67490981693464,471.0166358340065,532.2575229417236
6.0,2,12,57.19060079461187,0.22107511002035807,15.603928818466994
41.0,4,85,95.62118085530916,48.7127766981813,63.07203556855566
82.0,16,170,140.63986035498314,164.37271814452288,159.2552689921651
49.0,0,78,104.4053134406114,32.63257417537823,77.60840567048403
76.0,1,125,134.05176091600646,66.73201992084883,118.81363024338656
33.0,6,60,86.83704827000693,52.60399587478702,67.6717119869291
44.0,15,68,98.9152305747975,118.86384666586375,73.8279325190323
13.0,2,35,64.87671680675132,7.48161875841307,29.90871378487425
49.0,0,77,104.4053134406114,32.63257417537823,77.60840567048403
858.0,29,1030,992.7007211293005,1048.4842343451983,1007.3187384618548
204.0,9,240,274.5978822808423,248.25218001910514,324.44235109055734
89.0,14,140,148.32597636712262,159.44427844671822,155.53615707993245
249.0,5,295,324.0086280731674,270.5491367806635,274.2544218677954
344.0,17,370,428.3202025236315,442.21898637174894,490.49105228633636
429.0,12,425,521.6516112424679,499.910272308167,513.2048730981911
10.0,0,20,61.58266708726298,-7.819026151381182,19.43578597575463
230.0,27,320,303.1463131830746,384.92076368605444,395.3737415387272
18.0,0,28,70.36679967256522,0.47873801821049256,28.88535470084474
43.0,6,65,97.81721400163472,62.9762010867766,79.55237533484232
48.0,8,60,103.30729686744863,80.35128703896878,69.27764715438389
32.0,11,62,85.73903169684414,82.0392337190815,60.53529683309427
10.0,0,21,61.58266708726298,-7.819026151381182,19.43578597575463
838.0,6,765,970.7403896660448,887.5665154399493,823.6002583180706
88.0,16,120,147.22795979395983,170.59604127171664,143.7743375338453
24.0,9,46,76.9548991115419,61.55248620329243,46.80104671931206
231.0,33,350,304.24432975623733,422.52493424584554,419.32705731919947
68.0,8,95,125.26762833070423,101.09569746294797,111.9515645131508
22.0,8,40,74.75886596521634,53.38355348779584,39.94246533728038
86.0,27,150,145.03192664763426,235.5610086334043,141.6066665088319
15.0,8,29,67.07274995307688,46.12300983940311,29.18614584123601
496.0,62,835,595.218721644374,874.1286308834317,932.4227146464646
59.0,22,100,115.3854791722392,177.08359619553895,99.13363505371393
82.0,12,110,140.63986035498314,139.99475145212813,121.54047884107148
1832.0,66,2345,2062.168863389848,2284.2332138976362,2304.749672619048
14.0,1,45,65.9747333799141,2.4243476065133436,41.37036348355659
273.0,39,425,350.36102582907415,502.6551461747939,470.64103409743853
61.0,19,100,117.58151231856476,160.87456221864082,98.39179883052431
879.0,25,1155,1015.7590691657188,1045.8878985979818,1076.3089364133382
28.0,0,48,81.34696540419303,10.850943230200087,49.30812301074591
215.0,21,400,286.67606458563284,332.7955058294779,313.9687455223919
84.0,15,160,142.8358935013087,160.35266751382213,172.7087699052554
92.0,11,175,151.62002608661095,144.27246499101904,173.84479032101655
59.0,9,105,115.3854791722392,97.85520444525602,109.34803020226283
135.0,16,175,198.83473873261048,219.34540576806774,189.31024519013963
20.0,0,32,72.56283281889078,2.553179060608411,32.15140801110847
1292.0,29,1410,1469.239913881947,1498.6379405455468,1566.203690592448
417.0,19,560,508.47541236451445,530.1250677654704,573.5931414037957
77.0,15,170,135.14977748916925,153.09212386542941,142.06221730890834
14.0,1,20,65.9747333799141,2.4243476065133436,41.37036348355659
215.0,26,300,286.67606458563284,363.26796419497134,328.7577864275941
453.0,51,720,548.0040089983745,762.4887400677909,845.1215795246684
643.0,15,825,756.6271578993028,740.1589388640405,865.626514198699
1306.0,21,1505,1484.612145906226,1464.4030944575425,1522.9416965965377
33.0,5,46,86.83704827000693,46.509504201688316,52.98224875245503
90.0,18,225,149.4239929402854,184.85946566031194,190.43394137586216
341.0,38,560,425.0261528041432,567.0916499432245,566.7395956430178
212.0,22,345,283.3820148661446,335.7783359389797,325.627933198589
10.0,0,20,61.58266708726298,-7.819026151381182,19.43578597575463
208.0,17,275,278.9899485734934,301.1569954886905,289.30447633064995
39.0,5,55,93.4251477089836,52.73282732888208,65.68272463228558
196.0,8,255,265.8137496955401,233.85992417641475,243.23631808102039
49.0,0,79,104.4053134406114,32.63257417537823,77.60840567048403
209.0,27,345,280.0879651466562,363.13913274087633,347.84468559796164
77.0,13,130,135.14977748916925,140.90314051923204,138.0588805020272
161.0,15,270,227.38316963484277,240.21864764614202,241.64384087917068
70.0,22,107,127.46366147702979,188.4930219287275,110.44507436856934
29.0,16,55,82.44498197735581,109.40003052097805,55.13792260257559
14.0,0,30,65.9747333799141,-3.670144066585344,33.403712183172914
109.0,15,195,170.2863078303782,186.2831805437961,181.79174655699336
16.0,4,35,68.17076652623966,22.78226366820732,31.2166250238471
503.0,9,530,602.9048376565136,558.381115857594,538.6890292712501
447.0,6,385,541.4159095593978,482.01329165115624,382.67922347911065
49.0,7,80,104.4053134406114,75.29401588706904,80.65996151288049
1419.0,35,1755,1608.68801867362,1666.9318967764066,1748.3111907424525
59.0,0,103,115.3854791722392,43.004779387367826,104.26557717332209
15.0,8,30,67.07274995307688,46.12300983940311,29.18614584123601
326.0,28,420,408.5559042067015,490.58842539425325,451.8875469632707
2564.0,35,2740,2865.916994945003,2854.549393549215,2888.4186702533566
10.0,0,21,61.58266708726298,-7.819026151381182,19.43578597575463
28.0,7,43,81.34696540419303,53.5123849418909,46.55077509232072
39.0,0,60,93.4251477089836,22.260368963388636,64.99727692800238
1358.0,35,2020,1541.7090077106905,1603.66144498327,1809.5753293399655
71.0,22,120,128.56167805019257,189.53024244992645,109.95345345818993
215.0,4,305,286.67606458563284,229.18914738680024,281.7686161107599
930.0,14,935,1071.7579143970206,1031.7467367750432,950.0853343327452
68.0,7,180,125.26762833070423,95.00120578984928,118.8967170640309
155.0,21,360,220.7950701958661,270.5622745575404,255.12882184950092
583.0,57,1000,690.746163509536,933.8943578622477,930.7208530462019
13.0,2,20,64.87671680675132,7.48161875841307,29.90871378487425
545.0,17,605,649.0215337293503,650.7003111327398,662.8729806633886
99.0,6,140,159.3061420987504,121.06055027391832,159.14239694032463
89.0,9,235,148.32597636712262,128.9718200812248,130.61779741160578
112.0,13,145,173.58035754986656,177.2058587611956,179.884193050089
49.0,5,85,104.4053134406114,63.10503254087166,86.96561016644456
86.0,26,150,145.03192664763426,229.46651696030563,137.67710646925462
67.0,10,70,124.16961175754145,112.24746028794638,73.20114867406393
132.0,14,220,195.54068901312215,204.0447608582735,208.13715085797773
10.0,0,20,61.58266708726298,-7.819026151381182,19.43578597575463
534.0,13,750,636.9433514245598,614.9129187071565,668.5787764319015
46.0,5,50,101.11126372112307,59.99337097727479,52.3880268536951
168.0,20,230,235.06928564698222,277.9516496600281,292.3924367374217
95.0,15,195,154.91407580609928,171.76209324701068,230.46009233144053
771.0,23,998,897.1732792641385,921.6790989622967,981.0479640813751
81.0,8,150,139.54184378182038,114.57956423853443,140.59193427114118
987.0,36,1390,1134.344859067299,1224.9471232915548,1295.8956845238097
183.0,23,265,251.53953424442392,311.7934324973086,319.2602749579266
10.0,0,20,61.58266708726298,-7.819026151381182,19.43578597575463
184.0,8,265,252.6375508175867,221.41327792202725,233.1396494371642
2779.0,39,3145,3101.990558175001,3101.929772299386,3065.4797100468986
22.0,10,55,74.75886596521634,65.57253683399321,51.63387837254768
46.0,6,61,101.11126372112307,66.08786265037348,61.28421075771318
535.0,58,930,638.0413679977225,890.2022645177964,876.5266289069967
53.0,22,88,108.79737973326252,170.86027306834518,88.61681865360451
61.0,14,78,117.58151231856476,130.40210385314737,110.91332278090059
85.0,12,130,143.9339100744715,143.10641301572502,135.0194570063444
127.0,29,245,190.05060614730826,290.27603334875903,243.35926082395088
105.0,12,115,165.89424153772708,163.85082343970421,138.03025353502053
555.0,1,515,660.001699460978,563.5606495751504,517.825595238095
123.0,0,152,185.65853985465714,109.38689274410123,163.70759583940946
29.0,16,55,82.44498197735581,109.40003052097805,55.13792260257559
77.0,11,125,135.14977748916925,128.71415717303466,136.80225361346035
1558.0,75,2110,1761.3123223432465,2054.8852161470095,2154.4485497835494
967.0,42,1360,1112.3845276040436,1240.769662906168,1332.838075396825
46.0,7,51,101.11126372112307,72.18235432347217,56.40274489285467
155.0,21,360,220.7950701958661,270.5622745575404,255.12882184950092
1786.0,15,2100,2011.6601010243603,1925.7019945944508,1930.2704507823144
96.0,26,140,156.01209237926207,239.8387221722952,136.15599088277594
38.0,0,63,92.32713113582082,21.223148442189682,64.27796321333523
13.0,2,20,64.87671680675132,7.48161875841307,29.90871378487425
76.0,12,105,134.05176091600646,133.7714283249344,147.87880801502467
61.0,21,99,117.58151231856476,173.0635455648382,100.75464563391793
2556.0,46,2885,2857.1328623597005,2913.2910377837093,3086.2548106060613
67.0,10,71,124.16961175754145,112.24746028794638,73.20114867406393
48.0,20,77,103.30729686744863,153.48518711615304,80.04462077227714
93.0,11,150,152.71804265977374,145.309685512218,160.8847402300333
138.0,22,250,202.12878845209883,259.02401737025673,244.20675804897348
96.0,25,140,156.01209237926207,233.7442304991965,138.1188853928653
61.0,20,102,117.58151231856476,166.9690538917395,100.39691764394294
73.0,25,120,130.75771119651813,209.88815851162042,119.14100541513224
208.0,7,435,278.9899485734934,240.21207875770358,288.3102197608886
113.0,14,175,174.67837412302933,184.33757095549328,186.92877929910767
29.0,0,55,82.44498197735581,11.888163751399045,54.911673204348574
24.0,9,85,76.9548991115419,61.55248620329243,46.80104671931206
143.0,19,220,207.61887131791272,245.9266449569555,242.35786764619309
90.0,14,150,149.4239929402854,160.4814989679172,172.54864433922424
67.0,11,135,124.16961175754145,118.34195196104508,138.23180341447443
29.0,0,55,82.44498197735581,11.888163751399045,54.911673204348574
76.0,22,108,134.05176091600646,194.71634505592127,107.94193169106147
78.0,10,120,136.24779406233202,123.65688602113494,128.02235504520525
757.0,7,820,881.8010472398596,809.6461448959323,832.4162698412699
27.0,4,50,80.24894883103025,34.19168940139588,63.13603487429685
217.0,25,305,288.87209773195843,359.24791356427056,359.9543131759479
549.0,8,600,653.4136000220014,599.9987681596474,641.4147799561288
48.0,18,80,103.30729686744863,141.29620376995564,81.98183089968565
522.0,7,700,623.7671525466064,565.8993224141768,649.4387519359726
29.0,16,55,82.44498197735581,109.40003052097805,55.13792260257559
1913.0,52,2035,2151.108205816033,2282.9251926913703,2179.2875929038432
536.0,9,675,639.1393845708853,592.6093930571597,721.080800990676
40.0,13,65,94.52316428214638,102.52598123487053,63.88521314267269
81.0,4,110,139.54184378182038,90.20159754613968,138.9927567392201
63.0,6,150,119.77754546489032,83.72061151075579,104.38373380812722
25.0,7,40,78.05291568470469,50.40072337829402,41.64897753179158
46.0,6,59,101.11126372112307,66.08786265037348,61.28421075771318
49.0,0,80,104.4053134406114,32.63257417537823,77.60840567048403
225.0,37,445,297.6562303172607,440.6795778110465,416.8020678184221
6.0,1,20,57.19060079461187,-5.873416563078331,18.350832692486318
77.0,10,120,135.14977748916925,122.61966549993599,126.46277060139339
6.0,2,12,57.19060079461187,0.22107511002035807,15.603928818466994
108.0,2,178,169.18829125721544,106.01756827231421,165.27924295742025
33.0,15,55,86.83704827000693,107.45442093267519,57.15564133683907
1807.0,13,1750,2034.7184490607788,1935.2946421934316,1768.1689246031744
14.0,1,45,65.9747333799141,2.4243476065133436,41.37036348355659
597.0,9,695,706.1183955338149,655.8798448502961,649.766145225401
853.0,13,935,987.2106382634865,945.7862649696245,935.9015210020283
260.0,5,280,336.086810377958,281.9585625138521,268.60201924251976
30.0,12,80,83.54299855051858,86.05928434978226,65.99765445065034
40.0,0,66,94.52316428214638,23.297589484587597,65.22247704296012
490.0,12,505,588.6306222053975,563.1807241013036,534.8502063057273
82.0,7,150,140.63986035498314,109.5222930866347,130.2810850339105
104.0,15,270,164.79622496456432,181.09707793780132,249.09387602001635
13.0,0,35,64.87671680675132,-4.707364587784303,34.6096496748218
39.0,15,60,93.4251477089836,113.67774405986896,62.74767791385427
1287.0,13,1225,1463.7498310161332,1395.939971169973,1346.213847929848
29.0,16,55,82.44498197735581,109.40003052097805,55.13792260257559
356.0,47,605,441.4964014015849,637.5003828190971,668.0357742604617
149.0,22,230,214.2069707568894,270.43344310344526,258.9942528518072
750.0,16,975,874.1149312277203,857.2360263054277,903.0112900703759
29.0,5,65,82.44498197735581,42.360622116892486,54.57224298073879
164.0,25,370,230.6772193543311,304.2752259407257,310.8702356693897
24.0,9,50,76.9548991115419,61.55248620329243,46.80104671931206
188.0,33,375,257.02961711023784,377.92445183429027,380.18884047653154
42.0,6,90,96.71919742847194,61.93898056557765,76.89117847184244
18.0,0,28,70.36679967256522,0.47873801821049256,28.88535470084474
188.0,16,260,257.02961711023784,274.3180933916126,291.7158948468881
259.0,44,525,334.9887938047952,518.606517243502,454.94433233915794
58.0,9,90,114.28746259907643,96.81798392405705,108.07475711348708
41.0,9,80,95.62118085530916,79.18523506367475,76.62975459520806
28.0,0,72,81.34696540419303,10.850943230200087,49.30812301074591
406.0,9,440,496.3972300597239,457.7707253012949,482.00720489965187
564.0,12,740,669.8838486194431,639.9350426700265,678.2291013304632
651.0,20,700,765.4112904846049,778.9291613991255,795.6953385966024
18.0,4,75,70.36679967256522,24.856704710605243,53.42524592171844
28.0,0,48,81.34696540419303,10.850943230200087,49.30812301074591
108.0,2,180,169.18829125721544,106.01756827231421,165.27924295742025
53.0,22,87,108.79737973326252,170.86027306834518,88.61681865360451
159.0,8,180,225.1871364885172,195.48276489205327,227.86690391267243
812.0,16,1125,942.1919587638126,921.5436986197632,926.4638765482844
1600.0,21,1700,1807.4290184160832,1769.3459276900367,1702.7877722731353
47.0,14,90,102.20928029428585,115.88101655636194,88.6821117552841
60.0,11,105,116.48349574540198,111.08140831265234,107.08720313117979
493.0,6,470,591.9246719248856,529.7254356263084,473.31436047318346
1476.0,58,1870,1671.2749633438984,1866.2267749660173,1954.3615476190485
49.0,0,78,104.4053134406114,32.63257417537823,77.60840567048403
214.0,31,425,285.5780480124701,392.7032020392659,444.36607284145595
5.0,0,25,56.09258422144909,-13.005128757375978,17.305317693100072
96.0,21,128,156.01209237926207,209.36626380680178,169.86440546920636
36.0,0,60,90.13109798949526,19.14870739979176,60.79231184348721
90.0,2,125,149.4239929402854,87.34759889073294,156.61803030945842
275.0,14,370,352.5570589753997,352.36729538972463,331.2080240541189
14.0,1,45,65.9747333799141,2.4243476065133436,41.37036348355659
360.0,2,300,445.888467694236,367.39713961445193,340.8338713607299
45.0,5,290,100.01324714796029,58.95615045607583,102.44926112129568
89.0,18,135,148.32597636712262,183.82224513911297,157.90734549977313
49.0,0,77,104.4053134406114,32.63257417537823,77.60840567048403
2853.0,41,2985,3183.2437845890463,3190.8730742143066,3250.628375721501
29.0,0,55,82.44498197735581,11.888163751399045,54.911673204348574
23.0,11,45,75.85688253837912,72.70424902829086,46.83817086707475
366.0,40,585,452.47656713321265,605.2111463193959,549.4835913892604
37.0,20,83,91.22911456265805,142.07576138296446,82.065038692823
14.0,3,19,65.9747333799141,14.613330952710719,23.51785644512964
29.0,16,55,82.44498197735581,109.40003052097805,55.13792260257559
30.0,1,45,83.54299855051858,19.019875945696697,112.21857503307736
32.0,3,50,85.73903169684414,33.28330033429199,42.35546553671849
30.0,8,85,83.54299855051858,61.68131765738751,57.514096961392
122.0,13,170,184.56052328149434,187.5780639731852,183.01727323284985
1895.0,30,2290,2131.3439074991034,2130.1764065016177,2231.489190165421
1053.0,24,1215,1206.8139528960426,1220.269777613502,1300.5600610281253
105.0,15,140,165.89424153772708,182.13429845900026,204.6073894153273
351.0,16,460,436.00631853577096,443.38503834704295,450.21023908827755
47.0,14,90,102.20928029428585,115.88101655636194,88.6821117552841
44.0,15,68,98.9152305747975,118.86384666586375,73.8279325190323
73.0,25,120,130.75771119651813,209.88815851162042,119.14100541513224
25.0,12,48,78.05291568470469,80.87318174378746,48.21788610955997
32.0,3,37,85.73903169684414,33.28330033429199,42.35546553671849
89.0,13,280,148.32597636712262,153.34978677361954,181.0295023609963
42.0,5,70,96.71919742847194,55.84448889247895,72.92650436020419
105.0,17,175,165.89424153772708,194.32328180519767,184.1746875654297
81.0,17,185,139.54184378182038,169.4299892964226,184.4325360088264
37.0,5,105,91.22911456265805,50.65838628648416,64.4155877446067
29.0,0,55,82.44498197735581,11.888163751399045,54.911673204348574
59.0,10,125,115.3854791722392,103.9496961183547,109.1378503414435
50.0,8,100,105.50333001377419,82.42572808136669,103.54386261962387
1601.0,55,2235,1808.527034989246,1977.5958650965913,2038.9975698597098
243.0,48,710,317.4205286341907,526.3889555967133,521.774341419431
11.0,0,28,62.680683660425764,-6.781805630182223,24.980627641913003
37.0,20,80,91.22911456265805,142.07576138296446,82.065038692823
1231.0,70,1670,1402.2609029190173,1685.2416473494563,1709.7599928500163
712.0,10,735,832.3903014475345,781.2546964612751,797.721389427744
92.0,12,215,151.62002608661095,150.36695666411774,189.93905303461509
1298.0,25,1610,1475.8280133209237,1480.4832969803456,1655.4736579415
29.0,0,55,82.44498197735581,11.888163751399045,54.911673204348574
36.0,0,60,90.13109798949526,19.14870739979176,60.79231184348721
430.0,24,695,522.7496278156306,574.0813929065503,601.7048239580619
2121.0,23,2780,2379.4956530338914,2321.926802580892,2327.8744094159997
276.0,10,340,353.6550755485625,329.0265492185289,331.43728083922235
1907.0,54,2200,2144.5201063770564,2288.890852910374,2194.9084574559583
1123.0,19,1155,1283.6751130174373,1262.4027557319355,1287.5889246336917
39.0,15,60,93.4251477089836,113.67774405986896,62.74767791385427
77.0,25,170,135.14977748916925,214.03704059641626,126.3837516799987
14.0,1,45,65.9747333799141,2.4243476065133436,41.37036348355659
233.0,32,495,306.4403629025629,418.50488361514476,533.2191253035761
25.0,11,45,78.05291568470469,74.77869007068877,46.7571797635418
692.0,22,845,810.4299699842788,833.6441861144802,846.5267101474545
36.0,8,90,90.13109798949526,67.90464078458126,94.36762843357612
49.0,0,77,104.4053134406114,32.63257417537823,77.60840567048403
40.0,6,85,94.52316428214638,59.86453952317973,67.35381383034924
44.0,15,69,98.9152305747975,118.86384666586375,73.8279325190323
120.0,16,160,182.36449013516878,203.78709795008336,190.62310117902317
2433.0,41,2935,2722.076823860679,2755.2404553107435,2839.4162793538153
26.0,12,70,79.15093225786747,81.91040226498642,72.60939753298095
65.0,9,95,121.97357861121588,104.07852757244977,134.7207961308342
139.0,17,230,203.2268050252616,229.58877952596225,260.34470111301135
44.0,4,60,98.9152305747975,51.824438261778184,63.562675220829476
24.0,8,42,76.9548991115419,55.45799453019376,39.872730841215876
150.0,19,300,215.30498733005217,253.18718860534818,296.73278743454523
33.0,15,60,86.83704827000693,107.45442093267519,57.15564133683907
214.0,31,395,285.5780480124701,392.7032020392659,444.36607284145595
1726.0,29,1975,1945.7791066345935,1948.791646745895,2101.3661515814265
618.0,13,840,729.1767435702332,702.0394424878691,795.162287660324
291.0,29,465,370.1253241460042,460.38019882538833,437.6541023285171
905.0,10,1005,1044.3075000679512,981.4382570526743,958.518111142374
20.0,0,32,72.56283281889078,2.553179060608411,32.15140801110847
790.0,19,875,918.0355941542314,917.0083221726821,927.2389738731888
28.0,0,47,81.34696540419303,10.850943230200087,49.30812301074591
41.0,7,80,95.62118085530916,66.99625171747738,69.70558509155686
61.0,10,105,117.58151231856476,106.02413716075262,110.11407019266167
106.0,18,155,166.99225811088985,201.4549939994953,183.82717023111414
105.0,18,195,165.89424153772708,200.41777347829634,183.8870316515122
27.0,2,35,80.24894883103025,22.0027060551985,56.13885632200169
639.0,27,815,752.2350916066516,809.1439568564289,852.918709169137
67.0,8,95,124.16961175754145,100.058476941749,77.44612274264801
639.0,26,835,752.2350916066516,803.0494651833301,848.567786954097
334.0,8,510,417.34003679200373,376.99635610187113,407.31879173377706
10.0,0,20,61.58266708726298,-7.819026151381182,19.43578597575463
614.0,9,735,724.7846772775822,673.5125937106784,668.7081984310399
49.0,0,77,104.4053134406114,32.63257417537823,77.60840567048403
87.0,26,157,146.12994322079703,230.50373748150457,143.1572545743611
115.0,31,172,176.8744072693549,290.0183704405689,162.36423972611883
45.0,14,77,100.01324714796029,113.80657551396402,75.03206713057394
194.0,26,355,263.6177165492145,341.48633324979323,352.89497080278386
115.0,15,130,176.8744072693549,192.50650367098984,187.18667480518872
76.0,22,110,134.05176091600646,194.71634505592127,107.94193169106147
68.0,12,125,125.26762833070423,125.4736641553427,117.740818249251
46.0,17,75,101.11126372112307,133.12727105445904,79.11086403335091
233.0,37,360,306.4403629025629,448.9773419806382,474.85089597983904
138.0,15,260,202.12878845209883,216.3625756585659,200.22466031618535
254.0,24,500,329.49871093898133,391.5305811755334,403.82521988440925
314.0,4,315,395.3797053287481,331.8739789854972,317.436465582737
49.0,0,77,104.4053134406114,32.63257417537823,77.60840567048403
11.0,1,25,62.680683660425764,-0.6873139570835356,24.969789577199943
1019.0,22,1100,1169.481389408508,1172.8152965465397,1198.9216502904992
123.0,0,152,185.65853985465714,109.38689274410123,163.70759583940946
473.0,18,680,569.9643404616302,582.1149252795134,639.0938564228253
489.0,22,735,587.5326056322347,623.0884203110915,632.272955240328
104.0,10,140,164.79622496456432,150.6246195723079,166.92369817802216
20.0,0,32,72.56283281889078,2.553179060608411,32.15140801110847
139.0,21,285,203.2268050252616,253.966746218357,266.8606099266
72.0,12,110,129.65969462335534,129.62254624013855,124.81468764698002
1501.0,7,1195,1698.725377672968,1581.338212667958,1258.4235119047617
29.0,16,55,82.44498197735581,109.40003052097805,55.13792260257559
59.0,20,98,115.3854791722392,164.89461284934157,98.03702130443287
139.0,16,230,203.2268050252616,223.49428785286358,238.40079325732532
18.0,0,28,70.36679967256522,0.47873801821049256,28.88535470084474
177.0,21,310,244.95143480544724,293.3811260239175,319.7148070732932
1171.0,31,1400,1336.3799085292505,1385.32324082667,1540.0871003098762
323.0,16,395,405.2618544872131,414.3428637534721,408.51010773932484
58.0,6,125,114.28746259907643,78.534508904761,102.41978481290057
15.0,8,28,67.07274995307688,46.12300983940311,29.18614584123601
1548.0,24,1905,1750.3321566116188,1733.693935606987,1671.083439890536
79.0,21,115,137.3458106354948,191.73351494641946,117.92805814229385
49.0,6,58,104.4053134406114,69.19952421397036,78.36724170774689
479.0,15,575,576.5524399006067,570.054773387411,588.6989798964619
33.0,15,60,86.83704827000693,107.45442093267519,57.15564133683907
115.0,31,153,176.8744072693549,290.0183704405689,162.36423972611883
63.0,7,75,119.77754546489032,89.81510318385448,96.89961846391363
39.0,15,63,93.4251477089836,113.67774405986896,62.74767791385427
94.0,9,135,153.8160592329365,134.15792268721958,149.61265067525045
176.0,3,180,243.85341823228447,182.64305538694214,180.06151421291125
91.0,11,180,150.52200951344815,143.2352444698201,170.12706860433195
28.0,0,47,81.34696540419303,10.850943230200087,49.30812301074591
46.0,7,52,101.11126372112307,72.18235432347217,56.40274489285467
8.0,0,15,59.38663394093742,-9.8934671937791,17.589844268354515
1810.0,40,1880,2038.0124987802672,2102.957578930693,1993.3127146848374
185.0,2,190,253.73556739074948,185.88354840463407,200.58912976402678
37.0,20,80,91.22911456265805,142.07576138296446,82.065038692823
6.0,0,13,57.19060079461187,-11.967908236177019,16.91509403205783
626.0,19,860,737.9608761555355,746.9041566960528,752.6510464903497
99.0,18,165,159.3061420987504,194.19445035110257,178.43752869518474
164.0,20,350,230.6772193543311,273.80276757523234,292.932373862878
391.0,22,465,479.9269814622822,521.4408092335934,530.9588087196602
63.0,15,85,119.77754546489032,138.571036568644,87.26694898132331
1963.0,15,1860,2206.009034474172,2109.290026846667,2011.1923412698407
1854.0,27,2280,2086.3252279994294,2069.3668901131646,2107.7473926945586
157.0,20,315,222.99110334219165,266.5422239268396,285.80317740837415
526.0,76,960,628.1592188392574,990.5681299427821,1020.7723452380953
251.0,42,420,326.20466121949295,498.1197697277129,443.9084457833119
29.0,0,55,82.44498197735581,11.888163751399045,54.911673204348574
15.0,7,28,67.07274995307688,40.02851816630443,29.18614584123601
246.0,13,305,320.7145783536791,316.19340860185616,332.73533089817033
14.0,1,19,65.9747333799141,2.4243476065133436,41.37036348355659
2258.0,49,2680,2529.923923557192,2622.482797485715,2666.9837499999994
1467.0,25,1745,1661.3928141854335,1655.7735650629697,1677.3644613896613
14.0,3,21,65.9747333799141,14.613330952710719,23.51785644512964
71.0,23,108,128.56167805019257,195.62473412302518,114.78923453650297
1963.0,18,2160,2206.009034474172,2127.573501865963,2055.2809165803997
29.0,16,55,82.44498197735581,109.40003052097805,55.13792260257559
21.0,4,55,73.66084939205356,27.968366274202126,51.576191283572534
72.0,15,135,129.65969462335534,147.90602125943462,135.35605338755445
29.0,0,55,82.44498197735581,11.888163751399045,54.911673204348574
14.0,1,19,65.9747333799141,2.4243476065133436,41.37036348355659
41.0,4,60,95.62118085530916,48.7127766981813,63.07203556855566
224.0,9,290,296.5582137440979,268.9965904430843,300.95555633723615
674.0,15,815,790.665671667349,772.3127750212082,809.5189667060218
91.0,15,160,150.52200951344815,167.61321116221484,196.59097793119417
176.0,3,220,243.85341823228447,182.64305538694214,180.06151421291125
66.0,8,110,123.07159518437867,99.02125642055005,97.32013427754968
534.0,11,550,636.9433514245598,602.723935360959,667.2133545274171
39.0,15,60,93.4251477089836,113.67774405986896,62.74767791385427
54.0,13,145,109.89539630642531,117.04706853165595,103.33828703875444
63.0,3,90,119.77754546489032,65.43713649145973,94.53648713747738
60.0,18,88,116.48349574540198,153.74285002434317,96.969296088137
18.0,0,28,70.36679967256522,0.47873801821049256,28.88535470084474
553.0,15,710,657.8056663146526,646.8090919561341,604.5274899480576
58.0,7,145,114.28746259907643,84.62900057785967,102.11856166291388
735.0,9,905,857.6446826302786,799.0162767757525,757.7374849802975
124.0,16,250,186.7565564278199,207.93598003487918,199.7054718558434
113.0,24,171,174.67837412302933,245.28248768648012,171.8649885057613
40.0,13,65,94.52316428214638,102.52598123487053,63.88521314267269
6.0,0,12,57.19060079461187,-11.967908236177019,16.91509403205783
38.0,0,64,92.32713113582082,21.223148442189682,64.27796321333523
571.0,4,595,677.5699646315825,598.4396529336299,579.0211512430808
82.0,14,150,140.63986035498314,152.18373479832553,145.6966487337029
21.0,4,55,73.66084939205356,27.968366274202126,51.576191283572534
94.0,16,270,153.8160592329365,176.8193643989104,215.7958423846979
45.0,4,60,100.01324714796029,52.861658782977145,71.55252764587375
112.0,13,140,173.58035754986656,177.2058587611956,179.884193050089
543.0,62,815,646.8255005830247,922.8779953797828,848.8018067471744
59.0,0,100,115.3854791722392,43.004779387367826,104.26557717332209
415.0,10,565,506.27937921818886,473.2002016651842,488.486511368892
61.0,19,98,117.58151231856476,160.87456221864082,98.39179883052431
39.0,15,60,93.4251477089836,113.67774405986896,62.74767791385427
879.0,18,1060,1015.7590691657188,1003.2264568862909,1029.3337761266034
545.0,6,590,649.0215337293503,583.6609027286543,598.4117601010101
105.0,12,120,165.89424153772708,163.85082343970421,138.03025353502053
29.0,16,55,82.44498197735581,109.40003052097805,55.13792260257559
73.0,18,148,130.75771119651813,167.22671679992965,139.5105070606911
372.0,30,555,459.06466657218937,550.4895527156027,599.593703796204
94.0,27,122,153.8160592329365,243.858772802996,130.02754476312836
47.0,14,90,102.20928029428585,115.88101655636194,88.6821117552841
205.0,16,480,275.6958988540051,291.9508422519949,412.9551554578234
32.0,6,45,85.73903169684414,51.56677535358804,46.26503821897525
504.0,5,390,604.0028542296764,535.0403696863982,440.3847802490562
429.0,60,930,521.6516112424679,792.445872616904,845.2455207431459
265.0,3,245,341.5768932437719,274.95568177364953,242.08205662393166
1770.0,15,1895,1994.0918358537558,1909.1064662552676,1918.1897906091535
227.0,13,430,299.85226346358627,296.48621869907595,340.9609253439651
1009.0,72,1450,1158.5012236768803,1467.167674989485,1444.202202380952
26.0,7,40,79.15093225786747,51.43794389949298,41.99499430423967
24.0,9,47,76.9548991115419,61.55248620329243,46.80104671931206
41.0,5,80,95.62118085530916,54.80726837128,64.98920905251678
28.0,0,48,81.34696540419303,10.850943230200087,49.30812301074591
45.0,4,55,100.01324714796029,52.861658782977145,71.55252764587375
63.0,15,85,119.77754546489032,138.571036568644,87.26694898132331
63.0,15,105,119.77754546489032,138.571036568644,87.26694898132331
607.0,23,760,717.0985612654426,751.5749334856674,825.9539184972942
53.0,22,89,108.79737973326252,170.86027306834518,88.61681865360451
230.0,32,450,303.1463131830746,415.39322205154787,391.7763171871877
28.0,0,49,81.34696540419303,10.850943230200087,49.30812301074591
301.0,12,350,381.10548987763195,367.14604559470024,380.8646618017817
207.0,12,235,277.89193200033066,269.64731660199806,270.8821228435646
10.0,0,21,61.58266708726298,-7.819026151381182,19.43578597575463
9.0,1,17,60.4846505141002,-2.761754999481454,18.300533803359208
80.0,10,175,138.44382720865758,125.73132706353283,152.5389089553136
2597.0,46,3065,2902.151541859375,2955.817079152867,3108.7804554473305
1247.0,19,1350,1419.8291680896218,1391.0181003606067,1321.783773316792
14.0,1,45,65.9747333799141,2.4243476065133436,41.37036348355659
639.0,13,855,752.2350916066516,723.8210734330472,838.6835036080348
238.0,25,365,311.93044576837684,381.0295445094487,395.85599651442595
32.0,11,60,85.73903169684414,82.0392337190815,60.53529683309427
53.0,22,87,108.79737973326252,170.86027306834518,88.61681865360451
8.0,2,19,59.38663394093742,2.295516152418273,18.343456120966785
55.0,6,85,110.99341287958808,75.42284734116411,101.72151758160186
59.0,22,97,115.3854791722392,177.08359619553895,99.13363505371393
44.0,15,68,98.9152305747975,118.86384666586375,73.8279325190323
47.0,15,75,102.20928029428585,121.97550822946062,87.5595580195039
207.0,29,475,277.89193200033066,373.25367504467573,451.9865640779901
68.0,3,95,125.26762833070423,70.62323909745453,100.69690471102128
295.0,37,470,374.5173904386553,513.2850142949736,482.9517725205652
80.0,11,115,138.44382720865758,131.82581873663153,120.91332798869018
40.0,12,62,94.52316428214638,96.43148956177185,63.82771817919482
1244.0,20,1340,1416.5351183701337,1394.0009304701084,1324.5205337633388
46.0,5,51,101.11126372112307,59.99337097727479,52.3880268536951
300.0,15,355,380.00747330446916,384.39230009279737,403.62058306412086
106.0,32,140,166.99225811088985,286.77787742287694,143.17272715862117
1766.0,16,1895,1989.6997695611046,1911.0520758435705,1916.8887756518889
34.0,0,53,87.9350648431697,17.074266357393846,52.76482418275054
1515.0,32,1775,1714.097609697247,1748.2215917922108,1837.963078130993
58.0,11,93,114.28746259907643,109.00696727025442,100.92631911626142
139.0,22,320,203.2268050252616,260.0612378914557,260.19134044980655
16.0,6,32,68.17076652623966,34.971247014404696,31.154459405425726
1266.0,10,1305,1440.6914829797147,1355.8748652054987,1315.603564144189
492.0,9,455,590.826655351723,546.9716901244054,514.3949859188773
33.0,15,56,86.83704827000693,107.45442093267519,57.15564133683907
183.0,18,385,251.53953424442392,281.32097413181515,313.6245364179009
471.0,19,590,567.7683073153046,586.1349759102142,591.6721908005605
1552.0,15,2010,1754.7242229042697,1682.9923926338943,1779.6127078484722
60.0,8,85,116.48349574540198,92.7979332933563,102.80008945816347
94.0,27,127,153.8160592329365,243.858772802996,130.02754476312836
23.0,0,39,75.85688253837912,5.66484062420529,41.64071104026659
82.0,14,130,140.63986035498314,152.18373479832553,145.6966487337029
513.0,8,560,613.8850033881413,562.6588293964849,628.5000273205252
53.0,11,125,108.79737973326252,103.82086466425963,80.28172387537417
67.0,24,121,124.16961175754145,197.570343711328,119.68730133672106
1148.0,26,1500,1311.1255273465067,1330.9947104736007,1453.6297662868737
14.0,1,19,65.9747333799141,2.4243476065133436,41.37036348355659
386.0,12,455,474.43689859646827,455.3097898966118,438.16159842606135
797.0,17,990,925.7217101663709,912.0798824748775,964.2753245653133
33.0,15,57,86.83704827000693,107.45442093267519,57.15564133683907
119.0,33,157,181.266473562006,306.35623587156203,161.6154825831666
10.0,0,21,61.58266708726298,-7.819026151381182,19.43578597575463
175.0,24,360,242.75540165912167,309.5901600008156,330.24775473333466
904.0,9,870,1043.2094834947884,974.3065448583767,913.3477069966623
654.0,9,710,768.7053402040933,715.0014145586368,717.6968030554511
1567.0,9,1615,1771.1944715017114,1661.983750413287,1701.4656478289692
1405.0,23,1615,1593.3157866493411,1579.276909402437,1690.2210344120797
21.0,5,45,73.66084939205356,34.06285794730081,50.95956006417201
31.0,0,60,84.64101512368137,13.962604793796963,62.06202705625455
768.0,14,915,893.8792295446503,863.7170123408117,886.1411000355334
87.0,10,430,146.12994322079703,132.99187071192557,196.18038070015922
622.0,75,1040,733.5688098628843,1084.0468083047836,1126.6549058441558
26.0,7,35,79.15093225786747,51.43794389949298,41.99499430423967
28.0,0,46,81.34696540419303,10.850943230200087,49.30812301074591
111.0,17,275,172.48234097670377,200.5466049323914,182.10026854372566
10.0,0,21,61.58266708726298,-7.819026151381182,19.43578597575463
1281.0,10,1335,1457.1617315771564,1371.433173023483,1347.3614744977247
88.0,16,135,147.22795979395983,170.59604127171664,143.7743375338453
130.0,15,235,193.3446558667966,208.06481148897427,203.65289047749258
18.0,0,29,70.36679967256522,0.47873801821049256,28.88535470084474
20.0,0,32,72.56283281889078,2.553179060608411,32.15140801110847
45.0,6,85,100.01324714796029,65.05064212917452,90.43575646737143
40.0,13,65,94.52316428214638,102.52598123487053,63.88521314267269
33.0,15,56,86.83704827000693,107.45442093267519,57.15564133683907
95.0,1,155,154.91407580609928,86.43920982362906,249.04143813888757
44.0,15,69,98.9152305747975,118.86384666586375,73.8279325190323
499.0,13,550,598.5127713638624,578.610200465193,617.6190868302805
207.0,35,435,277.89193200033066,409.8206250832679,409.5115833866097
24.0,9,48,76.9548991115419,61.55248620329243,46.80104671931206
102.0,11,160,162.60019181823873,154.64467020300864,170.01802102343845
32.0,6,46,85.73903169684414,51.56677535358804,46.26503821897525
29.0,0,55,82.44498197735581,11.888163751399045,54.911673204348574
6.0,0,13,57.19060079461187,-11.967908236177019,16.91509403205783
38.0,3,55,92.32713113582082,39.506623461485745,63.562460516844936
1373.0,2,955,1558.1792563081322,1418.1015275889977,1031.1681836219336
47.0,6,75,102.20928029428585,67.12508317157244,82.47805246039051
381.0,12,575,468.94681573065435,450.123687290617,485.3824450513758
81.0,3,155,139.54184378182038,84.107105873041,159.43733974876363
2651.0,26,2920,2961.444436810165,2889.9371538356368,2817.8471815903404
14.0,0,30,65.9747333799141,-3.670144066585344,33.403712183172914
37.0,13,62,91.22911456265805,99.41431967127366,63.944222772591786
28.0,0,46,81.34696540419303,10.850943230200087,49.30812301074591
215.0,26,315,286.67606458563284,363.26796419497134,328.7577864275941
1447.0,61,2005,1639.4324827221778,1854.4308548705435,1919.6941163003662
151.0,12,160,216.40300390321497,211.56296741485633,212.94780298352697
33.0,15,58,86.83704827000693,107.45442093267519,57.15564133683907
24.0,2,70,76.9548991115419,18.891044491601626,48.86029656979676
6.0,1,20,57.19060079461187,-5.873416563078331,18.350832692486318
323.0,44,750,405.2618544872131,584.9886306002353,639.5282991452993
25.0,9,49,78.05291568470469,62.58970672449139,46.65875212149172
104.0,26,150,164.79622496456432,248.1364863418869,134.58430624295525
2643.0,50,2905,2952.6603042248626,3027.9071898204134,3124.777662788599
29.0,11,53,82.44498197735581,78.92757215548461,57.29712380041418
2513.0,38,2745,2809.918149713701,2819.934621987364,2718.6921406718293
10.0,0,20,61.58266708726298,-7.819026151381182,19.43578597575463
179.0,14,260,247.1474679517728,252.7941253546246,298.179407746319
291.0,34,425,370.1253241460042,490.8526571908818,463.8905310947223
463.0,17,650,558.9841747300023,565.6482283944251,620.5686638158616
116.0,10,185,177.97242384251768,163.07126582669537,185.97211054323466
193.0,10,305,262.5196999760517,242.93724595901529,262.9188374851704
59.0,0,115,115.3854791722392,43.004779387367826,104.26557717332209
34.0,12,53,87.9350648431697,90.20816643457809,62.09994546306196
2120.0,23,2730,2378.397636460729,2320.889582059693,2327.2683265282994
2427.0,28,2730,2715.488724421702,2669.788740433267,2638.348289224664
87.0,11,125,146.12994322079703,139.08636238502424,165.0485432184397
71.0,23,110,128.56167805019257,195.62473412302518,114.78923453650297
228.0,8,295,300.95028003674906,267.05098085478147,279.4460608017261
14.0,0,30,65.9747333799141,-3.670144066585344,33.403712183172914
59.0,1,100,115.3854791722392,49.09927106046652,104.48760621970877
18.0,0,28,70.36679967256522,0.47873801821049256,28.88535470084474
63.0,0,75,119.77754546489032,47.15366147216366,84.49550161676021
127.0,23,235,190.05060614730826,253.70908331016687,236.2878842506764
29.0,0,55,82.44498197735581,11.888163751399045,54.911673204348574
46.0,17,80,101.11126372112307,133.12727105445904,79.11086403335091
273.0,9,295,350.36102582907415,319.8203959818333,331.4143495781149
49.0,0,78,104.4053134406114,32.63257417537823,77.60840567048403
29.0,0,55,82.44498197735581,11.888163751399045,54.911673204348574
1843.0,27,1975,2074.2470456946385,2057.957464379976,2021.4591955669682
137.0,20,215,201.03077187893604,245.79781350286044,226.1134765821436
30.0,9,48,83.54299855051858,67.7758093304862,54.60398869089518
38.0,0,63,92.32713113582082,21.223148442189682,64.27796321333523
2289.0,22,2220,2563.9624373252386,2490.0853584692186,2405.6648536308467
87.0,11,210,146.12994322079703,139.08636238502424,165.0485432184397
12.0,1,105,63.778700233588545,0.3499065641154253,95.38654405967702
24.0,9,47,76.9548991115419,61.55248620329243,46.80104671931206
38.0,0,64,92.32713113582082,21.223148442189682,64.27796321333523
1918.0,36,2065,2156.598288681847,2190.599428527786,2121.6643247251145
23.0,11,45,75.85688253837912,72.70424902829086,46.83817086707475
113.0,24,161,174.67837412302933,245.28248768648012,171.8649885057613
25.0,1,45,78.05291568470469,13.833773339701892,46.489805507245386
39.0,15,62,93.4251477089836,113.67774405986896,62.74767791385427
438.0,17,475,531.5337604009328,539.7177153644511,547.2204290063859
55.0,6,85,110.99341287958808,75.42284734116411,101.72151758160186
28.0,3,50,81.34696540419303,29.13441824949615,52.774844863218725
1596.0,16,1815,1803.0369521234322,1734.7245872397475,1722.6132840171229
1515.0,24,1615,1714.097609697247,1699.4656584074214,1691.033762634677
38.0,0,63,92.32713113582082,21.223148442189682,64.27796321333523
238.0,30,360,311.93044576837684,411.50200287494215,389.6189801417292
233.0,18,400,306.4403629025629,333.1820001917631,390.06520225528254
751.0,14,925,875.2129478008831,846.0842634804294,914.1031138991805
185.0,3,190,253.73556739074948,191.97804007773277,196.0639630973602
125.0,14,180,187.8545730009827,196.78421720988078,188.09018515873805
169.0,16,245,236.16730222014502,254.61090348883238,268.7410075435788
102.0,26,141,162.60019181823873,246.06204529948894,139.6863986211578
322.0,10,325,404.16383791405036,376.738693193681,341.2776671246793
77.0,11,150,135.14977748916925,128.71415717303466,136.80225361346035
48.0,20,82,103.30729686744863,153.48518711615304,80.04462077227714
158.0,20,275,224.08911991535442,267.57944444803854,285.05960597980277
41.0,7,75,95.62118085530916,66.99625171747738,69.70558509155686
6.0,5,50,57.19060079461187,18.50455012931642,42.06842458781808
1652.0,4,1335,1864.5258802205478,1719.675036349705,1338.1892559523812
65.0,9,105,121.97357861121588,104.07852757244977,134.7207961308342
29.0,16,55,82.44498197735581,109.40003052097805,55.13792260257559
70.0,15,135,127.46366147702979,145.83158021703667,129.69202507577063
234.0,14,345,307.5383794757257,309.84125402056736,349.65260052149455
45.0,2,70,100.01324714796029,40.67267543677977,74.24717763140374
137.0,16,155,201.03077187893604,221.41984681046566,190.46328211772084
20.0,0,32,72.56283281889078,2.553179060608411,32.15140801110847
19.0,10,37,71.464816245728,62.46087527039633,71.73362416146426
77.0,13,130,135.14977748916925,140.90314051923204,138.0588805020272
42.0,10,45,96.71919742847194,86.3169472579724,86.89225321384212
63.0,15,85,119.77754546489032,138.571036568644,87.26694898132331
10.0,0,15,61.58266708726298,-7.819026151381182,19.43578597575463
47.0,15,85,102.20928029428585,121.97550822946062,87.5595580195039
139.0,18,245,203.2268050252616,235.68327119906095,244.26941340511385
10.0,0,20,61.58266708726298,-7.819026151381182,19.43578597575463
32.0,5,35,85.73903169684414,45.47228368048936,42.77758749673235
211.0,26,320,282.2839982929818,359.11908211017555,327.24294835285133
300.0,15,360,380.00747330446916,384.39230009279737,403.62058306412086
51.0,8,120,106.60134658693696,83.46294860256566,96.0182273036495
216.0,19,395,287.77408115879564,321.6437430044795,312.0593961135138
73.0,25,120,130.75771119651813,209.88815851162042,119.14100541513224
87.0,17,195,146.12994322079703,175.65331242361637,184.46931333141336
41.0,5,55,95.62118085530916,54.80726837128,64.98920905251678
20.0,7,40,72.56283281889078,45.21462077229923,40.62587668481854
859.0,22,1245,993.7987377024633,1006.8600131547065,998.7540052024113
22.0,10,50,74.75886596521634,65.57253683399321,51.63387837254768
69.0,12,105,126.36564490386701,126.51088467654165,115.30217989710125
6.0,1,20,57.19060079461187,-5.873416563078331,18.350832692486318
44.0,4,50,98.9152305747975,51.824438261778184,63.562675220829476
505.0,35,795,605.1008708028392,718.9123404005578,753.1914484126984
18.0,0,28,70.36679967256522,0.47873801821049256,28.88535470084474
821.0,18,965,952.0741079222776,943.0676666567512,989.6555630227496
1685.0,14,1810,1900.7604271349196,1814.8482302802572,1704.620692012989
49.0,0,77,104.4053134406114,32.63257417537823,77.60840567048403
1399.0,59,2005,1586.7276872103644,1792.4552865067958,1845.6577020532145
128.0,34,188,191.14862272047102,321.7857122354514,198.73877117596632
29.0,16,55,82.44498197735581,109.40003052097805,55.13792260257559
30.0,9,51,83.54299855051858,67.7758093304862,54.60398869089518
34.0,11,55,87.9350648431697,84.11367476147942,59.81056838154628
40.0,9,80,94.52316428214638,78.14801454247578,79.6514358111402
445.0,8,650,539.2198764130724,492.12783395495563,459.7894808873001
768.0,7,830,893.8792295446503,821.0555706291209,842.0432738095243
39.0,15,63,93.4251477089836,113.67774405986896,62.74767791385427
1153.0,22,1615,1316.6156102123207,1311.8028463872006,1596.9011892958008
167.0,25,350,233.97126907381946,307.3868875043226,312.8832782453194
298.0,34,505,377.8114401581436,498.11320083927444,492.78865944012466
6.0,0,15,57.19060079461187,-11.967908236177019,16.91509403205783
830.0,20,950,961.9562570807425,964.5916346937391,954.5039566347233
29.0,16,55,82.44498197735581,109.40003052097805,55.13792260257559
1664.0,33,1685,1877.7020790985011,1908.8619411239542,2003.6401789734946
191.0,4,197,260.32366682972616,204.2958548780252,203.7453906004127
59.0,22,100,115.3854791722392,177.08359619553895,99.13363505371393
160.0,21,370,226.28515306167998,275.74837716353517,305.8435005330605
33.0,15,58,86.83704827000693,107.45442093267519,57.15564133683907
60.0,11,110,116.48349574540198,111.08140831265234,107.08720313117979
1906.0,24,2195,2143.422089803894,2105.0188821962142,2242.4732954066394
143.0,42,195,207.61887131791272,386.09995343822527,200.44706324149044
1487.0,14,1510,1683.3531456486892,1609.4785670828633,1546.1077400793647
653.0,81,1425,767.6073236309305,1152.7675945005435,1308.9494801587298
54.0,5,80,109.89539630642531,68.29113514686647,95.48827237252837
71.0,22,110,128.56167805019257,189.53024244992645,109.95345345818993
171.0,24,335,238.36333536647055,305.44127791601977,328.97021631894995
2694.0,12,9120,3008.6591494561644,2849.2147528238097,2672.7556845238096
33.0,6,90,86.83704827000693,52.60399587478702,67.6717119869291
335.0,29,585,418.43805336516647,506.01790175814256,572.2475583187636
47.0,1,115,102.20928029428585,36.652624806079004,70.30530901780702
1396.0,20,1550,1583.4336374908762,1551.6584496923501,1559.6398948245032
117.0,18,245,179.07044041568045,212.86441973268384,223.01370953169172
18.0,0,28,70.36679967256522,0.47873801821049256,28.88535470084474
59.0,1,110,115.3854791722392,49.09927106046652,104.48760621970877
44.0,15,68,98.9152305747975,118.86384666586375,73.8279325190323
490.0,7,380,588.6306222053975,532.7082657358101,492.853179741531
177.0,27,410,244.95143480544724,329.9480760625096,359.29269249840354
29.0,16,55,82.44498197735581,109.40003052097805,55.13792260257559
10.0,0,20,61.58266708726298,-7.819026151381182,19.43578597575463
10.0,0,20,61.58266708726298,-7.819026151381182,19.43578597575463
10.0,0,21,61.58266708726298,-7.819026151381182,19.43578597575463
547.0,6,595,651.2175668756759,585.7353437710522,591.2677689864483
184.0,7,240,252.6375508175867,215.31878624892857,215.72375392119955
136.0,7,149,199.93275530577327,165.5322012313785,158.7482982226732
112.0,3,165,173.58035754986656,116.26094203020875,162.49115406266137
36.0,8,110,90.13109798949526,67.90464078458126,94.36762843357612
20.0,0,32,72.56283281889078,2.553179060608411,32.15140801110847
62.0,6,90,118.67952889172754,82.68339098955683,101.8547012464988
107.0,6,155,168.09027468405264,129.35831444350998,153.7941337117194
259.0,11,270,334.9887938047952,317.4882920312453,319.8809128124452
349.0,36,530,433.8102853894454,563.2004307666188,558.6719829931494
47.0,14,85,102.20928029428585,115.88101655636194,88.6821117552841
78.0,11,135,136.24779406233202,129.7513776942336,139.28602488637446
39.0,15,59,93.4251477089836,113.67774405986896,62.74767791385427
29.0,16,55,82.44498197735581,109.40003052097805,55.13792260257559
99.0,20,165,159.3061420987504,206.38343369729995,172.70488912464094
38.0,0,64,92.32713113582082,21.223148442189682,64.27796321333523
88.0,12,140,147.22795979395983,146.2180745793219,142.3195702844758
117.0,15,170,179.07044041568045,194.5809447133878,186.52826051390448
53.0,7,63,108.79737973326252,79.44289797186488,90.28573052258356
150.0,26,255,215.30498733005217,295.848630317039,282.88782887551486
1972.0,25,1830,2215.891183632637,2179.5699282684445,2132.8435905229703
96.0,27,137,156.01209237926207,245.93321384539388,138.1343105596976
10.0,0,20,61.58266708726298,-7.819026151381182,19.43578597575463
44.0,11,75,98.9152305747975,94.485879973469,83.24753697682594
30.0,9,48,83.54299855051858,67.7758093304862,54.60398869089518
35.0,19,100,89.0330814163325,133.90682866746786,97.13300254583018
59.0,1,107,115.3854791722392,49.09927106046652,104.48760621970877
106.0,30,142,166.99225811088985,274.58889407667954,143.86083989889744
48.0,20,79,103.30729686744863,153.48518711615304,80.04462077227714
44.0,4,55,98.9152305747975,51.824438261778184,63.562675220829476
480.0,18,600,577.6504564737695,589.3754689279061,627.0320358490754
327.0,38,590,409.6539207798642,552.570562646439,534.868125209242
110.0,10,155,171.38432440354097,156.84794269950163,170.24744286418132
314.0,12,380,395.3797053287481,380.6299123702867,361.89611169633565
1517.0,7,1160,1716.2936428435726,1597.9337410071412,1321.445755494505
10.0,0,20,61.58266708726298,-7.819026151381182,19.43578597575463
10.0,0,20,61.58266708726298,-7.819026151381182,19.43578597575463
811.0,16,1020,941.0939421906498,920.5064780985642,917.228976759585
53.0,15,80,108.79737973326252,128.19883135665438,79.861301818755
6.0,0,12,57.19060079461187,-11.967908236177019,16.91509403205783
262.0,17,510,338.2828435242835,357.16690363343423,393.4939324196554
59.0,10,105,115.3854791722392,103.9496961183547,109.1378503414435
194.0,7,190,263.6177165492145,225.69099146091816,213.34179504674069
918.0,26,1000,1058.5817155190673,1092.43399059784,1064.9658659221748
82.0,16,155,140.63986035498314,164.37271814452288,159.2552689921651
28.0,7,43,81.34696540419303,53.5123849418909,46.55077509232072
44.0,8,85,98.9152305747975,76.20240495417293,78.61268955283309
105.0,14,225,165.89424153772708,176.0398067859016,191.4739447509962
38.0,0,63,92.32713113582082,21.223148442189682,64.27796321333523
33.0,15,55,86.83704827000693,107.45442093267519,57.15564133683907
8.0,2,20,59.38663394093742,2.295516152418273,18.343456120966785
78.0,7,155,136.24779406233202,105.37341100183886,123.92867022789551
722.0,34,1215,843.3704671791625,937.8947018276332,1046.4605797758225
1663.0,34,1695,1876.6040625253383,1913.919212275854,1992.3488762137547
93.0,10,120,152.71804265977374,139.2151938391193,154.69832370361485
710.0,13,765,830.1942683012089,797.4637304381733,808.3760312091742
2066.0,12,1905,2319.1047415099383,2197.8402655108634,2009.7750106388696
517.0,16,665,618.2770696807925,615.5636448660703,648.5110735810503
33.0,15,58,86.83704827000693,107.45442093267519,57.15564133683907
141.0,17,200,205.42283817158716,231.6632205683602,233.25714206085976
10.0,0,21,61.58266708726298,-7.819026151381182,19.43578597575463
31.0,0,60,84.64101512368137,13.962604793796963,62.06202705625455
47.0,6,80,102.20928029428585,67.12508317157244,82.47805246039051
46.0,17,85,101.11126372112307,133.12727105445904,79.11086403335091
41.0,4,65,95.62118085530916,48.7127766981813,63.07203556855566
576.0,28,760,683.0600474973965,749.8935556939931,872.3814685024298
681.0,28,1125,798.3517876794883,858.8017104198838,935.2574821110601
264.0,29,490,340.4788766706091,432.37524475301643,433.38029212685086
63.0,6,76,119.77754546489032,83.72061151075579,104.38373380812722
29.0,16,55,82.44498197735581,109.40003052097805,55.13792260257559
47.0,14,95,102.20928029428585,115.88101655636194,88.6821117552841
51.0,11,100,106.60134658693696,101.74642362186171,101.30787655270997
28.0,7,45,81.34696540419303,53.5123849418909,46.55077509232072
125.0,12,335,187.8545730009827,184.5952338636834,210.14676015532442
84.0,32,161,142.8358935013087,263.95902595649983,161.61952706700868
21.0,6,60,73.66084939205356,40.1573496203995,52.066692237856394
220.0,33,315,292.1661474514468,411.11550851265696,396.0909783166693
199.0,33,360,269.1077994150284,389.3338775674788,402.35367634542825
1716.0,29,2145,1934.7989409029658,1938.4194415339057,2150.0516734599105
774.0,2,720,900.4673289836269,796.8064353908211,716.0041071428573
1697.0,21,1840,1913.936626012873,1869.9563182463357,1871.071978094213
14.0,1,45,65.9747333799141,2.4243476065133436,41.37036348355659
129.0,13,285,192.2466392936338,194.83860762157792,232.60997915429726
59.0,22,95,115.3854791722392,177.08359619553895,99.13363505371393
29.0,0,55,82.44498197735581,11.888163751399045,54.911673204348574
500.0,11,805,599.6107879370252,567.4584376401945,582.500185957887
62.0,11,110,118.67952889172754,113.15584935505026,135.0244163132084
39.0,15,65,93.4251477089836,113.67774405986896,62.74767791385427
88.0,12,160,147.22795979395983,146.2180745793219,142.3195702844758
223.0,27,425,295.4601971709351,377.6602200376617,365.7547116344441
81.0,4,115,139.54184378182038,90.20159754613968,138.9927567392201
1526.0,18,1645,1726.1757920020375,1674.3081341020174,1755.0111240017143
106.0,32,145,166.99225811088985,286.77787742287694,143.17272715862117
1953.0,28,2360,2195.0288687425445,2178.14621338496,2295.627910139126
14.0,3,22,65.9747333799141,14.613330952710719,23.51785644512964
491.0,10,550,589.7286387785603,552.0289612763052,487.0732971395822
106.0,32,140,166.99225811088985,286.77787742287694,143.17272715862117
117.0,16,180,179.07044041568045,200.67543638648647,191.032490338906
1352.0,3,1165,1535.120908271714,1402.4143883169181,1129.0557013125765
37.0,8,100,91.22911456265805,68.94186130578022,95.52361621718633
283.0,6,330,361.34119156070193,311.9091261745268,336.39518218975803
154.0,26,195,219.6970536227033,299.99751240183485,259.59220383892654
120.0,10,205,182.36449013516878,167.2201479114912,178.9521930408029
59.0,0,102,115.3854791722392,43.004779387367826,104.26557717332209
67.0,10,71,124.16961175754145,112.24746028794638,73.20114867406393
18.0,0,28,70.36679967256522,0.47873801821049256,28.88535470084474
851.0,18,975,985.014605117161,974.18428229272,1014.7114948751025
309.0,19,490,389.8896224629342,418.10525147598275,444.3380878537813
210.0,28,400,281.185981719819,370.27084493517395,359.06396029955613
64.0,16,120,120.8755620380531,145.7027487629416,120.08683237762769
479.0,81,895,576.5524399006067,972.2912238119244,946.3255512265513
141.0,23,280,205.42283817158716,268.23017060695236,250.76314512030976
29.0,16,55,82.44498197735581,109.40003052097805,55.13792260257559
30.0,9,50,83.54299855051858,67.7758093304862,54.60398869089518
487.0,30,760,585.3365724859091,669.7699126534831,739.613071789322
102.0,21,140,162.60019181823873,215.58958693399552,153.74045613993388
46.0,16,75,101.11126372112307,127.03277938136034,79.95618946676464
33.0,15,56,86.83704827000693,107.45442093267519,57.15564133683907
46.0,7,50,101.11126372112307,72.18235432347217,56.40274489285467
290.0,41,645,369.0273075728414,532.4768783813737,496.03939880217825
164.0,24,335,230.6772193543311,298.18073426762703,329.2587405218252
30.0,1,50,83.54299855051858,19.019875945696697,112.21857503307736
722.0,9,795,843.3704671791625,785.532410000166,758.0674206464832
630.0,48,865,742.3529424481867,927.7932973007106,950.7663362014713
77.0,27,137,135.14977748916925,226.22602394261366,132.08386240212158
71.0,23,120,128.56167805019257,195.62473412302518,114.78923453650297
82.0,16,190,140.63986035498314,164.37271814452288,159.2552689921651
1897.0,20,1925,2133.5399406454285,2071.305930813029,2063.8817573558376
48.0,20,79,103.30729686744863,153.48518711615304,80.04462077227714
160.0,26,295,226.28515306167998,306.2208355290286,322.86164905152333
384.0,43,525,472.24086545014273,642.1645907202732,785.89333004958
52.0,17,80,107.69936316009975,139.3505941816528,85.09838814937233
10.0,0,21,61.58266708726298,-7.819026151381182,19.43578597575463
197.0,19,280,266.9117662687029,301.9365531016993,299.8846729318548
121.0,14,190,183.46250670833157,192.63533512508494,193.6411980878134
81.0,4,115,139.54184378182038,90.20159754613968,138.9927567392201
881.0,13,960,1017.9551023120443,974.8284395631954,937.7625057068083
42.0,5,75,96.71919742847194,55.84448889247895,72.92650436020419
58.0,9,95,114.28746259907643,96.81798392405705,108.07475711348708
27.0,6,60,80.24894883103025,46.38067274759325,67.15568977039935
39.0,15,65,93.4251477089836,113.67774405986896,62.74767791385427
25.0,12,51,78.05291568470469,80.87318174378746,48.21788610955997
46.0,7,50,101.11126372112307,72.18235432347217,56.40274489285467
53.0,22,88,108.79737973326252,170.86027306834518,88.61681865360451
25.0,7,42,78.05291568470469,50.40072337829402,41.64897753179158
659.0,14,870,774.1954230699073,750.659975530125,795.8562564612704
44.0,15,72,98.9152305747975,118.86384666586375,73.8279325190323
347.0,27,600,431.61425224311984,506.2755646663327,536.3899251474794
6.0,1,15,57.19060079461187,-5.873416563078331,18.350832692486318
49.0,0,77,104.4053134406114,32.63257417537823,77.60840567048403
333.0,9,365,416.24202021884093,382.05362725377086,454.4608664888645
20.0,9,45,72.56283281889078,57.4036041184966,43.16773006139877
1153.0,9,1255,1316.6156102123207,1232.5744546369178,1174.5840943615563
46.0,5,50,101.11126372112307,59.99337097727479,52.3880268536951
1732.0,21,2035,1952.3672060735703,1906.259036488299,1943.7592911258894
699.0,21,930,818.1160859964184,834.8102380897743,827.5247003396743
53.0,4,80,108.79737973326252,61.15942295256882,96.47357823460852
45.0,6,85,100.01324714796029,65.05064212917452,90.43575646737143
63.0,0,60,119.77754546489032,47.15366147216366,84.49550161676021
32.0,6,45,85.73903169684414,51.56677535358804,46.26503821897525
623.0,15,680,734.6668264360471,719.4145284400612,767.6539112141419
275.0,14,380,352.5570589753997,352.36729538972463,331.2080240541189
2243.0,19,2465,2513.4536749597505,2424.0897394747703,2353.019935064935
434.0,8,465,527.1416941082816,480.7184082217671,467.21049154324083
84.0,14,145,142.8358935013087,154.25817584072342,165.4117101452149
565.0,29,805,670.9818651926059,744.5786216339033,869.9301380275969
279.0,27,495,356.9491252680508,435.74456922480346,414.5644446393887
219.0,20,335,291.068130878284,330.8498962411751,322.75865105637996
2151.0,27,2370,2412.4361502287747,2377.4213849092557,2421.7750976017865
49.0,0,77,104.4053134406114,32.63257417537823,77.60840567048403
768.0,7,810,893.8792295446503,821.0555706291209,842.0432738095243
1677.0,44,2000,1891.9762945496173,1989.3852163036263,1976.2687501173793
31.0,12,59,84.64101512368137,87.09650487098122,68.40310214940159
797.0,15,830,925.7217101663709,899.8908991286802,971.322125494647
155.0,26,220,220.7950701958661,301.0347329230338,261.2486574901544
28.0,3,45,81.34696540419303,29.13441824949615,52.774844863218725
54.0,11,68,109.89539630642531,104.85808518545859,88.60045569359352
1909.0,104,2735,2146.716139523382,2595.6898776077064,2566.3737301587303
61.0,20,110,117.58151231856476,166.9690538917395,100.39691764394294
122.0,16,165,184.56052328149434,205.86153899248126,194.55999072103626
682.0,24,780,799.4498042526511,835.460964248688,911.5422206491992
189.0,20,300,258.12763368340063,299.7332806052063,313.23793038099876
85.0,15,155,143.9339100744715,161.3898880350211,168.7159298604328
455.0,12,460,550.2000421447001,526.87800585934,493.8477190080711
2220.0,33,2675,2488.1992937770065,2485.556550910576,2720.140441919192
128.0,19,160,191.14862272047102,230.36833713897107,191.59381762360556
14.0,1,20,65.9747333799141,2.4243476065133436,41.37036348355659
29.0,16,55,82.44498197735581,109.40003052097805,55.13792260257559
57.0,19,88,113.18944602591364,156.72568013384497,91.41691100760372
160.0,13,250,226.28515306167998,226.99244377874567,263.9424675132909
242.0,22,360,316.32251206102796,366.89495157494855,372.6154265507007
91.0,15,180,150.52200951344815,167.61321116221484,196.59097793119417
82.0,19,135,140.63986035498314,182.65619316381895,132.11984661431478
610.0,62,1330,720.392610984931,992.3717703001131,1079.874240906058
34.0,10,50,87.9350648431697,78.01918308838071,57.44483438665491
61.0,4,95,117.58151231856476,69.45718712216049,104.58353329433332
440.0,19,680,533.7297935472584,553.9811397530464,558.0510772121393
49.0,0,77,104.4053134406114,32.63257417537823,77.60840567048403
20.0,5,50,72.56283281889078,33.02563742610185,44.23562781395819
422.0,5,465,513.9654952303283,449.9882869480835,409.26490910831365
823.0,9,1020,954.2701410686032,890.291682641261,869.4258701423157
60.0,27,133,116.48349574540198,208.59327508223137,110.14050010344661
33.0,4,41,86.83704827000693,40.415012528589635,55.08243313789708
148.0,6,190,213.10895418372664,171.88435581266734,222.63952740985212
63.0,13,145,119.77754546489032,126.38205322244659,135.07517205518798
46.0,6,58,101.11126372112307,66.08786265037348,61.28421075771318
38.0,5,75,92.32713113582082,51.69560680768312,66.33778307116282
27.0,4,70,80.24894883103025,34.19168940139588,63.13603487429685
379.0,12,480,466.7507825843288,448.04924624821905,497.3023786229211
14.0,1,45,65.9747333799141,2.4243476065133436,41.37036348355659
100.0,11,225,160.4041586719132,152.57022916061072,170.27690811692213
14.0,1,45,65.9747333799141,2.4243476065133436,41.37036348355659
21.0,1,45,73.66084939205356,9.68489125490606,44.467448442295066
188.0,9,200,257.02961711023784,231.65665167992177,245.2421456223049
1222.0,19,1210,1392.3787537605524,1365.0875873306327,1297.7214521282729
1845.0,37,2320,2076.443078840964,2120.976822153361,2130.238728345155
39.0,13,62,93.4251477089836,101.48876071367158,62.72319831320887
106.0,15,230,166.99225811088985,183.1715189801992,195.03159253559275
341.0,38,600,425.0261528041432,567.0916499432245,566.7395956430178
760.0,4,770,885.095096959348,794.4743314402332,753.0210813492065
28.0,7,42,81.34696540419303,53.5123849418909,46.55077509232072
817.0,21,1095,947.6820416296264,957.2022595912515,977.6146693413904
455.0,12,475,550.2000421447001,526.87800585934,493.8477190080711
1636.0,26,1805,1846.9576150499433,1837.1583248186926,1977.9988186684077
89.0,14,155,148.32597636712262,159.44427844671822,155.53615707993245
63.0,0,75,119.77754546489032,47.15366147216366,84.49550161676021
42.0,5,90,96.71919742847194,55.84448889247895,72.92650436020419
15.0,8,30,67.07274995307688,46.12300983940311,29.18614584123601
49.0,23,99,104.4053134406114,172.80588265664807,93.56029898361334
38.0,5,60,92.32713113582082,51.69560680768312,66.33778307116282
655.0,16,800,769.8033567772561,758.7000767915266,812.9598869825803
25.0,3,45,78.05291568470469,26.022756685899267,50.4017704585683
10.0,0,22,61.58266708726298,-7.819026151381182,19.43578597575463
59.0,9,110,115.3854791722392,97.85520444525602,109.34803020226283
77.0,8,185,135.14977748916925,110.43068215373859,127.15438851955085
88.0,12,150,147.22795979395983,146.2180745793219,142.3195702844758
59.0,0,100,115.3854791722392,43.004779387367826,104.26557717332209
25.0,11,45,78.05291568470469,74.77869007068877,46.7571797635418
72.0,2,113,129.65969462335534,68.67762950915167,119.80707415614337
131.0,22,180,194.44267243995935,251.763473721864,224.96388257189759
201.0,22,320,271.30383256135394,324.36891020579117,314.3132974735337
3032.0,21,3075,3379.788751185184,3254.6457140469465,3085.3833134920624
334.0,40,505,417.34003679200373,572.0200896410291,572.138653973196
260.0,6,282,336.086810377958,288.0530541869508,285.18396160152065
2043.0,19,2070,2293.8503603271947,2216.6456352349787,2176.1922510291993
144.0,29,185,208.71688789107552,307.9087822091413,193.52981380505312
518.0,88,960,619.3750862539553,1055.404265850375,1074.5961785714287
33.0,15,56,86.83704827000693,107.45442093267519,57.15564133683907
1675.0,27,2070,1889.7802614032917,1883.7044168185507,2061.5410005879235
40.0,13,63,94.52316428214638,102.52598123487053,63.88521314267269
1757.0,17,1835,1979.8176204026397,1907.8115828258783,1841.07015721462
48.0,20,77,103.30729686744863,153.48518711615304,80.04462077227714
56.0,7,75,112.09142945275087,82.55455953546176,99.97180239637692
163.0,16,245,229.57920278116833,248.38758036163858,254.4480131436011
263.0,8,410,339.3808600974463,303.35369909674506,337.83629173579885
85.0,14,140,143.9339100744715,155.2953963619224,155.45944949715707
63.0,0,80,119.77754546489032,47.15366147216366,84.49550161676021
408.0,42,825,498.5932632060494,660.9633915559496,712.1796596211358
64.0,12,150,120.8755620380531,121.32478207054686,171.05285307097645
1193.0,34,1515,1360.5362731388318,1426.425567312343,1535.6199513477268
163.0,30,330,229.57920278116833,333.71046378502024,310.7708406753104
34.0,0,53,87.9350648431697,17.074266357393846,52.76482418275054
2412.0,14,2450,2699.0184758242603,2568.9075491919007,2350.627928571428
269.0,21,358,345.96895953642303,388.8054139742217,407.4236888989274
550.0,11,580,654.5116165951642,619.3194637001424,663.4325804410233
57.0,18,95,113.18944602591364,150.63118846074627,91.67073967496253
21.0,4,55,73.66084939205356,27.968366274202126,51.576191283572534
1092.0,44,1515,1249.636599249391,1382.6112114022353,1366.6587417007102
23.0,11,47,75.85688253837912,72.70424902829086,46.83817086707475
56.0,8,110,112.09142945275087,88.64905120856045,101.96759872308365
214.0,21,257,285.5780480124701,331.75828530827897,316.4821457193959
32.0,5,35,85.73903169684414,45.47228368048936,42.77758749673235
50.0,13,135,105.50333001377419,112.89818644686014,114.17995770970418
125.0,14,180,187.8545730009827,196.78421720988078,188.09018515873805
35.0,9,70,89.0330814163325,72.96191193648099,60.60618543726687
28.0,0,47,81.34696540419303,10.850943230200087,49.30812301074591
197.0,19,305,266.9117662687029,301.9365531016993,299.8846729318548
2552.0,46,2860,2852.74079606705,2909.142155698913,3128.7446320346335
1418.0,21,1790,1607.5900021004572,1580.5717928318259,1641.1128578447688
614.0,9,775,724.7846772775822,673.5125937106784,668.7081984310399
2029.0,89,2615,2278.4781283029156,2628.7389650551013,2576.493244047619
46.0,17,75,101.11126372112307,133.12727105445904,79.11086403335091
2510.0,53,2735,2806.624099994213,2908.2403355202478,2826.7607819264067
54.0,4,75,109.89539630642531,62.19664347376778,109.16802149471357
82.0,9,105,140.63986035498314,121.71127643283208,134.1319207152099
95.0,11,140,154.91407580609928,147.38412655461593,212.5755685506885
1749.0,16,2135,1971.0334878173376,1893.419326983188,2000.8116157461814
39.0,0,70,93.4251477089836,22.260368963388636,64.99727692800238
326.0,39,700,408.5559042067015,557.6278337983389,551.687253750227
24.0,3,40,76.9548991115419,24.985536164700314,50.3112945796465
43.0,11,50,97.81721400163472,93.44865945227005,57.75817989339365
49.0,7,90,104.4053134406114,75.29401588706904,80.65996151288049
59.0,0,112,115.3854791722392,43.004779387367826,104.26557717332209
1385.0,12,1685,1571.3554551860855,1491.4930905743722,1398.0109078691974
122.0,17,185,184.56052328149434,211.95603066557996,203.4449876055947
2076.0,19,1970,2330.0849072415663,2250.8739124345443,2135.5822567873306
284.0,39,365,362.4392081338647,514.0645719079824,465.85538635629075
20.0,5,45,72.56283281889078,33.02563742610185,44.23562781395819
62.0,13,145,118.67952889172754,125.34483270124764,141.7063019586119
569.0,5,510,675.3739314852571,602.4597035643305,546.7703413585208
61.0,19,100,117.58151231856476,160.87456221864082,98.39179883052431
86.0,9,135,145.03192664763426,125.86015851762792,154.44131616192672
46.0,7,80,101.11126372112307,72.18235432347217,56.40274489285467
53.0,22,87,108.79737973326252,170.86027306834518,88.61681865360451
239.0,16,395,313.0284623415396,327.2163399727595,375.89366208115797
44.0,15,69,98.9152305747975,118.86384666586375,73.8279325190323
29.0,16,55,82.44498197735581,109.40003052097805,55.13792260257559
259.0,11,380,334.9887938047952,317.4882920312453,319.8809128124452
114.0,13,190,175.7763906961921,179.28029980359355,179.7724184612716
773.0,26,1025,899.3693124104641,942.0370150239906,1027.7109342278554
2460.0,22,3025,2751.723271336074,2667.4500675942404,2809.9784716051486
39.0,15,60,93.4251477089836,113.67774405986896,62.74767791385427
39.0,15,65,93.4251477089836,113.67774405986896,62.74767791385427
54.0,10,70,109.89539630642531,98.7635935123599,86.10375240758847
1373.0,21,1745,1558.1792563081322,1533.896869377873,1570.351598419324
77.0,15,155,135.14977748916925,153.09212386542941,142.06221730890834
6.0,2,12,57.19060079461187,0.22107511002035807,15.603928818466994
53.0,7,140,108.79737973326252,79.44289797186488,90.28573052258356
422.0,58,735,513.9654952303283,772.9963456223139,758.3924298510658
627.0,13,795,739.0588927286983,711.3744271786597,795.4887928812842
32.0,3,37,85.73903169684414,33.28330033429199,42.35546553671849
39.0,15,59,93.4251477089836,113.67774405986896,62.74767791385427
10.0,0,21,61.58266708726298,-7.819026151381182,19.43578597575463
46.0,5,52,101.11126372112307,59.99337097727479,52.3880268536951
145.0,24,305,209.81490446423828,278.4735443648468,254.45320973517582
203.0,7,315,273.49986570767953,235.0259761517088,255.63633655270482
29.0,16,55,82.44498197735581,109.40003052097805,55.13792260257559
24.0,1,50,76.9548991115419,12.796552818502938,47.38429498580925
128.0,34,195,191.14862272047102,321.7857122354514,198.73877117596632
17.0,0,30,69.26878309940244,-0.5584825029884648,34.49909907452436
56.0,6,80,112.09142945275087,76.46006786236308,99.43471854872222
402.0,15,590,492.00516376707276,490.18879325509124,536.415224723648
11.0,0,25,62.680683660425764,-6.781805630182223,24.980627641913003
1363.0,25,1635,1547.1990905765044,1547.902630858278,1592.1649156251633
158.0,18,230,224.08911991535442,255.3904611018412,246.62152932901594
1777.0,15,2195,2001.7779518658954,1916.3670099036603,1926.3482781632663
266.0,41,445,342.67490981693464,507.5835858725985,487.03068915402633
39.0,13,60,93.4251477089836,101.48876071367158,62.72319831320887
476.0,47,700,573.2583901811186,761.9668453629722,797.1890742753976
45.0,4,55,100.01324714796029,52.861658782977145,71.55252764587375
59.0,0,105,115.3854791722392,43.004779387367826,104.26557717332209
82.0,14,130,140.63986035498314,152.18373479832553,145.6966487337029
48.0,8,60,103.30729686744863,80.35128703896878,69.27764715438389
1178.0,19,1245,1344.06602454139,1319.4498843978786,1294.322329657348
5.0,1,15,56.09258422144909,-6.91063708427729,18.252040482043636
14.0,1,45,65.9747333799141,2.4243476065133436,41.37036348355659
48.0,18,85,103.30729686744863,141.29620376995564,81.98183089968565
327.0,41,570,409.6539207798642,570.8540376657351,546.5237073439306
901.0,12,920,1039.9154337753,989.4783583140758,959.8909886185093
993.0,32,1360,1140.9329585062758,1206.792479726354,1378.5234920634923
72.0,22,105,129.65969462335534,190.56746297112542,106.28281998665003
601.0,54,890,710.5104618264659,934.280852224533,952.6810348035361
39.0,15,60,93.4251477089836,113.67774405986896,62.74767791385427
72.0,9,115,129.65969462335534,111.33907122084247,112.26872457086243
26.0,3,31,79.15093225786747,27.05997720709823,47.564815271333174
47.0,15,76,102.20928029428585,121.97550822946062,87.5595580195039
106.0,32,152,166.99225811088985,286.77787742287694,143.17272715862117
45.0,4,65,100.01324714796029,52.861658782977145,71.55252764587375
42.0,5,70,96.71919742847194,55.84448889247895,72.92650436020419
51.0,5,80,106.60134658693696,65.17947358326958,98.94333059388366
32.0,7,42,85.73903169684414,57.661267026686744,46.224981108838236
29.0,0,55,82.44498197735581,11.888163751399045,54.911673204348574
2494.0,28,2660,2789.055834823608,2739.2825153535973,2706.789809274425
110.0,14,130,171.38432440354097,181.22590939189638,173.48875591883166
60.0,4,165,116.48349574540198,68.41996660096154,106.00964126233565
987.0,4,760,1134.344859067299,1029.9233897523968,963.1763392857141
698.0,18,960,817.0180694232556,815.4895425492792,897.1593319098849
864.0,10,925,999.2888205682771,938.9122156835169,946.8655602610539
155.0,26,265,220.7950701958661,301.0347329230338,261.2486574901544
2056.0,35,2090,2308.124575778311,2327.6413687801437,2245.504320893251
357.0,9,425,442.59441797474767,406.94691976254586,434.07046642454935
10.0,0,20,61.58266708726298,-7.819026151381182,19.43578597575463
125.0,19,185,187.8545730009827,227.25667557537423,194.32888667297678
49.0,0,77,104.4053134406114,32.63257417537823,77.60840567048403
344.0,17,375,428.3202025236315,442.21898637174894,490.49105228633636
24.0,9,45,76.9548991115419,61.55248620329243,46.80104671931206
79.0,22,113,137.3458106354948,197.82800661951813,116.89041683445014
1364.0,17,1500,1548.2971071496672,1500.1839179946874,1486.5893822910432
46.0,7,52,101.11126372112307,72.18235432347217,56.40274489285467
11.0,0,25,62.680683660425764,-6.781805630182223,24.980627641913003
108.0,4,160,169.18829125721544,118.20655161851158,164.6898038677108
30.0,6,70,83.54299855051858,49.492334311190135,58.72439967307156
31.0,12,70,84.64101512368137,87.09650487098122,68.40310214940159
2004.0,32,2350,2251.027713973846,2255.422426658502,2444.375052983266
119.0,15,190,181.266473562006,196.6553857557857,185.78030805815507
34.0,0,53,87.9350648431697,17.074266357393846,52.76482418275054
325.0,32,600,407.4578876335387,513.929171565449,553.7910977680883
46.0,7,50,101.11126372112307,72.18235432347217,56.40274489285467
59.0,9,115,115.3854791722392,97.85520444525602,109.34803020226283
49.0,5,65,104.4053134406114,63.10503254087166,86.96561016644456
457.0,13,485,552.3960752910257,535.0469385748366,500.81646967916714
89.0,18,145,148.32597636712262,183.82224513911297,157.90734549977313
77.0,13,120,135.14977748916925,140.90314051923204,138.0588805020272
43.0,11,50,97.81721400163472,93.44865945227005,57.75817989339365
80.0,11,140,138.44382720865758,131.82581873663153,120.91332798869018
67.0,8,71,124.16961175754145,100.058476941749,77.44612274264801
1209.0,21,1320,1378.1045383094363,1363.7927039012434,1311.622085606956
324.0,0,290,406.3598710603759,317.86821750509205,326.27979166666665
30.0,9,55,83.54299855051858,67.7758093304862,54.60398869089518
1300.0,7,1320,1478.0240464672493,1372.8568879069671,1155.034811507937
247.0,39,410,321.8125949268418,475.687412623621,428.3894928117208
434.0,38,650,527.1416941082816,663.5531584147277,700.7309795830225
117.0,16,200,179.07044041568045,200.67543638648647,191.032490338906
829.0,7,800,960.8582405075799,884.3260224222573,838.9366011386915
158.0,20,260,224.08911991535442,267.57944444803854,285.05960597980277
49.0,0,77,104.4053134406114,32.63257417537823,77.60840567048403
1435.0,6,1360,1626.2562838442245,1506.7871665957277,1188.1635630341877
39.0,15,58,93.4251477089836,113.67774405986896,62.74767791385427
2098.0,62,2250,2354.2412718511473,2535.7559058441648,2502.514269697332
17.0,1,50,69.26878309940244,5.536009170110223,36.348426410118535
45.0,4,60,100.01324714796029,52.861658782977145,71.55252764587375
769.0,81,1210,894.9772461178129,1273.0851749596227,1417.465396825397
23.0,11,45,75.85688253837912,72.70424902829086,46.83817086707475
118.0,15,175,180.16845698884322,195.61816523458674,185.60557728892434
33.0,15,56,86.83704827000693,107.45442093267519,57.15564133683907
1979.0,95,2690,2223.5772996447768,2613.4448890337453,2609.0733333333333
57.0,3,95,113.18944602591364,59.213813364265974,110.24424198433181
22.0,0,50,74.75886596521634,4.627620103006329,42.65622450818695
59.0,1,115,115.3854791722392,49.09927106046652,104.48760621970877
205.0,14,435,275.6958988540051,279.7618589057975,395.8315744883367
190.0,5,205,259.2256502565634,209.35312602992497,212.16125942060214
405.0,15,430,495.2992134865611,493.3004548186881,526.7651287425042
137.0,19,190,201.03077187893604,239.7033218297617,238.5746961519062
849.0,17,970,982.8185719708354,966.0153495772234,996.4436517330931
79.0,22,113,137.3458106354948,197.82800661951813,116.89041683445014
320.0,53,595,401.9678047677248,636.7273940945266,626.3538333333333
37.0,20,85,91.22911456265805,142.07576138296446,82.065038692823
6.0,0,13,57.19060079461187,-11.967908236177019,16.91509403205783
70.0,7,100,127.46366147702979,97.07564683224719,124.49977348273018
18.0,0,28,70.36679967256522,0.47873801821049256,28.88535470084474
114.0,11,170,175.7763906961921,167.09131645739615,174.225551156505
137.0,17,170,201.03077187893604,227.51433848356436,203.23490752913142
2436.0,36,2640,2725.370873580167,2727.879658508847,2845.0925148544256
159.0,17,315,225.1871364885172,250.33318994994147,330.17858570439074
40.0,13,63,94.52316428214638,102.52598123487053,63.88521314267269
427.0,34,655,519.4555780961423,631.9146480739403,687.9328218656344
100.0,10,145,160.4041586719132,146.47573748751205,170.02604822626435
201.0,8,290,271.30383256135394,239.04602678240957,252.29780716269306
106.0,1,115,166.99225811088985,97.8486355568176,138.6873150938684
215.0,21,430,286.67606458563284,332.7955058294779,313.9687455223919
51.0,24,116,106.60134658693696,180.97481537214466,95.3701557650047
2870.0,36,3725,3201.9100663328136,3178.033364709195,3558.359464285716
20.0,0,32,72.56283281889078,2.553179060608411,32.15140801110847
33.0,15,57,86.83704827000693,107.45442093267519,57.15564133683907
1634.0,28,2025,1844.7615819036178,1847.2728671224922,1930.4469293616798
29.0,16,55,82.44498197735581,109.40003052097805,55.13792260257559
19.0,7,32,71.464816245728,44.177400251100266,40.435352386377396
14.0,3,21,65.9747333799141,14.613330952710719,23.51785644512964
191.0,10,250,260.32366682972616,240.86280491661734,259.49665143510936
1014.0,17,1155,1163.9913065426942,1137.1567355750517,1259.292647907648
20.0,0,32,72.56283281889078,2.553179060608411,32.15140801110847
177.0,28,375,244.95143480544724,336.04256773560826,436.2582304526346
490.0,9,420,588.6306222053975,544.8972490820075,484.4447218275283
49.0,0,78,104.4053134406114,32.63257417537823,77.60840567048403
41.0,7,80,95.62118085530916,66.99625171747738,69.70558509155686
59.0,22,100,115.3854791722392,177.08359619553895,99.13363505371393
169.0,21,380,236.16730222014502,285.0833618543258,313.87071213704706
10.0,0,20,61.58266708726298,-7.819026151381182,19.43578597575463
384.0,43,520,472.24086545014273,642.1645907202732,785.89333004958
903.0,12,878,1042.1114669216256,991.5527993564739,963.0160705229309
38.0,5,60,92.32713113582082,51.69560680768312,66.33778307116282
577.0,1,540,684.1580640705592,586.3795010415274,533.2505194805194
44.0,5,49,98.9152305747975,57.91892993487687,74.11563844242774
430.0,14,470,522.7496278156306,513.1364761755634,482.95793876141704
24.0,9,80,76.9548991115419,61.55248620329243,46.80104671931206
203.0,26,375,273.49986570767953,350.82131794058387,351.07621901829015
10.0,0,20,61.58266708726298,-7.819026151381182,19.43578597575463
204.0,12,325,274.5978822808423,266.53565503840116,328.00488311141174
94.0,26,134,153.8160592329365,237.76428112989728,125.91430183576064
59.0,0,110,115.3854791722392,43.004779387367826,104.26557717332209
29.0,16,55,82.44498197735581,109.40003052097805,55.13792260257559
59.0,1,108,115.3854791722392,49.09927106046652,104.48760621970877
10.0,2,15,61.58266708726298,4.369957194816195,16.953636064631848
48.0,20,79,103.30729686744863,153.48518711615304,80.04462077227714
1029.0,22,1320,1180.461555140136,1183.1875017585294,1279.69658731426
189.0,25,245,258.12763368340063,330.2057389706997,330.87884615914163
32.0,7,46,85.73903169684414,57.661267026686744,46.224981108838236
554.0,5,535,658.9036828878154,586.9013957463462,520.4440121321917
98.0,14,175,158.2081255255876,168.77926313750885,171.63449509209397
265.0,31,455,341.5768932437719,445.6014486204128,504.7141170253578
49.0,0,77,104.4053134406114,32.63257417537823,77.60840567048403
119.0,15,200,181.266473562006,196.6553857557857,185.78030805815507
14.0,1,45,65.9747333799141,2.4243476065133436,41.37036348355659
71.0,23,107,128.56167805019257,195.62473412302518,114.78923453650297
29.0,0,55,82.44498197735581,11.888163751399045,54.911673204348574
59.0,0,105,115.3854791722392,43.004779387367826,104.26557717332209
59.0,1,105,115.3854791722392,49.09927106046652,104.48760621970877
29.0,16,55,82.44498197735581,109.40003052097805,55.13792260257559
453.0,8,615,548.0040089983745,500.42559812454726,502.11927142412577
86.0,27,140,145.03192664763426,235.5610086334043,141.6066665088319
38.0,0,64,92.32713113582082,21.223148442189682,64.27796321333523
40.0,12,62,94.52316428214638,96.43148956177185,63.82771817919482
1355.0,7,1025,1538.414957991202,1429.9040165729098,1113.9792826617827
2785.0,35,3095,3108.578657613977,3083.7751287341853,3074.358985840549
10.0,0,21,61.58266708726298,-7.819026151381182,19.43578597575463
1376.0,6,950,1561.4733060276205,1445.5911558449893,1006.0783628177377
84.0,12,130,142.8358935013087,142.06919249452608,138.00966813909565
119.0,33,157,181.266473562006,306.35623587156203,161.6154825831666
53.0,6,150,108.79737973326252,73.34840629876619,89.9452868991142
156.0,20,270,221.89308676902886,265.50500340564065,284.40473216214485
119.0,16,230,181.266473562006,202.7498774288844,187.58219790077052
15.0,8,30,67.07274995307688,46.12300983940311,29.18614584123601
33.0,15,59,86.83704827000693,107.45442093267519,57.15564133683907
2782.0,40,3015,3105.284607894489,3111.1359255360817,3063.926753697692
1743.0,21,2080,1964.4453883783608,1917.668462221488,2039.8100786908235
1027.0,23,1275,1178.2655219938104,1187.2075523892304,1286.9619444571167
66.0,10,95,123.07159518437867,111.2102397667474,102.07863709866733
24.0,1,35,76.9548991115419,12.796552818502938,47.38429498580925
19.0,7,35,71.464816245728,44.177400251100266,40.435352386377396
28.0,0,47,81.34696540419303,10.850943230200087,49.30812301074591
82.0,20,140,140.63986035498314,188.75068483691763,135.1698991317133
47.0,14,90,102.20928029428585,115.88101655636194,88.6821117552841
89.0,10,110,148.32597636712262,135.06631175432346,130.47214513767437
114.0,9,190,175.7763906961921,154.9023331111988,169.9208526633721
328.0,5,325,410.751937353027,352.4895579553813,352.8351223426418
65.0,13,160,121.97357861121588,128.45649426484454,117.75877732163458
193.0,10,355,262.5196999760517,242.93724595901529,262.9188374851704
63.0,15,80,119.77754546489032,138.571036568644,87.26694898132331
130.0,15,195,193.3446558667966,208.06481148897427,203.65289047749258
141.0,17,225,205.42283817158716,231.6632205683602,233.25714206085976
2.0,0,7,52.798534501960745,-16.116790320972857,7.775071453667224
87.0,0,150,146.12994322079703,72.04695398093868,146.43022706913027
181.0,24,355,249.34350109809836,315.81348312800935,319.21161260267473
134.0,12,265,197.7367221594477,193.93021855447404,235.63803829282108
1581.0,11,1690,1786.5667035259905,1688.6938210562698,1631.6872745739386
730.0,8,785,852.1545997644646,787.735682496659,748.9059175199803
6.0,0,26,57.19060079461187,-11.967908236177019,16.91509403205783
1396.0,30,1715,1583.4336374908762,1612.6033664233373,1687.382956302121
1656.0,16,1575,1868.917946513199,1796.9578185116848,1664.2330059258643
22.0,5,33,74.75886596521634,35.10007846849977,52.5635480454881
26.0,7,35,79.15093225786747,51.43794389949298,41.99499430423967
33.0,15,58,86.83704827000693,107.45442093267519,57.15564133683907
53.0,5,80,108.79737973326252,67.2539146256675,96.73688471369424
1049.0,26,1180,1202.4218866033914,1228.3098788749035,1271.097061752261
63.0,7,78,119.77754546489032,89.81510318385448,96.89961846391363
10.0,0,20,61.58266708726298,-7.819026151381182,19.43578597575463
741.0,14,905,864.2327820692551,835.7120582684397,861.7139259534611
1883.0,22,2275,2118.16770862115,2068.973826862441,2123.541997576924
10.0,0,20,61.58266708726298,-7.819026151381182,19.43578597575463
204.0,15,355,274.5978822808423,284.81913005769724,384.14114398650594
131.0,27,330,194.44267243995935,282.23593208735747,214.1465362249628
87.0,15,195,146.12994322079703,163.464329077419,200.25387347942214
33.0,11,62,86.83704827000693,83.07645424028044,60.131281669739685
14.0,1,45,65.9747333799141,2.4243476065133436,41.37036348355659
87.0,32,165,146.12994322079703,267.07068752009667,162.6747819371386
6.0,2,12,57.19060079461187,0.22107511002035807,15.603928818466994
53.0,4,95,108.79737973326252,61.15942295256882,96.47357823460852
59.0,22,120,115.3854791722392,177.08359619553895,99.13363505371393
28.0,0,47,81.34696540419303,10.850943230200087,49.30812301074591
48.0,20,80,103.30729686744863,153.48518711615304,80.04462077227714
52.0,19,85,107.69936316009975,151.53957752785018,88.38581143493202
54.0,6,95,109.89539630642531,74.38562681996515,96.09775936796994
72.0,2,125,129.65969462335534,68.67762950915167,119.80707415614337
49.0,10,145,104.4053134406114,93.57749090636511,78.42790968644941
31.0,2,40,84.64101512368137,26.151588139994338,60.8505986245605
25.0,7,40,78.05291568470469,50.40072337829402,41.64897753179158
1362.0,15,1595,1546.1010740033416,1485.9204936060924,1552.614980559698
1818.0,31,2080,2046.7966313655693,2056.4049180423967,2047.643382402254
8.0,0,15,59.38663394093742,-9.8934671937791,17.589844268354515
38.0,0,63,92.32713113582082,21.223148442189682,64.27796321333523
240.0,2,210,314.1264789147024,242.93067707057685,233.15012900498198
134.0,15,180,197.7367221594477,212.21369357377012,194.4748160821497
882.0,14,845,1019.0531188852071,981.960151757493,942.2254418678693
2095.0,21,2055,2350.947222131659,2282.7700856835218,2226.480642008979
67.0,10,70,124.16961175754145,112.24746028794638,73.20114867406393
51.0,13,140,106.60134658693696,113.93540696805908,110.96666266254651
787.0,10,855,914.741544434743,859.0462355511971,860.5645162780187
311.0,14,340,392.0856556092598,389.70723415288717,371.9414074298249
314.0,4,320,395.3797053287481,331.8739789854972,317.436465582737
49.0,0,77,104.4053134406114,32.63257417537823,77.60840567048403
59.0,13,86,115.3854791722392,122.23317113765077,117.84775420665989
2560.0,30,2675,2861.5249286523517,2819.928053098926,2672.0405605852493
205.0,9,300,275.6958988540051,249.2894005403041,330.42981577499575
134.0,15,190,197.7367221594477,212.21369357377012,194.4748160821497
74.0,13,114,131.85572776968093,137.79147895563517,153.14929374645098
53.0,22,88,108.79737973326252,170.86027306834518,88.61681865360451
78.0,16,180,136.24779406233202,160.22383605972703,148.16079997597163
100.0,11,225,160.4041586719132,152.57022916061072,170.27690811692213
81.0,6,105,139.54184378182038,102.39058089233706,126.76380043458046
35.0,2,60,89.0330814163325,30.300470224790175,53.6800474677938
94.0,27,125,153.8160592329365,243.858772802996,130.02754476312836
209.0,27,305,280.0879651466562,363.13913274087633,347.84468559796164
38.0,0,64,92.32713113582082,21.223148442189682,64.27796321333523
350.0,11,365,434.90830196260816,411.8753594603506,426.8156971782586
36.0,1,60,90.13109798949526,25.243199072890448,59.793486204556174
32.0,7,44,85.73903169684414,57.661267026686744,46.224981108838236
193.0,24,310,262.5196999760517,328.2601293823969,322.37664400808205
2120.0,26,2455,2378.397636460729,2339.173057078989,2407.8638449973905
106.0,32,145,166.99225811088985,286.77787742287694,143.17272715862117
855.0,17,1035,989.4066714098121,972.2386727044171,985.3156727676138
25.0,11,45,78.05291568470469,74.77869007068877,46.7571797635418
649.0,13,720,763.2152573382793,734.1932786450368,727.311327517487
53.0,22,88,108.79737973326252,170.86027306834518,88.61681865360451
26.0,7,35,79.15093225786747,51.43794389949298,41.99499430423967
70.0,14,140,127.46366147702979,139.737088543938,130.5419580757145
244.0,18,405,318.5185452073535,344.5914259249517,366.5170446346285
823.0,9,1065,954.2701410686032,890.291682641261,869.4258701423157
206.0,24,330,276.79391542716786,341.74399615798336,328.5637594547715
93.0,10,100,152.71804265977374,139.2151938391193,154.69832370361485
6.0,2,13,57.19060079461187,0.22107511002035807,15.603928818466994
25.0,5,45,78.05291568470469,38.21174003209664,50.02626159363205
71.0,14,180,128.56167805019257,140.77430906513695,154.45756275925038
6.0,1,27,57.19060079461187,-5.873416563078331,18.350832692486318
29.0,16,55,82.44498197735581,109.40003052097805,55.13792260257559
2086.0,45,2365,2341.065072973194,2419.7029011470995,2424.036355500236
23.0,11,50,75.85688253837912,72.70424902829086,46.83817086707475
32.0,4,60,85.73903169684414,39.377792007390674,51.88242748776756
128.0,17,165,191.14862272047102,218.17935379277372,204.32217629301374
169.0,18,260,236.16730222014502,266.7998868350297,279.9899768438013
14.0,1,45,65.9747333799141,2.4243476065133436,41.37036348355659
6.0,0,25,57.19060079461187,-11.967908236177019,16.91509403205783
29.0,16,55,82.44498197735581,109.40003052097805,55.13792260257559
725.0,18,780,846.6645168986506,843.4944966216511,834.3407634622848
73.0,11,110,130.75771119651813,124.56527508823882,106.09970001996962
1732.0,33,1965,1952.3672060735703,1979.3929365654835,1977.1000974154606
53.0,7,60,108.79737973326252,79.44289797186488,90.28573052258356
123.0,0,159,185.65853985465714,109.38689274410123,163.70759583940946
1478.0,15,1715,1673.470996490224,1606.2380740651715,1582.5204742063486
778.0,18,780,904.8593952762781,898.467184245196,917.7314863524226
217.0,5,220,288.87209773195843,237.35808010229687,253.88456429093227
40.0,13,63,94.52316428214638,102.52598123487053,63.88521314267269
381.0,42,940,468.94681573065435,632.9584374835777,787.8975745550746
188.0,17,255,257.02961711023784,280.41258506471127,301.08455903696904
1161.0,1,1530,1325.3997427976228,1192.1162854217196,1143.5621004689756
20.0,0,32,72.56283281889078,2.553179060608411,32.15140801110847
28.0,7,43,81.34696540419303,53.5123849418909,46.55077509232072
167.0,25,338,233.97126907381946,307.3868875043226,312.8832782453194
150.0,12,195,215.30498733005217,210.52574689365738,214.46517498464894
1959.0,33,2080,2201.616968181521,2214.8419948776477,2271.830663662063
18.0,0,28,70.36679967256522,0.47873801821049256,28.88535470084474
169.0,20,235,236.16730222014502,278.98887018122707,294.2825910680807
1449.0,6,1065,1641.6285158685034,1521.3082538925132,1076.1530357142856
88.0,15,130,147.22795979395983,164.50154959861794,151.7684334019993
141.0,8,220,205.42283817158716,176.812795510472,189.23659815091182
28.0,7,43,81.34696540419303,53.5123849418909,46.55077509232072
39.0,13,62,93.4251477089836,101.48876071367158,62.72319831320887
2011.0,30,2205,2258.7138299859857,2250.4939869606974,2304.2244855091108
2010.0,30,2200,2257.6158134128227,2249.456766439498,2306.0144855091107
39.0,15,65,93.4251477089836,113.67774405986896,62.74767791385427
129.0,19,255,192.2466392936338,231.40555766017002,288.22386592644926
66.0,8,105,123.07159518437867,99.02125642055005,97.32013427754968
77.0,22,125,135.14977748916925,195.75356557712024,121.53175803954785
64.0,2,90,120.8755620380531,60.37986533956,106.11296767633539
89.0,5,135,148.32597636712262,104.59385338883004,137.23069246991523
60.0,18,94,116.48349574540198,153.74285002434317,96.969296088137
1600.0,72,2215,1807.4290184160832,2080.16500301807,2134.765357142857
53.0,9,95,108.79737973326252,91.63188131806226,90.0045734555119
59.0,22,100,115.3854791722392,177.08359619553895,99.13363505371393
25.0,7,45,78.05291568470469,50.40072337829402,41.64897753179158
1559.0,76,2095,1762.4103389164093,2062.016928341307,2153.7714664502164
375.0,9,410,462.3587162916777,425.61688914412713,465.0898314009278
61.0,21,105,117.58151231856476,173.0635455648382,100.75464563391793
20.0,0,34,72.56283281889078,2.553179060608411,32.15140801110847
34.0,0,53,87.9350648431697,17.074266357393846,52.76482418275054
32.0,3,35,85.73903169684414,33.28330033429199,42.35546553671849
12.0,1,120,63.778700233588545,0.3499065641154253,95.38654405967702
33.0,15,56,86.83704827000693,107.45442093267519,57.15564133683907
1409.0,15,1385,1597.7078529419923,1534.6698581024434,1515.6871938841912
59.0,22,98,115.3854791722392,177.08359619553895,99.13363505371393
504.0,13,500,604.0028542296764,583.7963030711877,617.549979479298
62.0,13,135,118.67952889172754,125.34483270124764,141.7063019586119
48.0,20,79,103.30729686744863,153.48518711615304,80.04462077227714
45.0,15,77,100.01324714796029,119.90106718706272,75.16767321557755
1664.0,13,1570,1877.7020790985011,1786.9721076619808,1654.0695848935125
108.0,6,225,169.18829125721544,130.39553496470896,173.3044490134267
63.0,15,85,119.77754546489032,138.571036568644,87.26694898132331
59.0,9,105,115.3854791722392,97.85520444525602,109.34803020226283
1882.0,17,2225,2117.069692047987,2037.4641479757488,1966.2101261494347
109.0,6,220,170.2863078303782,131.43275548590793,174.01716332015687
419.0,43,765,510.67144551084,678.4673089622368,703.432143415936
33.0,15,59,86.83704827000693,107.45442093267519,57.15564133683907
10.0,0,20,61.58266708726298,-7.819026151381182,19.43578597575463
23.0,11,47,75.85688253837912,72.70424902829086,46.83817086707475
723.0,14,1000,844.468483752325,817.0420888868584,896.2281018005341
793.0,24,985,921.3296438737198,950.5924421017725,1027.7409978978721
962.0,34,1135,1106.8944447382296,1186.8276269153835,1243.7527182539684
561.0,5,500,666.5897988999548,594.1619393947389,520.1405597512392
28.0,7,44,81.34696540419303,53.5123849418909,46.55077509232072
10.0,0,20,61.58266708726298,-7.819026151381182,19.43578597575463
102.0,14,175,162.60019181823873,172.9281452223047,161.2794348229476
29.0,0,55,82.44498197735581,11.888163751399045,54.911673204348574
46.0,5,50,101.11126372112307,59.99337097727479,52.3880268536951
1340.0,26,1570,1521.9447093937604,1530.1410505438007,1577.7049565798236
1483.0,8,1215,1678.961079356038,1568.7627349594754,1379.389791666667
321.0,18,365,403.06582134088757,424.45740605727156,418.5065173722477
14.0,1,19,65.9747333799141,2.4243476065133436,41.37036348355659
118.0,20,245,180.16845698884322,226.09062360008016,224.24421925158018
79.0,22,113,137.3458106354948,197.82800661951813,116.89041683445014
28.0,0,50,81.34696540419303,10.850943230200087,49.30812301074591
55.0,19,90,110.99341287958808,154.65123909144705,91.23404806526929
14.0,1,45,65.9747333799141,2.4243476065133436,41.37036348355659
1021.0,17,1360,1171.6774225548336,1144.4172792234444,1238.7797213203462
14.0,1,45,65.9747333799141,2.4243476065133436,41.37036348355659
708.0,10,670,827.9982351548833,777.1058143764793,788.2723577302746
29.0,3,35,82.44498197735581,30.17163877069511,64.77743491982095
47.0,14,90,102.20928029428585,115.88101655636194,88.6821117552841
30.0,9,55,83.54299855051858,67.7758093304862,54.60398869089518
4256.0,56,4965,4723.761036736427,4737.510840552926,4490.524960317461
63.0,6,150,119.77754546489032,83.72061151075579,104.38373380812722
1847.0,12,2010,2078.6391119872897,1970.6889713682913,1850.953119047619
429.0,10,435,521.6516112424679,487.72128896196966,507.1050348283993
153.0,25,210,218.59903704954053,292.8658002075372,265.01232509052437
102.0,32,157,162.60019181823873,282.6289953380811,145.40473818361204
32.0,5,35,85.73903169684414,45.47228368048936,42.77758749673235
10.0,2,15,61.58266708726298,4.369957194816195,16.953636064631848
108.0,16,295,169.18829125721544,191.34045169569583,188.65302016882526
70.0,22,107,127.46366147702979,188.4930219287275,110.44507436856934
33.0,15,56,86.83704827000693,107.45442093267519,57.15564133683907
149.0,26,245,214.2069707568894,294.81140979584006,277.5775180729933
9.0,0,15,60.4846505141002,-8.856246672580141,17.667782321451863
92.0,13,300,151.62002608661095,156.46144833721644,195.74130295370185
232.0,32,370,305.34234632940013,417.4676630939458,503.8292354226237
220.0,17,295,292.1661474514468,313.60364174307796,344.2411095691477
348.0,37,635,432.71226881628263,568.2577019185185,564.9257738380973
1564.0,29,2010,1767.9004217822232,1780.7619223116635,1899.5512217063538
60.0,11,110,116.48349574540198,111.08140831265234,107.08720313117979
403.0,28,820,493.10318034023555,570.4544055265732,639.2962575184625
18.0,0,28,70.36679967256522,0.47873801821049256,28.88535470084474
33.0,15,58,86.83704827000693,107.45442093267519,57.15564133683907
919.0,26,970,1059.67973209223,1093.4712111190388,1064.9658659221748
136.0,20,275,199.93275530577327,244.7605929816615,224.46316517932405
2413.0,14,2500,2700.1164923974234,2569.9447697130995,2350.627928571428
2103.0,44,2755,2359.7313547169615,2431.241158334383,2452.6058356219373
29.0,16,55,82.44498197735581,109.40003052097805,55.13792260257559
1400.0,64,1865,1587.8257037835272,1823.9649653934885,1879.855760314398
59.0,0,105,115.3854791722392,43.004779387367826,104.26557717332209
46.0,7,52,101.11126372112307,72.18235432347217,56.40274489285467
185.0,7,202,253.73556739074948,216.35600677012752,213.14468249262814
1206.0,7,1380,1374.810488589948,1275.358158914265,1182.505192099567
120.0,14,190,182.36449013516878,191.59811460388596,188.6617280246476
328.0,5,330,410.751937353027,352.4895579553813,352.8351223426418
105.0,17,170,165.89424153772708,194.32328180519767,184.1746875654297
214.0,18,325,285.5780480124701,313.4748102889829,312.8860752713392
107.0,15,170,168.09027468405264,184.20873950139818,190.9801996019947
56.0,16,100,112.09142945275087,137.40498459334995,89.70090899809624
522.0,8,590,623.7671525466064,571.9938140872755,647.6750000926363
1891.0,23,2075,2126.951841206452,2083.3660827051312,2086.5238398171264
35.0,6,75,89.0330814163325,54.678436917184925,70.7232617530015
89.0,12,155,148.32597636712262,147.25529510052087,146.37220379049865
55.0,25,122,110.99341287958808,191.21818913003915,109.0145878171237
104.0,25,150,164.79622496456432,242.04199466878816,141.15652581505722
20.0,4,75,72.56283281889078,26.931145753003165,45.04215641451844
8.0,2,20,59.38663394093742,2.295516152418273,18.343456120966785
26.0,4,34,79.15093225786747,33.154468880196916,45.79535030703366
19.0,3,45,71.464816245728,19.799433558705516,44.51882711159234
59.0,9,105,115.3854791722392,97.85520444525602,109.34803020226283
47.0,10,90,102.20928029428585,91.50304986396719,89.00423669122173
290.0,48,645,369.0273075728414,575.1383200930644,544.1784920634921
22.0,8,37,74.75886596521634,53.38355348779584,39.94246533728038
102.0,11,160,162.60019181823873,154.64467020300864,170.01802102343845
374.0,32,515,461.2606997185149,564.7529771041981,617.8591973285587
553.0,46,970,657.8056663146526,835.7383338221935,884.6800394655761
46.0,6,58,101.11126372112307,66.08786265037348,61.28421075771318
581.0,4,660,688.5501303632104,608.8118581456193,583.1272013041308
987.0,3,850,1134.344859067299,1023.8288980792983,966.6065476190474
49.0,0,77,104.4053134406114,32.63257417537823,77.60840567048403
1793.0,16,1940,2019.3462170364999,1939.0570299159422,1898.096982311824
159.0,22,275,225.1871364885172,280.8056483154349,293.8864155596011
53.0,22,89,108.79737973326252,170.86027306834518,88.61681865360451
54.0,2,75,109.89539630642531,50.007660127570404,116.25239461874838
687.0,29,1145,804.9398871184651,871.1195252201761,924.64327129818
105.0,19,145,165.89424153772708,206.512265151395,176.48405653663278
76.0,22,110,134.05176091600646,194.71634505592127,107.94193169106147
161.0,10,230,227.38316963484277,209.74618928064857,244.8241428090596
37.0,20,81,91.22911456265805,142.07576138296446,82.065038692823
47.0,14,100,102.20928029428585,115.88101655636194,88.6821117552841
30.0,9,55,83.54299855051858,67.7758093304862,54.60398869089518
108.0,19,165,169.18829125721544,209.6239267149919,207.10894247350527
67.0,16,80,124.16961175754145,148.8144103265385,81.35289121511485
39.0,0,59,93.4251477089836,22.260368963388636,64.99727692800238
129.0,10,285,192.2466392936338,176.55513260228184,289.1777252791068
622.0,2,525,733.5688098628843,639.1489161685793,527.117692099567
15.0,8,28,67.07274995307688,46.12300983940311,29.18614584123601
82.0,12,140,140.63986035498314,139.99475145212813,121.54047884107148
1510.0,19,1640,1708.607526831433,1663.807097435933,1663.3118737006457
471.0,10,705,567.7683073153046,531.284550852326,599.4597954156599
470.0,61,780,566.6702907421418,841.0664056591601,834.3408654817409
1874.0,31,2210,2108.285559462685,2114.4892672295387,2208.553356612605
119.0,10,165,181.266473562006,166.18292739029226,169.46430499152837
390.0,12,405,478.8289648891194,459.45867198140763,438.3088603308233
983.0,50,1350,1129.952792774648,1306.1211246301405,1329.3915178571426
55.0,7,120,110.99341287958808,81.5173390142628,103.2295492954428
302.0,14,405,382.20350645079475,380.37224946209653,387.17813917163653
108.0,6,155,169.18829125721544,130.39553496470896,173.3044490134267
49.0,0,77,104.4053134406114,32.63257417537823,77.60840567048403
34.0,0,53,87.9350648431697,17.074266357393846,52.76482418275054
45.0,8,70,100.01324714796029,77.2396254753719,80.20172685720458
316.0,39,505,397.57573847507365,547.2556285863492,521.8310827302175
45.0,15,77,100.01324714796029,119.90106718706272,75.16767321557755
780.0,16,835,907.0554284226037,888.3526419413965,847.5961400576427
708.0,10,700,827.9982351548833,777.1058143764793,788.2723577302746
59.0,0,86,115.3854791722392,43.004779387367826,104.26557717332209
6.0,2,12,57.19060079461187,0.22107511002035807,15.603928818466994
499.0,21,630,598.5127713638624,627.3661338499825,619.0885076734187
147.0,19,190,212.01093761056384,250.0755270417513,242.50961500897938
117.0,16,210,179.07044041568045,200.67543638648647,191.032490338906
14.0,0,30,65.9747333799141,-3.670144066585344,33.403712183172914
110.0,14,230,171.38432440354097,181.22590939189638,173.48875591883166
760.0,13,870,885.095096959348,849.3247564981214,867.7101071070657
1860.0,16,1925,2092.9133274384058,2008.5508048362726,1978.8201997709893
164.0,25,345,230.6772193543311,304.2752259407257,310.8702356693897
1916.0,11,1815,2154.4022555355214,2036.1626956579212,1775.9944246031757
10.0,0,21,61.58266708726298,-7.819026151381182,19.43578597575463
55.0,25,134,110.99341287958808,191.21818913003915,109.0145878171237
10.0,0,21,61.58266708726298,-7.819026151381182,19.43578597575463
22.0,6,50,74.75886596521634,41.194570141598454,53.65146453289796
572.0,24,895,678.6679812047453,721.3667069168025,898.9922323987556
9.0,0,15,60.4846505141002,-8.856246672580141,17.667782321451863
937.0,27,1050,1079.4440304091602,1118.2356721737187,1079.6683042691961
1219.0,34,1745,1389.084704041064,1453.3933008635158,1609.5506481874795
1135.0,39,1380,1296.8513118953906,1396.7392354482972,1431.0082065965655
94.0,28,128,153.8160592329365,249.95326447609466,127.71180070100334
144.0,42,200,208.71688789107552,387.1371739594242,202.4240734739347
14.0,0,30,65.9747333799141,-3.670144066585344,33.403712183172914
111.0,4,165,172.48234097670377,121.31821318210848,160.58598563583396
10.0,0,20,61.58266708726298,-7.819026151381182,19.43578597575463
113.0,24,164,174.67837412302933,245.28248768648012,171.8649885057613
5.0,1,15,56.09258422144909,-6.91063708427729,18.252040482043636
672.0,19,730,788.4696385210234,794.616300671205,790.4105308231857
78.0,9,120,136.24779406233202,117.56239434803624,118.03170174386361
2389.0,33,2425,2673.7640946415163,2660.8468189932,2654.6070932539687
10.0,0,20,61.58266708726298,-7.819026151381182,19.43578597575463
93.0,10,105,152.71804265977374,139.2151938391193,154.69832370361485
33.0,15,57,86.83704827000693,107.45442093267519,57.15564133683907
106.0,25,220,166.99225811088985,244.1164357111861,164.58710054318672
650.0,15,620,764.3132739114421,747.4194825124331,756.2889120425591
46.0,17,80,101.11126372112307,133.12727105445904,79.11086403335091
215.0,21,330,286.67606458563284,332.7955058294779,313.9687455223919
2407.0,30,2535,2693.5283929584466,2661.2333133554853,2561.826164224665
804.0,14,875,933.4078261785103,901.0569511039743,929.2240963044926
20.0,0,32,72.56283281889078,2.553179060608411,32.15140801110847
1027.0,21,1200,1178.2655219938104,1175.018569043033,1317.6641896427338
2652.0,13,2655,2962.5424533833275,2811.7459826065524,2608.277053571428
780.0,12,805,907.0554284226037,863.9746752490017,835.4595763737461
250.0,5,325,325.1066446463302,271.5863573018625,274.05025520112866
395.0,14,415,484.3190477549333,476.8337579335998,460.6505474420612
490.0,72,955,588.6306222053975,928.8502244872249,1011.7525079365079
1895.0,24,2475,2131.3439074991034,2093.6094564630257,2200.717599286486
491.0,4,420,589.7286387785603,515.462011237713,432.51012175324684
415.0,10,515,506.27937921818886,473.2002016651842,488.486511368892
111.0,17,160,172.48234097670377,200.5466049323914,182.10026854372566
22.0,3,55,74.75886596521634,22.91109512230239,54.3444382044745
80.0,13,133,138.44382720865758,144.0148020828289,142.9639334157276
33.0,15,58,86.83704827000693,107.45442093267519,57.15564133683907
334.0,28,545,417.34003679200373,498.8861895638448,509.28179513239223
30.0,9,54,83.54299855051858,67.7758093304862,54.60398869089518
29.0,16,55,82.44498197735581,109.40003052097805,55.13792260257559
132.0,21,255,195.54068901312215,246.70620256996432,232.35388357333966
94.0,27,125,153.8160592329365,243.858772802996,130.02754476312836
59.0,1,100,115.3854791722392,49.09927106046652,104.48760621970877
1709.0,16,1675,1927.1128248908262,1851.9305061352297,1736.9992630837833
686.0,9,710,803.8418705453023,748.1924712370035,697.1106814397519
208.0,32,375,278.9899485734934,392.57437058517075,441.2307900171411
349.0,13,450,433.8102853894454,423.027122285349,424.83382900562805
111.0,14,175,172.48234097670377,182.26312991309533,181.00345745861904
301.0,10,450,381.10548987763195,354.9570622485029,374.8949566689516
516.0,33,915,617.1790531076297,718.1327827875489,736.5970816683314
29.0,16,55,82.44498197735581,109.40003052097805,55.13792260257559
45.0,15,78,100.01324714796029,119.90106718706272,75.16767321557755
1320.0,19,1235,1499.984377930505,1466.7351984081306,1458.210384573033
223.0,33,335,295.4601971709351,414.22717007625386,429.2388206179537
143.0,8,190,207.61887131791272,178.88723655286992,207.6201682176914
282.0,15,355,360.24317498753913,365.7223307112161,347.2609093885831
25.0,11,45,78.05291568470469,74.77869007068877,46.7571797635418
40.0,15,85,94.52316428214638,114.7149645810679,65.4537531681817
585.0,63,975,692.9421966558614,972.5357489432378,1025.1791118945468
141.0,23,260,205.42283817158716,268.23017060695236,250.76314512030976
13.0,0,35,64.87671680675132,-4.707364587784303,34.6096496748218
77.0,23,136,135.14977748916925,201.84805725021891,125.95390099101965
37.0,8,105,91.22911456265805,68.94186130578022,95.52361621718633
29.0,16,55,82.44498197735581,109.40003052097805,55.13792260257559
25.0,7,40,78.05291568470469,50.40072337829402,41.64897753179158
53.0,14,72,108.79737973326252,122.10433968355568,80.48870421453883
1478.0,15,1710,1673.470996490224,1606.2380740651715,1582.5204742063486
29.0,0,55,82.44498197735581,11.888163751399045,54.911673204348574
19.0,0,30,71.464816245728,1.5159585394094535,29.994503453573635
21.0,1,60,73.66084939205356,9.68489125490606,44.467448442295066
207.0,39,380,277.89193200033066,434.19859177566263,416.20954132821373
25.0,3,45,78.05291568470469,26.022756685899267,50.4017704585683
94.0,28,125,153.8160592329365,249.95326447609466,127.71180070100334
552.0,15,560,656.7076497414898,645.7718714349351,597.1001759201737
94.0,18,200,153.8160592329365,189.00834774510778,188.38858286443846
152.0,23,280,217.50102047637773,279.6395963401409,263.0054717780842
57.0,19,90,113.18944602591364,156.72568013384497,91.41691100760372
65.0,5,105,121.97357861121588,79.70056088005502,101.9935144988441
48.0,18,85,103.30729686744863,141.29620376995564,81.98183089968565
106.0,32,141,166.99225811088985,286.77787742287694,143.17272715862117
29.0,0,55,82.44498197735581,11.888163751399045,54.911673204348574
53.0,22,87,108.79737973326252,170.86027306834518,88.61681865360451
41.0,9,55,95.62118085530916,79.18523506367475,76.62975459520806
136.0,9,210,199.93275530577327,177.7211845775759,182.17250578634923
1492.0,29,1790,1688.843228514503,1706.0820447853384,1726.452472821829
36.0,5,65,90.13109798949526,49.6211657652852,64.59030123653466
629.0,0,465,741.2549258750239,634.2204764707747,531.6826623376621
174.0,17,365,241.6573850859589,265.89149776792584,304.7649086449315
25.0,4,45,78.05291568470469,32.117248358997955,50.05774707872875
2446.0,24,2620,2736.351039311795,2665.1179636436527,2711.421795739347
25.0,1,45,78.05291568470469,13.833773339701892,46.489805507245386
987.0,4,735,1134.344859067299,1029.9233897523968,963.1763392857141
28.0,0,48,81.34696540419303,10.850943230200087,49.30812301074591
300.0,9,390,380.00747330446916,347.8253500542052,380.388739063028
1548.0,25,1550,1750.3321566116188,1739.7884272800857,1847.169984138312
1515.0,32,1960,1714.097609697247,1748.2215917922108,1837.963078130993
154.0,18,515,219.6970536227033,251.24157901704535,251.35311700768005
33.0,11,58,86.83704827000693,83.07645424028044,60.131281669739685
45.0,6,78,100.01324714796029,65.05064212917452,90.43575646737143
36.0,11,55,90.13109798949526,86.18811580387732,66.60198922310605
24.0,9,48,76.9548991115419,61.55248620329243,46.80104671931206
44.0,7,86,98.9152305747975,70.10791328107425,76.73690848599354
53.0,10,165,108.79737973326252,97.72637299116094,88.03738659283928
10.0,0,22,61.58266708726298,-7.819026151381182,19.43578597575463
6.0,2,14,57.19060079461187,0.22107511002035807,15.603928818466994
10.0,0,21,61.58266708726298,-7.819026151381182,19.43578597575463
231.0,15,330,304.24432975623733,312.82408413006914,345.7462377845018
68.0,12,95,125.26762833070423,125.4736641553427,117.740818249251
14.0,1,45,65.9747333799141,2.4243476065133436,41.37036348355659
105.0,14,240,165.89424153772708,176.0398067859016,191.4739447509962
28.0,0,47,81.34696540419303,10.850943230200087,49.30812301074591
76.0,9,135,134.05176091600646,115.48795330563831,119.01333698368617
28.0,0,49,81.34696540419303,10.850943230200087,49.30812301074591
14.0,3,20,65.9747333799141,14.613330952710719,23.51785644512964
68.0,10,85,125.26762833070423,113.28468080914536,115.78163918505405
184.0,23,260,252.6375508175867,312.8306530185076,307.6312319218005
41.0,5,70,95.62118085530916,54.80726837128,64.98920905251678
1638.0,56,2235,1849.153648196269,2022.0675160540513,2269.929995968084
22.0,8,50,74.75886596521634,53.38355348779584,39.94246533728038
38.0,0,64,92.32713113582082,21.223148442189682,64.27796321333523
1221.0,27,1590,1391.2807371873896,1412.8063001942232,1552.07364439814
1910.0,25,2180,2147.814156096545,2115.2622559541087,2178.0290911755046
18.0,2,35,70.36679967256522,12.667721364407868,47.027168854600674
32.0,3,37,85.73903169684414,33.28330033429199,42.35546553671849
61.0,21,102,117.58151231856476,173.0635455648382,100.75464563391793
283.0,44,715,361.34119156070193,543.499809752277,505.7496457635503
454.0,9,675,549.1020255715373,507.557310318845,524.041483227874
34.0,12,75,87.9350648431697,90.20816643457809,62.09994546306196
569.0,12,720,675.3739314852571,645.1211452760214,708.3776587225242
632.0,12,680,744.5489755945121,710.4660381115558,766.2144735534572
2222.0,34,2610,2490.395326923332,2493.725483626072,2728.6921085858585
57.0,8,135,113.18944602591364,89.68627172975941,105.17581426280192
15.0,8,29,67.07274995307688,46.12300983940311,29.18614584123601
25.0,9,45,78.05291568470469,62.58970672449139,46.65875212149172
29.0,16,55,82.44498197735581,109.40003052097805,55.13792260257559
54.0,4,120,109.89539630642531,62.19664347376778,109.16802149471357
59.0,9,106,115.3854791722392,97.85520444525602,109.34803020226283
574.0,28,765,680.8640143510709,747.8191146515952,872.1334045293657
8.0,2,22,59.38663394093742,2.295516152418273,18.343456120966785
111.0,10,155,172.48234097670377,157.88516322070058,172.59883846485678
52.0,6,70,107.69936316009975,72.31118577756723,89.07288577666787
102.0,27,137,162.60019181823873,252.15653697258767,142.5845503297312
620.0,17,635,731.3727767165587,728.4918502226617,757.173386255317
6.0,1,20,57.19060079461187,-5.873416563078331,18.350832692486318
39.0,0,59,93.4251477089836,22.260368963388636,64.99727692800238
941.0,10,1095,1083.8360967018111,1018.778195815837,1050.0896833434765
38.0,3,60,92.32713113582082,39.506623461485745,63.562460516844936
57.0,19,90,113.18944602591364,156.72568013384497,91.41691100760372
13.0,2,18,64.87671680675132,7.48161875841307,29.90871378487425
30.0,9,52,83.54299855051858,67.7758093304862,54.60398869089518
36.0,8,110,90.13109798949526,67.90464078458126,94.36762843357612
299.0,36,425,378.9094567313064,511.33940470667085,490.0206926683342
28.0,0,49,81.34696540419303,10.850943230200087,49.30812301074591
14.0,1,21,65.9747333799141,2.4243476065133436,41.37036348355659
43.0,11,50,97.81721400163472,93.44865945227005,57.75817989339365
139.0,18,220,203.2268050252616,235.68327119906095,244.26941340511385
377.0,35,550,464.5547494380032,586.148113687091,648.0261913761777
490.0,12,510,588.6306222053975,563.1807241013036,534.8502063057273
203.0,28,415,273.49986570767953,363.0103012867812,356.07636910679304
20.0,0,32,72.56283281889078,2.553179060608411,32.15140801110847
14.0,1,45,65.9747333799141,2.4243476065133436,41.37036348355659
79.0,21,120,137.3458106354948,191.73351494641946,117.92805814229385
10.0,2,15,61.58266708726298,4.369957194816195,16.953636064631848
39.0,15,63,93.4251477089836,113.67774405986896,62.74767791385427
1561.0,32,1970,1764.6063720627349,1795.9337357673626,1913.0395274357115
33.0,11,57,86.83704827000693,83.07645424028044,60.131281669739685
54.0,8,70,109.89539630642531,86.57461016616253,95.09241998569458
18.0,0,28,70.36679967256522,0.47873801821049256,28.88535470084474
58.0,10,80,114.28746259907643,102.91247559715575,107.77760966007514
48.0,20,82,103.30729686744863,153.48518711615304,80.04462077227714
1612.0,16,1590,1820.6052172940367,1751.3201155789307,1671.9282252217515
46.0,5,50,101.11126372112307,59.99337097727479,52.3880268536951
1228.0,28,1635,1398.9668531995292,1426.1613355157147,1567.3541458609857
48.0,8,55,103.30729686744863,80.35128703896878,69.27764715438389
1555.0,38,2305,1758.018272623758,1826.2773626787612,1987.5691606410394
38.0,0,67,92.32713113582082,21.223148442189682,64.27796321333523
106.0,32,143,166.99225811088985,286.77787742287694,143.17272715862117
92.0,12,260,151.62002608661095,150.36695666411774,189.93905303461509
619.0,14,890,730.274760143396,709.1711546821667,792.9586486070264
10.0,2,20,61.58266708726298,4.369957194816195,16.953636064631848
42.0,3,65,96.71919742847194,43.65550554628158,75.093280831564
40.0,0,67,94.52316428214638,23.297589484587597,65.22247704296012
48.0,20,81,103.30729686744863,153.48518711615304,80.04462077227714
895.0,7,910,1033.3273343363232,952.7825768213887,912.4439959017591
419.0,47,740,510.67144551084,702.8452756546316,764.9170033898757
59.0,20,94,115.3854791722392,164.89461284934157,98.03702130443287
610.0,20,880,720.392610984931,736.4031200299681,778.0319269852496
108.0,6,200,169.18829125721544,130.39553496470896,173.3044490134267
34.0,0,54,87.9350648431697,17.074266357393846,52.76482418275054
302.0,14,434,382.20350645079475,380.37224946209653,387.17813917163653
52.0,17,84,107.69936316009975,139.3505941816528,85.09838814937233
52.0,19,85,107.69936316009975,151.53957752785018,88.38581143493202
1738.0,15,1940,1958.9553055125468,1875.9154095769009,1952.5002429523086
1699.0,61,2140,1916.1326591591985,2115.8104262126813,2227.3730059523805
29.0,7,42,82.44498197735581,54.54960546308986,48.272706473662105
102.0,8,118,162.60019181823873,136.3611951837126,173.5222160079169
53.0,7,62,108.79737973326252,79.44289797186488,90.28573052258356
63.0,15,85,119.77754546489032,138.571036568644,87.26694898132331
590.0,18,700,698.4322795216754,703.4697262597916,696.8805324186337
1089.0,19,1200,1246.3425495299027,1227.137258011171,1281.6091114078736
67.0,11,135,124.16961175754145,118.34195196104508,138.23180341447443
18.0,0,28,70.36679967256522,0.47873801821049256,28.88535470084474
82.0,19,135,140.63986035498314,182.65619316381895,132.11984661431478
71.0,15,125,128.56167805019257,146.86880073823565,139.68094391737074
28.0,7,68,81.34696540419303,53.5123849418909,46.55077509232072
59.0,19,95,115.3854791722392,158.8001211762429,96.3538557797207
14.0,1,45,65.9747333799141,2.4243476065133436,41.37036348355659
93.0,10,145,152.71804265977374,139.2151938391193,154.69832370361485
1300.0,16,1415,1478.0240464672493,1427.7073129648552,1404.4865099298847
59.0,0,105,115.3854791722392,43.004779387367826,104.26557717332209
23.0,11,45,75.85688253837912,72.70424902829086,46.83817086707475
106.0,12,175,166.99225811088985,164.88804396090316,149.08114997897826
47.0,14,85,102.20928029428585,115.88101655636194,88.6821117552841
33.0,6,90,86.83704827000693,52.60399587478702,67.6717119869291
29.0,16,55,82.44498197735581,109.40003052097805,55.13792260257559
1050.0,9,1115,1203.5199031765542,1125.7407409534248,1115.5694914668666
46.0,6,59,101.11126372112307,66.08786265037348,61.28421075771318
10.0,0,25,61.58266708726298,-7.819026151381182,19.43578597575463
23.0,11,50,75.85688253837912,72.70424902829086,46.83817086707475
194.0,29,355,263.6177165492145,359.76980826908925,337.3769397787619
222.0,7,235,294.36218059777235,254.733166054489,279.43050361678957
81.0,21,125,139.54184378182038,193.80795598881735,136.12134758443807
37.0,20,77,91.22911456265805,142.07576138296446,82.065038692823
79.0,20,110,137.3458106354948,185.63902327332076,113.18361383953399
105.0,12,110,165.89424153772708,163.85082343970421,138.03025353502053
785.0,20,1120,912.5455112884174,917.916711239786,1030.992116493259
47.0,14,85,102.20928029428585,115.88101655636194,88.6821117552841
156.0,20,305,221.89308676902886,265.50500340564065,284.40473216214485
119.0,20,205,181.266473562006,227.12784412127914,222.79735056012944
232.0,39,450,305.34234632940013,460.12910480563664,455.07881670205165
128.0,22,175,191.14862272047102,248.65181215826715,202.48079473816182
33.0,15,59,86.83704827000693,107.45442093267519,57.15564133683907
24.0,9,47,76.9548991115419,61.55248620329243,46.80104671931206
268.0,32,470,344.87094296326023,454.80760185710835,537.1675222743802
38.0,3,60,92.32713113582082,39.506623461485745,63.562460516844936
432.0,12,465,524.9456609619562,503.02193387176396,509.92804951336154
16.0,2,40,68.17076652623966,10.59328032200995,37.351341158867655
688.0,8,510,806.0379036916279,744.1724206063028,613.8749130036628
283.0,43,665,361.34119156070193,537.4053180791783,499.794299609704
1745.0,21,2070,1966.6414215246864,1919.7429032638856,2037.9391709527283
78.0,2,105,136.24779406233202,74.90095263634542,120.76311915955371
490.0,25,535,588.6306222053975,642.4091158515865,642.6357556203818
54.0,10,65,109.89539630642531,98.7635935123599,86.10375240758847
24.0,15,65,76.9548991115419,98.11943624188456,69.43974765512262
29.0,16,55,82.44498197735581,109.40003052097805,55.13792260257559
51.0,19,100,106.60134658693696,150.5023570066512,93.2407383310197
651.0,11,935,765.4112904846049,724.0787363412372,752.5726274007372
149.0,17,240,214.2069707568894,239.96098473795183,252.87481081315246
29.0,4,60,82.44498197735581,36.2661304437938,54.14382726239708
14.0,1,45,65.9747333799141,2.4243476065133436,41.37036348355659
24.0,8,38,76.9548991115419,55.45799453019376,39.872730841215876
53.0,5,80,108.79737973326252,67.2539146256675,96.73688471369424
198.0,25,305,268.0097828418656,339.54072366149035,327.5846682211657
105.0,13,155,165.89424153772708,169.94531511280292,153.5467682286021
54.0,4,120,109.89539630642531,62.19664347376778,109.16802149471357
28.0,0,74,81.34696540419303,10.850943230200087,49.30812301074591
9.0,6,29,60.4846505141002,27.710703366011984,42.19377552306356
14.0,1,45,65.9747333799141,2.4243476065133436,41.37036348355659
100.0,11,235,160.4041586719132,152.57022916061072,170.27690811692213
14.0,9,30,65.9747333799141,51.18028099130285,29.22977403797281
18.0,0,28,70.36679967256522,0.47873801821049256,28.88535470084474
1600.0,15,1640,1807.4290184160832,1732.7789776514446,1708.5875936116822
11.0,0,25,62.680683660425764,-6.781805630182223,24.980627641913003
14.0,1,45,65.9747333799141,2.4243476065133436,41.37036348355659
931.0,8,1025,1072.8559309701834,996.2170072576499,887.7392497448209
1860.0,30,1840,2092.9133274384058,2093.8736882596545,2186.581442370952
225.0,27,380,297.6562303172607,379.73466108005965,365.75883479764815
20.0,0,32,72.56283281889078,2.553179060608411,32.15140801110847
14.0,1,45,65.9747333799141,2.4243476065133436,41.37036348355659
428.0,42,660,520.5535946693051,681.7078019799287,679.2024772140821
67.0,8,150,124.16961175754145,100.058476941749,77.44612274264801
108.0,28,162,169.18829125721544,264.4743517728801,159.51965292837926
106.0,27,135,166.99225811088985,256.30541905738346,142.6752874718093
34.0,10,48,87.9350648431697,78.01918308838071,57.44483438665491
1517.0,23,1400,1716.2936428435726,1695.4456077767204,1574.0016599318249
39.0,15,60,93.4251477089836,113.67774405986896,62.74767791385427
20.0,0,32,72.56283281889078,2.553179060608411,32.15140801110847
1499.0,16,1650,1696.5293445266425,1634.1141966834484,1627.9177165750912
44.0,9,85,98.9152305747975,82.29689662727162,81.15055005022651
23.0,11,50,75.85688253837912,72.70424902829086,46.83817086707475
255.0,33,510,330.59672751214407,447.41822675462055,497.0919062614441
39.0,8,70,93.4251477089836,71.01630234817813,82.08465908168473
1168.0,28,1490,1333.0858588097624,1363.928104243777,1627.9824290783288
77.0,11,165,135.14977748916925,128.71415717303466,136.80225361346035
13.0,9,45,64.87671680675132,50.14306047010389,29.273784489886484
558.0,12,555,663.2957491804664,633.7117195428328,626.0251984605596
213.0,14,255,284.48003143930737,288.0596230753892,312.42251154541185
47.0,14,95,102.20928029428585,115.88101655636194,88.6821117552841
59.0,22,98,115.3854791722392,177.08359619553895,99.13363505371393
956.0,43,1400,1100.3063452992528,1235.454728846078,1347.2507738095237
15.0,8,28,67.07274995307688,46.12300983940311,29.18614584123601
143.0,19,225,207.61887131791272,245.9266449569555,242.35786764619309
17.0,0,33,69.26878309940244,-0.5584825029884648,34.49909907452436
3930.0,54,4485,4365.807633885361,4387.1879672958685,4556.920357142857
2348.0,41,2935,2628.7454151418424,2667.076711008832,2790.4809492672352
93.0,8,115,152.71804265977374,127.02621049292196,159.37687235421097
38.0,0,63,92.32713113582082,21.223148442189682,64.27796321333523
59.0,9,115,115.3854791722392,97.85520444525602,109.34803020226283
304.0,5,345,384.3995395971203,327.5962654466063,341.4952711348549
18.0,0,28,70.36679967256522,0.47873801821049256,28.88535470084474
495.0,43,960,594.1207050712112,757.2960685733577,951.4063690476189
29.0,16,55,82.44498197735581,109.40003052097805,55.13792260257559
104.0,12,110,164.79622496456432,162.81360291850524,145.07692940069853
49.0,0,77,104.4053134406114,32.63257417537823,77.60840567048403
718.0,8,780,838.9784008865113,775.2890362422715,737.1499471015097
2845.0,16,3055,3174.459652003744,3030.2130182172473,2909.537330586081
1860.0,29,1855,2092.9133274384058,2087.779196586556,2158.903514699372
2478.0,16,2810,2771.487569653004,2649.553086937229,2764.656244588745
79.0,22,117,137.3458106354948,197.82800661951813,116.89041683445014
6.0,0,13,57.19060079461187,-11.967908236177019,16.91509403205783
60.0,11,105,116.48349574540198,111.08140831265234,107.08720313117979
209.0,27,335,280.0879651466562,363.13913274087633,347.84468559796164
24.0,1,50,76.9548991115419,12.796552818502938,47.38429498580925
1352.0,60,1725,1535.120908271714,1749.8004136835434,1797.981888512589
76.0,6,135,134.05176091600646,97.20447828634227,123.75642218390134
22.0,1,30,74.75886596521634,10.722111776105017,42.20239109779931
8.0,2,20,59.38663394093742,2.295516152418273,18.343456120966785
65.0,9,100,121.97357861121588,104.07852757244977,134.7207961308342
11.0,1,25,62.680683660425764,-0.6873139570835356,24.969789577199943
291.0,9,355,370.1253241460042,338.4903653634146,362.7521155622524
10.0,0,15,61.58266708726298,-7.819026151381182,19.43578597575463
9.0,0,15,60.4846505141002,-8.856246672580141,17.667782321451863
234.0,12,245,307.5383794757257,297.65227067436996,346.25645053263565
95.0,9,135,154.91407580609928,135.19514320841856,221.7598637925702
49.0,7,85,104.4053134406114,75.29401588706904,80.65996151288049
25.0,11,55,78.05291568470469,74.77869007068877,46.7571797635418
41.0,5,65,95.62118085530916,54.80726837128,64.98920905251678
46.0,7,51,101.11126372112307,72.18235432347217,56.40274489285467
40.0,4,55,94.52316428214638,47.675556176982354,63.22380933813909
33.0,15,55,86.83704827000693,107.45442093267519,57.15564133683907
10.0,0,21,61.58266708726298,-7.819026151381182,19.43578597575463
172.0,25,395,239.46135193963335,312.5729901103174,320.64005023979985
10.0,0,20,61.58266708726298,-7.819026151381182,19.43578597575463
53.0,22,86,108.79737973326252,170.86027306834518,88.61681865360451
10.0,0,20,61.58266708726298,-7.819026151381182,19.43578597575463
94.0,27,140,153.8160592329365,243.858772802996,130.02754476312836
14.0,1,45,65.9747333799141,2.4243476065133436,41.37036348355659
15.0,8,31,67.07274995307688,46.12300983940311,29.18614584123601
113.0,12,145,174.67837412302933,172.14858760929587,162.06563343091042
63.0,15,85,119.77754546489032,138.571036568644,87.26694898132331
1021.0,41,1485,1171.6774225548336,1290.685079377813,1394.798918650794
29.0,0,55,82.44498197735581,11.888163751399045,54.911673204348574
380.0,8,745,467.8487991574916,424.7085000770233,545.3392867948953
266.0,30,460,342.67490981693464,440.544177468513,503.373953904927
146.0,9,210,210.91292103740108,188.0933897895655,218.10083553927066
28.0,7,40,81.34696540419303,53.5123849418909,46.55077509232072
10.0,0,20,61.58266708726298,-7.819026151381182,19.43578597575463
62.0,8,115,118.67952889172754,94.8723743357542,99.93507488950219
442.0,43,615,535.925826693584,702.3233809498128,692.8971103321893
329.0,14,485,411.8499539261898,408.37720353446844,396.8111479823349
28.0,0,48,81.34696540419303,10.850943230200087,49.30812301074591
58.0,8,110,114.28746259907643,90.72349225095837,104.24467674956551
1589.0,18,1645,1795.3508361112927,1739.653026937552,1694.1187490750867
18.0,4,75,70.36679967256522,24.856704710605243,53.42524592171844
45.0,15,75,100.01324714796029,119.90106718706272,75.16767321557755
28.0,7,45,81.34696540419303,53.5123849418909,46.55077509232072
1901.0,23,2165,2137.9320069380797,2093.738287917121,2231.964743192771
529.0,21,565,631.4532685587458,658.4827494859512,630.2398185507454
6.0,1,20,57.19060079461187,-5.873416563078331,18.350832692486318
63.0,4,75,119.77754546489032,71.53162816455841,95.90179259090215
22.0,8,42,74.75886596521634,53.38355348779584,39.94246533728038
8.0,2,20,59.38663394093742,2.295516152418273,18.343456120966785
155.0,23,240,220.7950701958661,282.7512579037377,254.9210963340243
114.0,12,185,175.7763906961921,173.18580813049485,163.6642913920599
24.0,1,34,76.9548991115419,12.796552818502938,47.38429498580925
893.0,22,970,1031.1313011899977,1042.1255108754708,1012.3364364515718
76.0,14,107,134.05176091600646,145.96041167113177,145.04855104714653
53.0,11,76,108.79737973326252,103.82086466425963,80.28172387537417
686.0,22,920,803.8418705453023,827.4208629872865,841.5620266502112
40.0,1,70,94.52316428214638,29.392081157686285,63.57616123722687
40.0,4,55,94.52316428214638,47.675556176982354,63.22380933813909
1086.0,20,1235,1243.0484998104143,1230.1200881206728,1303.7226826976948
47.0,15,78,102.20928029428585,121.97550822946062,87.5595580195039
20.0,0,32,72.56283281889078,2.553179060608411,32.15140801110847
417.0,10,440,508.47541236451445,475.2746427075822,488.486511368892
46.0,17,85,101.11126372112307,133.12727105445904,79.11086403335091
170.0,19,315,237.26531879330778,273.9315990293274,286.3115668562326
14.0,1,20,65.9747333799141,2.4243476065133436,41.37036348355659
59.0,1,103,115.3854791722392,49.09927106046652,104.48760621970877
81.0,8,135,139.54184378182038,114.57956423853443,140.59193427114118
62.0,4,85,118.67952889172754,70.49440764335945,95.82876418586919
21.0,4,55,73.66084939205356,27.968366274202126,51.576191283572534
41.0,7,85,95.62118085530916,66.99625171747738,69.70558509155686
98.0,14,178,158.2081255255876,168.77926313750885,171.63449509209397
1411.0,9,1405,1599.903886088318,1500.177349106249,1440.0343597182384
2089.0,22,2150,2344.3591226926824,2282.6412542294265,2304.263115012762
104.0,9,175,164.79622496456432,144.5301278992092,164.31030589004266
181.0,18,300,249.34350109809836,279.24653308941726,303.65571445650033
33.0,15,58,86.83704827000693,107.45442093267519,57.15564133683907
15.0,8,30,67.07274995307688,46.12300983940311,29.18614584123601
279.0,32,485,356.9491252680508,466.2170275902969,476.67672807829416
34.0,4,90,87.9350648431697,41.452233049788596,61.610374041494715
33.0,5,45,86.83704827000693,46.509504201688316,52.98224875245503
32.0,6,45,85.73903169684414,51.56677535358804,46.26503821897525
490.0,7,400,588.6306222053975,532.7082657358101,492.853179741531
339.0,24,485,422.8301196578176,479.6943254774449,488.2230442227727
150.0,14,370,215.30498733005217,222.71473023985476,259.75438798922494
6.0,0,12,57.19060079461187,-11.967908236177019,16.91509403205783
96.0,10,155,156.01209237926207,142.3268554027162,167.76975514856048
81.0,17,200,139.54184378182038,169.4299892964226,184.4325360088264
55.0,19,90,110.99341287958808,154.65123909144705,91.23404806526929
28.0,0,47,81.34696540419303,10.850943230200087,49.30812301074591
1979.0,17,1960,2223.5772996447768,2138.074538532048,1986.3032052669553
50.0,6,130,105.50333001377419,70.23674473516931,111.41360453442068
42.0,5,70,96.71919742847194,55.84448889247895,72.92650436020419
47.0,15,78,102.20928029428585,121.97550822946062,87.5595580195039
3939.0,56,4615,4375.689783043826,4408.711935332856,4490.524960317461
28.0,7,48,81.34696540419303,53.5123849418909,46.55077509232072
780.0,11,830,907.0554284226037,857.8801835759031,831.6332033578734
172.0,3,225,239.46135193963335,178.4941733021463,198.55853708791213
77.0,27,141,135.14977748916925,226.22602394261366,132.08386240212158
77.0,9,98,135.14977748916925,116.52517382683729,120.91172831166638
24.0,9,44,76.9548991115419,61.55248620329243,46.80104671931206
68.0,10,120,125.26762833070423,113.28468080914536,115.78163918505405
284.0,29,565,362.4392081338647,453.1196551769956,433.17168764597744
80.0,11,115,138.44382720865758,131.82581873663153,120.91332798869018
807.0,31,945,936.7018758979987,1007.7749711102487,970.6035519752156
1517.0,64,2140,1716.2936428435726,1945.3197663737665,2051.136845238096
104.0,9,145,164.79622496456432,144.5301278992092,164.31030589004266
304.0,8,370,384.3995395971203,345.8797404659024,351.50709771463573
105.0,12,155,165.89424153772708,163.85082343970421,138.03025353502053
29.0,0,55,82.44498197735581,11.888163751399045,54.911673204348574
39.0,15,60,93.4251477089836,113.67774405986896,62.74767791385427
1301.0,4,1260,1479.122063040412,1355.61063340887,1106.925932539683
52.0,9,115,107.69936316009975,90.59466079686331,94.02931400306798
49.0,0,77,104.4053134406114,32.63257417537823,77.60840567048403
430.0,27,645,522.7496278156306,592.3648679258464,603.6735525905405
39.0,6,85,93.4251477089836,58.827319001980754,67.95843789446099
33.0,15,58,86.83704827000693,107.45442093267519,57.15564133683907
63.0,15,80,119.77754546489032,138.571036568644,87.26694898132331
1484.0,20,1615,1680.0590959292008,1642.9338555578588,1643.338630785881
356.0,38,580,441.4964014015849,582.6499577612088,563.0036979637863
22.0,10,55,74.75886596521634,65.57253683399321,51.63387837254768
2033.0,26,2470,2282.8701945955668,2248.9348717346797,2267.037599031393
404.0,24,630,494.2011969133983,547.1136593553773,633.7259536616915
189.0,15,355,258.12763368340063,269.26082223971287,314.04111009475554
68.0,12,110,125.26762833070423,125.4736641553427,117.740818249251
47.0,0,75,102.20928029428585,30.558133132980316,70.35596338022313
156.0,27,235,221.89308676902886,308.1664451173315,359.4492150488399
143.0,42,192,207.61887131791272,386.09995343822527,200.44706324149044
1461.0,27,1550,1654.8047147464567,1661.7392252819736,1600.3360707422303
71.0,14,175,128.56167805019257,140.77430906513695,154.45756275925038
43.0,11,50,97.81721400163472,93.44865945227005,57.75817989339365
146.0,2,150,210.91292103740108,145.43194807787467,196.11190743209514
86.0,26,140,145.03192664763426,229.46651696030563,137.67710646925462
180.0,22,275,248.2454845249356,302.58727926061306,314.5719674926625
25.0,7,40,78.05291568470469,50.40072337829402,41.64897753179158
24.0,9,47,76.9548991115419,61.55248620329243,46.80104671931206
49.0,0,77,104.4053134406114,32.63257417537823,77.60840567048403
99.0,18,180,159.3061420987504,194.19445035110257,178.43752869518474
2363.0,13,2530,2645.215663739284,2511.9892519800533,2265.788333333333
29.0,0,55,82.44498197735581,11.888163751399045,54.911673204348574
1699.0,37,1970,1916.1326591591985,1969.5426260583126,1993.3962300556252
81.0,8,145,139.54184378182038,114.57956423853443,140.59193427114118
94.0,24,185,153.8160592329365,225.5752977836999,167.5960282553647
150.0,19,290,215.30498733005217,253.18718860534818,296.73278743454523
167.0,20,335,233.97126907381946,276.9144291388292,287.63418097765674
20.0,0,32,72.56283281889078,2.553179060608411,32.15140801110847
19.0,7,36,71.464816245728,44.177400251100266,40.435352386377396
10.0,0,15,61.58266708726298,-7.819026151381182,19.43578597575463
404.0,52,720,494.2011969133983,717.7594262021406,721.5744280869249
28.0,6,105,81.34696540419303,47.41789326879221,58.65208174341385
39.0,15,65,93.4251477089836,113.67774405986896,62.74767791385427
97.0,16,195,157.11010895242484,179.93102596250728,185.455235803956
109.0,6,170,170.2863078303782,131.43275548590793,174.01716332015687
201.0,24,315,271.30383256135394,336.55789355198857,318.248275399566
153.0,23,310,218.59903704954053,280.67681686133983,251.30881624281912
191.0,38,405,260.32366682972616,411.5085717633806,393.2312484556376
38.0,5,75,92.32713113582082,51.69560680768312,66.33778307116282
341.0,35,590,425.0261528041432,548.8081749239285,568.9549257682378
357.0,10,420,442.59441797474767,413.0414114356446,414.61656551969264
425.0,51,705,517.2595449498167,733.44656547422,738.311078865197
18.0,0,28,70.36679967256522,0.47873801821049256,28.88535470084474
135.0,15,150,198.83473873261048,213.25091409496906,192.33714130960973
2740.0,52,3175,3059.167911821652,3140.70656372291,3095.649972041847
1581.0,11,2340,1786.5667035259905,1688.6938210562698,1631.6872745739386
43.0,11,50,97.81721400163472,93.44865945227005,57.75817989339365
197.0,19,305,266.9117662687029,301.9365531016993,299.8846729318548
28.0,0,46,81.34696540419303,10.850943230200087,49.30812301074591
218.0,21,285,289.97011430512123,335.9071673930748,320.0985406050322
2348.0,15,2340,2628.7454151418424,2508.619927508266,2292.555992063492
26.0,7,35,79.15093225786747,51.43794389949298,41.99499430423967
116.0,10,180,177.97242384251768,163.07126582669537,185.97211054323466
14.0,1,45,65.9747333799141,2.4243476065133436,41.37036348355659
70.0,15,145,127.46366147702979,145.83158021703667,129.69202507577063
173.0,12,225,240.5593685127961,234.38181888123344,235.25197135564073
32.0,3,37,85.73903169684414,33.28330033429199,42.35546553671849
148.0,6,215,213.10895418372664,171.88435581266734,222.63952740985212
28.0,0,48,81.34696540419303,10.850943230200087,49.30812301074591
39.0,15,65,93.4251477089836,113.67774405986896,62.74767791385427
54.0,4,120,109.89539630642531,62.19664347376778,109.16802149471357
58.0,18,92,114.28746259907643,151.66840898194525,93.56851760071136
86.0,27,135,145.03192664763426,235.5610086334043,141.6066665088319
28.0,16,75,81.34696540419303,108.36280999977909,62.72522474634333
71.0,6,230,128.56167805019257,92.01837568034746,132.0914801037713
93.0,22,220,152.71804265977374,212.34909391630356,195.57531027363325
29.0,0,55,82.44498197735581,11.888163751399045,54.911673204348574
18.0,0,28,70.36679967256522,0.47873801821049256,28.88535470084474
22.0,8,44,74.75886596521634,53.38355348779584,39.94246533728038
168.0,20,295,235.06928564698222,277.9516496600281,292.3924367374217
37.0,20,80,91.22911456265805,142.07576138296446,82.065038692823
59.0,7,120,115.3854791722392,85.66622109905865,103.09352565259431
24.0,9,45,76.9548991115419,61.55248620329243,46.80104671931206
59.0,1,120,115.3854791722392,49.09927106046652,104.48760621970877
49.0,8,58,104.4053134406114,81.38850756016774,70.43312596410948
94.0,7,165,153.8160592329365,121.96893934102224,145.64415711711862
99.0,28,141,159.3061420987504,255.13936708208945,138.76993651391444
59.0,22,99,115.3854791722392,177.08359619553895,99.13363505371393
94.0,25,125,153.8160592329365,231.66978945679858,137.39944763112277
884.0,20,965,1021.2491520315327,1020.6015428384829,1095.289034913443
972.0,18,1065,1117.8746104698573,1099.687965357794,1086.3329135338352
95.0,9,160,154.91407580609928,135.19514320841856,221.7598637925702
22.0,8,38,74.75886596521634,53.38355348779584,39.94246533728038
87.0,7,150,146.12994322079703,114.7083956926295,150.52062506649855
57.0,19,95,113.18944602591364,156.72568013384497,91.41691100760372
2.0,0,7,52.798534501960745,-16.116790320972857,7.775071453667224
15.0,8,28,67.07274995307688,46.12300983940311,29.18614584123601
226.0,34,380,298.7542468904235,423.4333233129494,391.1754432831219
63.0,6,150,119.77754546489032,83.72061151075579,104.38373380812722
733.0,16,740,855.448649483953,839.6032774450455,844.5593243065471
52.0,17,85,107.69936316009975,139.3505941816528,85.09838814937233
44.0,15,68,98.9152305747975,118.86384666586375,73.8279325190323
51.0,11,90,106.60134658693696,101.74642362186171,101.30787655270997
122.0,17,200,184.56052328149434,211.95603066557996,203.4449876055947
976.0,21,1040,1122.2666767625085,1122.1203224618862,1136.174824402936
116.0,11,315,177.97242384251768,169.16575749979407,190.36764710817562
879.0,29,950,1015.7590691657188,1070.2658652903765,1016.6680838890928
1833.0,29,1955,2063.266879963011,2059.7742425141837,2191.1137814485764
1365.0,13,1430,1549.39512372283,1476.8431718234915,1170.0907545788605
794.0,28,1000,922.4276604468826,976.0076293153662,998.8164980856931
2066.0,29,2150,2319.1047415099383,2301.4466239535413,2268.6381641173853
2433.0,41,2640,2722.076823860679,2755.2404553107435,2839.4162793538153
81.0,21,128,139.54184378182038,193.80795598881735,136.12134758443807
16.0,6,33,68.17076652623966,34.971247014404696,31.154459405425726
39.0,0,60,93.4251477089836,22.260368963388636,64.99727692800238
261.0,33,455,337.1848269511208,453.6415498818143,481.43404876486005
44.0,15,69,98.9152305747975,118.86384666586375,73.8279325190323
1.0,0,110,51.700517928797964,-17.154010842171814,93.54765720932022
63.0,15,80,119.77754546489032,138.571036568644,87.26694898132331
25.0,6,50,78.05291568470469,44.30623170519533,52.54775256485275
102.0,27,144,162.60019181823873,252.15653697258767,142.5845503297312
87.0,10,225,146.12994322079703,132.99187071192557,196.18038070015922
27.0,4,90,80.24894883103025,34.19168940139588,63.13603487429685
79.0,22,120,137.3458106354948,197.82800661951813,116.89041683445014
1352.0,16,1420,1535.120908271714,1481.6427800672013,1501.6160330626806
34.0,0,53,87.9350648431697,17.074266357393846,52.76482418275054
314.0,6,355,395.3797053287481,344.0629623316946,379.2839943309559
108.0,15,170,169.18829125721544,185.24596002259716,184.48023006139377
4.0,2,30,54.994567648286306,-1.8533659323775638,18.83607561002703
124.0,20,193,186.7565564278199,232.31394672727393,227.42061581237107
243.0,2,205,317.4205286341907,246.0423386341737,234.69744569319573
29.0,4,55,82.44498197735581,36.2661304437938,54.14382726239708
279.0,31,445,356.9491252680508,460.1225359171982,493.6613773873185
108.0,12,160,169.18829125721544,166.96248500330108,167.31596959094605
59.0,1,100,115.3854791722392,49.09927106046652,104.48760621970877
1871.0,16,1925,2104.9915097431963,2019.9602305694611,1972.5178386598784
6.0,2,14,57.19060079461187,0.22107511002035807,15.603928818466994
17.0,4,35,69.26878309940244,23.819484189406282,39.17635160400326
1023.0,11,1000,1173.8734557011592,1109.92477022725,1089.0105672268905
29.0,16,55,82.44498197735581,109.40003052097805,55.13792260257559
46.0,7,51,101.11126372112307,72.18235432347217,56.40274489285467
629.0,29,850,741.2549258750239,810.9607349906365,847.5330623528677
82.0,18,135,140.63986035498314,176.56170149072028,182.73376397097311
46.0,17,80,101.11126372112307,133.12727105445904,79.11086403335091
76.0,22,107,134.05176091600646,194.71634505592127,107.94193169106147
10.0,0,21,61.58266708726298,-7.819026151381182,19.43578597575463
106.0,32,152,166.99225811088985,286.77787742287694,143.17272715862117
63.0,15,81,119.77754546489032,138.571036568644,87.26694898132331
83.0,10,100,141.7378769281459,128.84298862712973,147.0172615609706
57.0,19,90,113.18944602591364,156.72568013384497,91.41691100760372
10.0,0,20,61.58266708726298,-7.819026151381182,19.43578597575463
6.0,2,13,57.19060079461187,0.22107511002035807,15.603928818466994
