Total_Distance,Number_of_Stops,Actual_Duration_Minutes,Predicted_Duration_Minutes,Absolute_Error_Minutes
491.0,23,690,631.257353026588,58.74264697341198
127.0,22,180,247.6145916370682,67.6145916370682
29.0,16,55,109.40003052097805,54.40003052097805
78.0,4,190,87.0899359825428,102.9100640174572
71.0,22,113,189.53024244992645,76.53024244992645
24.0,1,38,12.796552818502938,25.20344718149706
382.0,16,450,475.5388745042107,25.538874504210696
39.0,0,59,22.260368963388636,36.739631036611364
1700.0,24,2145,1891.3514548292287,253.64854517077129
1498.0,5,1185,1566.0375677581637,381.03756775816373
689.0,19,750,812.2490495315873,62.249049531587275
63.0,0,80,47.15366147216366,32.84633852783634
127.0,15,150,204.95314992537737,54.953149925377375
118.0,20,245,226.09062360008016,18.909376399919836
2841.0,26,2920,3087.0090528634387,167.00905286343868
16.0,6,45,34.971247014404696,10.028752985595304
15.0,8,29,46.12300983940311,17.12300983940311
32.0,13,80,94.22821706527887,14.22821706527887
331.0,18,485,434.82961126926114,50.170388730738864
36.0,8,105,67.90464078458126,37.09535921541874
61.0,7,95,87.74066214145657,7.259337858543432
16.0,6,29,34.971247014404696,5.971247014404696
99.0,9,205,139.34402529321437,65.65597470678563
49.0,0,78,32.63257417537823,45.36742582462177
39.0,15,65,113.67774405986896,48.67774405986896
14.0,1,45,2.4243476065133436,42.575652393486656
46.0,10,80,90.46582934276823,10.465829342768231
28.0,0,47,10.850943230200087,36.14905676979991
63.0,6,140,83.72061151075579,56.27938848924421
103.0,16,155,186.15434908970104,31.154349089701043
77.0,14,145,146.99763219233074,1.997632192330741
20.0,0,32,2.553179060608411,29.44682093939159
25.0,11,45,74.77869007068877,29.778690070688768
1281.0,50,1665,1615.2128399474304,49.78716005256956
48.0,20,83,153.48518711615304,70.48518711615304
205.0,14,410,279.7618589057975,130.2381410942025
209.0,29,350,375.3281160870737,25.32811608707368
3435.0,60,3635,3910.330759340976,275.3307593409759
11.0,0,15,-6.781805630182223,21.781805630182223
44.0,4,45,51.824438261778184,6.824438261778184
20.0,6,32,39.12012909920054,7.12012909920054
1281.0,34,1590,1517.7009731778517,72.29902682214833
203.0,30,315,375.19928463297856,60.19928463297856
159.0,21,375,274.7111566423362,100.28884335766378
234.0,12,250,297.65227067436996,47.65227067436996
625.0,20,905,751.9614278479527,153.03857215204732
53.0,6,61,73.34840629876619,12.348406298766193
48.0,20,78,153.48518711615304,75.48518711615304
37.0,3,50,38.469402940286784,11.530597059713216
1878.0,31,2230,2118.6381493143344,111.36185068566556
82.0,11,130,133.90025977902945,3.9002597790294544
1404.0,28,1470,1608.7121472467315,138.71214724673155
180.0,26,350,326.96524595300775,23.034754046992248
53.0,22,87,170.86027306834518,83.86027306834518
18.0,0,28,0.47873801821049256,27.521261981789507
18.0,0,28,0.47873801821049256,27.521261981789507
30.0,9,48,67.7758093304862,19.775809330486197
490.0,9,465,544.8972490820075,79.89724908200753
102.0,20,132,209.49509526089685,77.49509526089685
273.0,38,465,496.56065450169524,31.56065450169524
2019.0,24,1975,2222.224801091697,247.22480109169692
89.0,12,155,147.25529510052087,7.744704899479132
102.0,17,135,191.21162024160077,56.21162024160077
106.0,5,150,122.22660224921236,27.773397750787638
2.0,0,5,-16.116790320972857,21.116790320972857
77.0,9,120,116.52517382683729,3.474826173162711
202.0,41,345,441.2014725158652,96.20147251586519
124.0,18,210,220.12496338107655,10.124963381076554
134.0,21,281,248.7806436123622,32.21935638763779
48.0,20,79,153.48518711615304,74.48518711615304
373.0,17,615,472.29838148651874,142.70161851348126
61.0,10,105,106.02413716075262,1.0241371607526162
22.0,8,40,53.38355348779584,13.383553487795837
736.0,31,920,934.1323141051226,14.132314105122646
348.0,37,525,568.2577019185185,43.25770191851848
575.0,19,615,694.0059101149059,79.00591011490587
491.0,10,465,552.0289612763052,87.02896127630515
153.0,18,250,250.20435849584635,0.2043584958463498
1157.0,3,920,1200.1563866831211,280.1563866831211
6.0,0,14,-11.967908236177019,25.967908236177017
740.0,36,1240,968.7536545554118,271.2463454445882
303.0,34,435,503.2993034452693,68.29930344526929
481.0,16,745,578.2237061029076,166.7762938970924
141.0,12,225,201.19076220286675,23.80923779713325
46.0,17,80,133.12727105445904,53.127271054459044
33.0,15,59,107.45442093267519,48.45442093267519
20.0,9,50,57.4036041184966,7.403604118496602
473.0,40,810,716.1937420876844,93.80625791231557
77.0,9,138,116.52517382683729,21.47482617316271
897.0,29,975,1088.9358346719578,113.93583467195776
34.0,10,52,78.01918308838071,26.019183088380714
1.0,0,110,-17.154010842171814,127.15401084217181
20.0,5,50,33.02563742610185,16.974362573898148
46.0,6,65,66.08786265037348,1.0878626503734807
81.0,21,132,193.80795598881735,61.807955988817355
966.0,30,1240,1166.5985423077846,73.40145769221544
19.0,3,50,19.799433558705516,30.200566441294484
14.0,1,50,2.4243476065133436,47.575652393486656
88.0,12,145,146.2180745793219,1.2180745793218932
46.0,17,80,133.12727105445904,53.127271054459044
29.0,8,46,60.64409713618855,14.644097136188549
49.0,0,77,32.63257417537823,44.36742582462177
28.0,3,65,29.13441824949615,35.86558175050385
57.0,19,92,156.72568013384497,64.72568013384497
244.0,8,265,283.6465091939648,18.64650919396479
1638.0,57,2245,2028.16200772715,216.83799227285
47.0,9,95,85.4085581908685,9.591441809131496
768.0,19,1110,894.1894707063051,215.8105292936949
48.0,8,60,80.35128703896878,20.351287038968778
350.0,16,430,442.347817825844,12.347817825844004
587.0,10,660,651.6021313114052,8.397868688594826
37.0,20,80,142.07576138296446,62.07576138296446
39.0,15,60,113.67774405986896,53.67774405986896
49.0,0,77,32.63257417537823,44.36742582462177
3930.0,54,4485,4387.1879672958685,97.81203270413152
41.0,7,65,66.99625171747738,1.996251717477378
46.0,17,80,133.12727105445904,53.127271054459044
192.0,16,235,278.46697547640844,43.466975476408436
22.0,8,38,53.38355348779584,15.383553487795837
96.0,27,141,245.93321384539388,104.93321384539388
143.0,8,180,178.88723655286992,1.112763447130078
72.0,18,133,166.18949627873067,33.18949627873067
3051.0,38,3305,3377.9592623924045,72.95926239240453
758.0,7,825,810.6833654171312,14.3166345828688
46.0,10,85,90.46582934276823,5.465829342768231
401.0,28,690,568.3799644841752,121.62003551582484
10.0,2,16,4.369957194816195,11.630042805183805
81.0,16,165,163.33549762332393,1.6645023766760687
1123.0,14,1150,1231.9302973664421,81.93029736644212
654.0,6,690,696.7179395393408,6.7179395393408186
93.0,22,205,212.34909391630356,7.349093916303559
29.0,16,55,109.40003052097805,54.40003052097805
63.0,0,85,47.15366147216366,37.84633852783634
37.0,20,80,142.07576138296446,62.07576138296446
39.0,15,65,113.67774405986896,48.67774405986896
1895.0,25,2045,2099.7039481361244,54.70394813612438
159.0,22,285,280.8056483154349,4.194351684565106
2965.0,12,3235,3130.301514068728,104.69848593127199
221.0,5,275,241.50696218709265,33.493037812907346
58.0,7,90,84.62900057785967,5.370999422140329
28.0,0,48,10.850943230200087,37.14905676979991
82.0,16,165,164.37271814452288,0.627281855477122
14.0,1,19,2.4243476065133436,16.575652393486656
34.0,0,56,17.074266357393846,38.925733642606154
122.0,21,145,236.3339973579747,91.33399735797471
619.0,14,655,709.1711546821667,54.17115468216673
61.0,19,98,160.87456221864082,62.87456221864082
28.0,7,43,53.5123849418909,10.5123849418909
660.0,20,895,788.2641460899162,106.73585391008385
394.0,12,540,463.6075540662035,76.39244593379652
67.0,8,70,100.058476941749,30.058476941749007
14.0,1,45,2.4243476065133436,42.575652393486656
44.0,8,85,76.20240495417293,8.797595045827066
120.0,10,175,167.2201479114912,7.77985208850879
434.0,38,520,663.5531584147277,143.5531584147277
15.0,5,30,27.839534820107055,2.1604651798929453
667.0,15,735,765.0522313728154,30.052231372815413
203.0,7,305,235.0259761517088,69.97402384829121
94.0,26,133,237.76428112989728,104.76428112989728
363.0,43,745,620.3829597750951,124.61704022490494
25.0,2,37,19.92826501280058,17.07173498719942
81.0,8,135,114.57956423853443,20.42043576146557
18.0,0,28,0.47873801821049256,27.521261981789507
503.0,19,580,619.3260325885808,39.3260325885808
384.0,58,745,733.5819658167535,11.418034183246505
1265.0,16,1415,1391.404594722892,23.595405277108057
72.0,15,140,147.90602125943462,7.906021259434624
266.0,35,660,471.0166358340065,188.98336416599352
6.0,2,12,0.22107511002035807,11.778924889979642
41.0,4,85,48.7127766981813,36.2872233018187
82.0,16,170,164.37271814452288,5.627281855477122
49.0,0,78,32.63257417537823,45.36742582462177
76.0,1,125,66.73201992084883,58.26798007915117
33.0,6,60,52.60399587478702,7.396004125212983
44.0,15,68,118.86384666586375,50.86384666586375
13.0,2,35,7.48161875841307,27.51838124158693
49.0,0,77,32.63257417537823,44.36742582462177
858.0,29,1030,1048.4842343451983,18.484234345198274
204.0,9,240,248.25218001910514,8.25218001910514
89.0,14,140,159.44427844671822,19.444278446718215
249.0,5,295,270.5491367806635,24.450863219336497
344.0,17,370,442.21898637174894,72.21898637174894
429.0,12,425,499.910272308167,74.91027230816701
10.0,0,20,-7.819026151381182,27.81902615138118
230.0,27,320,384.92076368605444,64.92076368605444
18.0,0,28,0.47873801821049256,27.521261981789507
43.0,6,65,62.9762010867766,2.023798913223402
48.0,8,60,80.35128703896878,20.351287038968778
32.0,11,62,82.0392337190815,20.039233719081494
10.0,0,21,-7.819026151381182,28.81902615138118
838.0,6,765,887.5665154399493,122.56651543994928
88.0,16,120,170.59604127171664,50.59604127171664
24.0,9,46,61.55248620329243,15.552486203292432
231.0,33,350,422.52493424584554,72.52493424584554
68.0,8,95,101.09569746294797,6.095697462947967
22.0,8,40,53.38355348779584,13.383553487795837
86.0,27,150,235.5610086334043,85.5610086334043
15.0,8,29,46.12300983940311,17.12300983940311
496.0,62,835,874.1286308834317,39.1286308834317
59.0,22,100,177.08359619553895,77.08359619553895
82.0,12,110,139.99475145212813,29.994751452128128
1832.0,66,2345,2284.2332138976362,60.76678610236377
14.0,1,45,2.4243476065133436,42.575652393486656
273.0,39,425,502.6551461747939,77.65514617479391
61.0,19,100,160.87456221864082,60.87456221864082
879.0,25,1155,1045.8878985979818,109.1121014020182
28.0,0,48,10.850943230200087,37.14905676979991
215.0,21,400,332.7955058294779,67.20449417052208
84.0,15,160,160.35266751382213,0.35266751382212647
92.0,11,175,144.27246499101904,30.727535008980965
59.0,9,105,97.85520444525602,7.144795554743979
135.0,16,175,219.34540576806774,44.345405768067735
20.0,0,32,2.553179060608411,29.44682093939159
1292.0,29,1410,1498.6379405455468,88.63794054554683
417.0,19,560,530.1250677654704,29.874932234529638
77.0,15,170,153.09212386542941,16.907876134570586
14.0,1,20,2.4243476065133436,17.575652393486656
215.0,26,300,363.26796419497134,63.26796419497134
453.0,51,720,762.4887400677909,42.4887400677909
643.0,15,825,740.1589388640405,84.84106113595954
1306.0,21,1505,1464.4030944575425,40.596905542457534
33.0,5,46,46.509504201688316,0.5095042016883156
90.0,18,225,184.85946566031194,40.14053433968806
341.0,38,560,567.0916499432245,7.091649943224525
212.0,22,345,335.7783359389797,9.221664061020306
10.0,0,20,-7.819026151381182,27.81902615138118
208.0,17,275,301.1569954886905,26.156995488690484
39.0,5,55,52.73282732888208,2.267172671117919
196.0,8,255,233.85992417641475,21.14007582358525
49.0,0,79,32.63257417537823,46.36742582462177
209.0,27,345,363.13913274087633,18.139132740876335
77.0,13,130,140.90314051923204,10.90314051923204
161.0,15,270,240.21864764614202,29.781352353857983
70.0,22,107,188.4930219287275,81.4930219287275
29.0,16,55,109.40003052097805,54.40003052097805
14.0,0,30,-3.670144066585344,33.670144066585344
109.0,15,195,186.2831805437961,8.716819456203893
16.0,4,35,22.78226366820732,12.217736331792679
503.0,9,530,558.381115857594,28.381115857593954
447.0,6,385,482.01329165115624,97.01329165115624
49.0,7,80,75.29401588706904,4.705984112930963
1419.0,35,1755,1666.9318967764066,88.06810322359343
59.0,0,103,43.004779387367826,59.995220612632174
15.0,8,30,46.12300983940311,16.12300983940311
326.0,28,420,490.58842539425325,70.58842539425325
2564.0,35,2740,2854.549393549215,114.54939354921498
10.0,0,21,-7.819026151381182,28.81902615138118
28.0,7,43,53.5123849418909,10.5123849418909
39.0,0,60,22.260368963388636,37.739631036611364
1358.0,35,2020,1603.66144498327,416.33855501672997
71.0,22,120,189.53024244992645,69.53024244992645
215.0,4,305,229.18914738680024,75.81085261319976
930.0,14,935,1031.7467367750432,96.74673677504325
68.0,7,180,95.00120578984928,84.99879421015072
155.0,21,360,270.5622745575404,89.43772544245962
583.0,57,1000,933.8943578622477,66.10564213775228
13.0,2,20,7.48161875841307,12.51838124158693
545.0,17,605,650.7003111327398,45.700311132739785
99.0,6,140,121.06055027391832,18.939449726081676
89.0,9,235,128.9718200812248,106.02817991877521
112.0,13,145,177.2058587611956,32.2058587611956
49.0,5,85,63.10503254087166,21.89496745912834
86.0,26,150,229.46651696030563,79.46651696030563
67.0,10,70,112.24746028794638,42.24746028794638
132.0,14,220,204.0447608582735,15.955239141726508
10.0,0,20,-7.819026151381182,27.81902615138118
534.0,13,750,614.9129187071565,135.08708129284355
46.0,5,50,59.99337097727479,9.993370977274793
168.0,20,230,277.9516496600281,47.951649660028124
95.0,15,195,171.76209324701068,23.237906752989318
771.0,23,998,921.6790989622967,76.32090103770327
81.0,8,150,114.57956423853443,35.42043576146557
987.0,36,1390,1224.9471232915548,165.05287670844518
183.0,23,265,311.7934324973086,46.79343249730857
10.0,0,20,-7.819026151381182,27.81902615138118
184.0,8,265,221.41327792202725,43.58672207797275
2779.0,39,3145,3101.929772299386,43.07022770061394
22.0,10,55,65.57253683399321,10.572536833993212
46.0,6,61,66.08786265037348,5.087862650373481
535.0,58,930,890.2022645177964,39.79773548220362
53.0,22,88,170.86027306834518,82.86027306834518
61.0,14,78,130.40210385314737,52.402103853147366
85.0,12,130,143.10641301572502,13.106413015725025
127.0,29,245,290.27603334875903,45.27603334875903
105.0,12,115,163.85082343970421,48.850823439704214
555.0,1,515,563.5606495751504,48.560649575150364
123.0,0,152,109.38689274410123,42.61310725589877
29.0,16,55,109.40003052097805,54.40003052097805
77.0,11,125,128.71415717303466,3.714157173034664
1558.0,75,2110,2054.8852161470095,55.11478385299051
967.0,42,1360,1240.769662906168,119.23033709383208
46.0,7,51,72.18235432347217,21.18235432347217
155.0,21,360,270.5622745575404,89.43772544245962
1786.0,15,2100,1925.7019945944508,174.29800540554925
96.0,26,140,239.8387221722952,99.8387221722952
38.0,0,63,21.223148442189682,41.77685155781032
13.0,2,20,7.48161875841307,12.51838124158693
76.0,12,105,133.7714283249344,28.77142832493439
61.0,21,99,173.0635455648382,74.0635455648382
2556.0,46,2885,2913.2910377837093,28.29103778370927
67.0,10,71,112.24746028794638,41.24746028794638
48.0,20,77,153.48518711615304,76.48518711615304
93.0,11,150,145.309685512218,4.69031448778199
138.0,22,250,259.02401737025673,9.024017370256729
96.0,25,140,233.7442304991965,93.7442304991965
61.0,20,102,166.9690538917395,64.96905389173949
73.0,25,120,209.88815851162042,89.88815851162042
208.0,7,435,240.21207875770358,194.78792124229642
113.0,14,175,184.33757095549328,9.337570955493277
29.0,0,55,11.888163751399045,43.11183624860095
24.0,9,85,61.55248620329243,23.447513796707568
143.0,19,220,245.9266449569555,25.9266449569555
90.0,14,150,160.4814989679172,10.48149896791719
67.0,11,135,118.34195196104508,16.658048038954917
29.0,0,55,11.888163751399045,43.11183624860095
76.0,22,108,194.71634505592127,86.71634505592127
78.0,10,120,123.65688602113494,3.6568860211349374
757.0,7,820,809.6461448959323,10.353855104067748
27.0,4,50,34.19168940139588,15.808310598604123
217.0,25,305,359.24791356427056,54.24791356427056
549.0,8,600,599.9987681596474,0.0012318403526023758
48.0,18,80,141.29620376995564,61.29620376995564
522.0,7,700,565.8993224141768,134.10067758582318
29.0,16,55,109.40003052097805,54.40003052097805
1913.0,52,2035,2282.9251926913703,247.92519269137028
536.0,9,675,592.6093930571597,82.39060694284035
40.0,13,65,102.52598123487053,37.52598123487053
81.0,4,110,90.20159754613968,19.79840245386032
63.0,6,150,83.72061151075579,66.27938848924421
25.0,7,40,50.40072337829402,10.400723378294018
46.0,6,59,66.08786265037348,7.087862650373481
49.0,0,80,32.63257417537823,47.36742582462177
225.0,37,445,440.6795778110465,4.320422188953501
6.0,1,20,-5.873416563078331,25.87341656307833
77.0,10,120,122.61966549993599,2.6196654999359907
6.0,2,12,0.22107511002035807,11.778924889979642
108.0,2,178,106.01756827231421,71.98243172768579
33.0,15,55,107.45442093267519,52.45442093267519
1807.0,13,1750,1935.2946421934316,185.29464219343163
14.0,1,45,2.4243476065133436,42.575652393486656
597.0,9,695,655.8798448502961,39.12015514970392
853.0,13,935,945.7862649696245,10.78626496962454
260.0,5,280,281.9585625138521,1.9585625138520868
30.0,12,80,86.05928434978226,6.05928434978226
40.0,0,66,23.297589484587597,42.7024105154124
490.0,12,505,563.1807241013036,58.180724101303554
82.0,7,150,109.5222930866347,40.477706913365296
104.0,15,270,181.09707793780132,88.90292206219868
13.0,0,35,-4.707364587784303,39.707364587784305
39.0,15,60,113.67774405986896,53.67774405986896
1287.0,13,1225,1395.939971169973,170.93997116997298
29.0,16,55,109.40003052097805,54.40003052097805
356.0,47,605,637.5003828190971,32.500382819097126
149.0,22,230,270.43344310344526,40.433443103445256
750.0,16,975,857.2360263054277,117.76397369457231
29.0,5,65,42.360622116892486,22.639377883107514
164.0,25,370,304.2752259407257,65.7247740592743
24.0,9,50,61.55248620329243,11.552486203292432
188.0,33,375,377.92445183429027,2.9244518342902666
42.0,6,90,61.93898056557765,28.06101943442235
18.0,0,28,0.47873801821049256,27.521261981789507
188.0,16,260,274.3180933916126,14.318093391612592
259.0,44,525,518.606517243502,6.393482756497974
58.0,9,90,96.81798392405705,6.817983924057046
41.0,9,80,79.18523506367475,0.8147649363252469
28.0,0,72,10.850943230200087,61.14905676979991
406.0,9,440,457.7707253012949,17.770725301294874
564.0,12,740,639.9350426700265,100.06495732997348
651.0,20,700,778.9291613991255,78.92916139912552
18.0,4,75,24.856704710605243,50.14329528939476
28.0,0,48,10.850943230200087,37.14905676979991
108.0,2,180,106.01756827231421,73.98243172768579
53.0,22,87,170.86027306834518,83.86027306834518
159.0,8,180,195.48276489205327,15.482764892053268
812.0,16,1125,921.5436986197632,203.45630138023682
1600.0,21,1700,1769.3459276900367,69.34592769003666
47.0,14,90,115.88101655636194,25.881016556361942
60.0,11,105,111.08140831265234,6.081408312652343
493.0,6,470,529.7254356263084,59.725435626308354
1476.0,58,1870,1866.2267749660173,3.773225033982726
49.0,0,78,32.63257417537823,45.36742582462177
214.0,31,425,392.7032020392659,32.296797960734125
5.0,0,25,-13.005128757375978,38.00512875737598
96.0,21,128,209.36626380680178,81.36626380680178
36.0,0,60,19.14870739979176,40.85129260020824
90.0,2,125,87.34759889073294,37.65240110926706
275.0,14,370,352.36729538972463,17.63270461027537
14.0,1,45,2.4243476065133436,42.575652393486656
360.0,2,300,367.39713961445193,67.39713961445193
45.0,5,290,58.95615045607583,231.04384954392418
89.0,18,135,183.82224513911297,48.822245139112965
49.0,0,77,32.63257417537823,44.36742582462177
2853.0,41,2985,3190.8730742143066,205.8730742143066
29.0,0,55,11.888163751399045,43.11183624860095
23.0,11,45,72.70424902829086,27.70424902829086
366.0,40,585,605.2111463193959,20.21114631939588
37.0,20,83,142.07576138296446,59.07576138296446
14.0,3,19,14.613330952710719,4.386669047289281
29.0,16,55,109.40003052097805,54.40003052097805
30.0,1,45,19.019875945696697,25.980124054303303
32.0,3,50,33.28330033429199,16.716699665708013
30.0,8,85,61.68131765738751,23.31868234261249
122.0,13,170,187.5780639731852,17.57806397318521
1895.0,30,2290,2130.1764065016177,159.82359349838225
1053.0,24,1215,1220.269777613502,5.269777613501901
105.0,15,140,182.13429845900026,42.13429845900026
351.0,16,460,443.38503834704295,16.61496165295705
47.0,14,90,115.88101655636194,25.881016556361942
44.0,15,68,118.86384666586375,50.86384666586375
73.0,25,120,209.88815851162042,89.88815851162042
25.0,12,48,80.87318174378746,32.873181743787455
32.0,3,37,33.28330033429199,3.7166996657080134
89.0,13,280,153.34978677361954,126.65021322638046
42.0,5,70,55.84448889247895,14.15551110752105
105.0,17,175,194.32328180519767,19.323281805197666
81.0,17,185,169.4299892964226,15.570010703577395
37.0,5,105,50.65838628648416,54.34161371351584
29.0,0,55,11.888163751399045,43.11183624860095
59.0,10,125,103.9496961183547,21.050303881645306
50.0,8,100,82.42572808136669,17.574271918633315
1601.0,55,2235,1977.5958650965913,257.4041349034087
243.0,48,710,526.3889555967133,183.61104440328666
11.0,0,28,-6.781805630182223,34.78180563018222
37.0,20,80,142.07576138296446,62.07576138296446
1231.0,70,1670,1685.2416473494563,15.241647349456343
712.0,10,735,781.2546964612751,46.2546964612751
92.0,12,215,150.36695666411774,64.63304333588226
1298.0,25,1610,1480.4832969803456,129.51670301965441
29.0,0,55,11.888163751399045,43.11183624860095
36.0,0,60,19.14870739979176,40.85129260020824
430.0,24,695,574.0813929065503,120.91860709344974
2121.0,23,2780,2321.926802580892,458.07319741910806
276.0,10,340,329.0265492185289,10.973450781471115
1907.0,54,2200,2288.890852910374,88.89085291037418
1123.0,19,1155,1262.4027557319355,107.40275573193549
39.0,15,60,113.67774405986896,53.67774405986896
77.0,25,170,214.03704059641626,44.03704059641626
14.0,1,45,2.4243476065133436,42.575652393486656
233.0,32,495,418.50488361514476,76.49511638485524
25.0,11,45,74.77869007068877,29.778690070688768
692.0,22,845,833.6441861144802,11.355813885519751
36.0,8,90,67.90464078458126,22.09535921541874
49.0,0,77,32.63257417537823,44.36742582462177
40.0,6,85,59.86453952317973,25.13546047682027
44.0,15,69,118.86384666586375,49.86384666586375
120.0,16,160,203.78709795008336,43.787097950083364
2433.0,41,2935,2755.2404553107435,179.75954468925647
26.0,12,70,81.91040226498642,11.910402264986416
65.0,9,95,104.07852757244977,9.078527572449772
139.0,17,230,229.58877952596225,0.41122047403774786
44.0,4,60,51.824438261778184,8.175561738221816
24.0,8,42,55.45799453019376,13.457994530193758
150.0,19,300,253.18718860534818,46.81281139465182
33.0,15,60,107.45442093267519,47.45442093267519
214.0,31,395,392.7032020392659,2.296797960734125
1726.0,29,1975,1948.791646745895,26.208353254105077
618.0,13,840,702.0394424878691,137.9605575121309
291.0,29,465,460.38019882538833,4.619801174611666
905.0,10,1005,981.4382570526743,23.561742947325683
20.0,0,32,2.553179060608411,29.44682093939159
790.0,19,875,917.0083221726821,42.00832217268214
28.0,0,47,10.850943230200087,36.14905676979991
41.0,7,80,66.99625171747738,13.003748282522622
61.0,10,105,106.02413716075262,1.0241371607526162
106.0,18,155,201.4549939994953,46.45499399949529
105.0,18,195,200.41777347829634,5.41777347829634
27.0,2,35,22.0027060551985,12.997293944801498
639.0,27,815,809.1439568564289,5.856043143571128
67.0,8,95,100.058476941749,5.0584769417490065
639.0,26,835,803.0494651833301,31.950534816669915
334.0,8,510,376.99635610187113,133.00364389812887
10.0,0,20,-7.819026151381182,27.81902615138118
614.0,9,735,673.5125937106784,61.4874062893216
49.0,0,77,32.63257417537823,44.36742582462177
87.0,26,157,230.50373748150457,73.50373748150457
115.0,31,172,290.0183704405689,118.0183704405689
45.0,14,77,113.80657551396402,36.80657551396402
194.0,26,355,341.48633324979323,13.513666750206767
115.0,15,130,192.50650367098984,62.506503670989844
76.0,22,110,194.71634505592127,84.71634505592127
68.0,12,125,125.4736641553427,0.47366415534270345
46.0,17,75,133.12727105445904,58.127271054459044
233.0,37,360,448.9773419806382,88.97734198063819
138.0,15,260,216.3625756585659,43.6374243414341
254.0,24,500,391.5305811755334,108.46941882446657
314.0,4,315,331.8739789854972,16.873978985497217
49.0,0,77,32.63257417537823,44.36742582462177
11.0,1,25,-0.6873139570835356,25.687313957083536
1019.0,22,1100,1172.8152965465397,72.81529654653968
123.0,0,152,109.38689274410123,42.61310725589877
473.0,18,680,582.1149252795134,97.88507472048661
489.0,22,735,623.0884203110915,111.91157968890855
104.0,10,140,150.6246195723079,10.624619572307893
20.0,0,32,2.553179060608411,29.44682093939159
139.0,21,285,253.966746218357,31.033253781642998
72.0,12,110,129.62254624013855,19.622546240138547
1501.0,7,1195,1581.338212667958,386.33821266795803
29.0,16,55,109.40003052097805,54.40003052097805
59.0,20,98,164.89461284934157,66.89461284934157
139.0,16,230,223.49428785286358,6.505712147136421
18.0,0,28,0.47873801821049256,27.521261981789507
177.0,21,310,293.3811260239175,16.61887397608251
1171.0,31,1400,1385.32324082667,14.676759173330083
323.0,16,395,414.3428637534721,19.342863753472102
58.0,6,125,78.534508904761,46.465491095239
15.0,8,28,46.12300983940311,18.12300983940311
1548.0,24,1905,1733.693935606987,171.306064393013
79.0,21,115,191.73351494641946,76.73351494641946
49.0,6,58,69.19952421397036,11.199524213970363
479.0,15,575,570.054773387411,4.945226612588954
33.0,15,60,107.45442093267519,47.45442093267519
115.0,31,153,290.0183704405689,137.0183704405689
63.0,7,75,89.81510318385448,14.815103183854475
39.0,15,63,113.67774405986896,50.67774405986896
94.0,9,135,134.15792268721958,0.8420773127804182
176.0,3,180,182.64305538694214,2.6430553869421374
91.0,11,180,143.2352444698201,36.76475553017991
28.0,0,47,10.850943230200087,36.14905676979991
46.0,7,52,72.18235432347217,20.18235432347217
8.0,0,15,-9.8934671937791,24.893467193779102
1810.0,40,1880,2102.957578930693,222.95757893069322
185.0,2,190,185.88354840463407,4.11645159536593
37.0,20,80,142.07576138296446,62.07576138296446
6.0,0,13,-11.967908236177019,24.967908236177017
626.0,19,860,746.9041566960528,113.09584330394716
99.0,18,165,194.19445035110257,29.194450351102574
164.0,20,350,273.80276757523234,76.19723242476766
391.0,22,465,521.4408092335934,56.44080923359343
63.0,15,85,138.571036568644,53.57103656864399
1963.0,15,1860,2109.290026846667,249.29002684666693
1854.0,27,2280,2069.3668901131646,210.63310988683543
157.0,20,315,266.5422239268396,48.4577760731604
526.0,76,960,990.5681299427821,30.568129942782093
251.0,42,420,498.1197697277129,78.11976972771288
29.0,0,55,11.888163751399045,43.11183624860095
15.0,7,28,40.02851816630443,12.02851816630443
246.0,13,305,316.19340860185616,11.193408601856163
14.0,1,19,2.4243476065133436,16.575652393486656
2258.0,49,2680,2622.482797485715,57.517202514285145
1467.0,25,1745,1655.7735650629697,89.22643493703026
14.0,3,21,14.613330952710719,6.386669047289281
71.0,23,108,195.62473412302518,87.62473412302518
1963.0,18,2160,2127.573501865963,32.42649813403705
29.0,16,55,109.40003052097805,54.40003052097805
21.0,4,55,27.968366274202126,27.031633725797874
72.0,15,135,147.90602125943462,12.906021259434624
29.0,0,55,11.888163751399045,43.11183624860095
14.0,1,19,2.4243476065133436,16.575652393486656
41.0,4,60,48.7127766981813,11.287223301818699
224.0,9,290,268.9965904430843,21.0034095569157
674.0,15,815,772.3127750212082,42.687224978791846
91.0,15,160,167.61321116221484,7.613211162214839
176.0,3,220,182.64305538694214,37.35694461305786
66.0,8,110,99.02125642055005,10.978743579449954
534.0,11,550,602.723935360959,52.72393536095899
39.0,15,60,113.67774405986896,53.67774405986896
54.0,13,145,117.04706853165595,27.952931468344048
63.0,3,90,65.43713649145973,24.562863508540275
60.0,18,88,153.74285002434317,65.74285002434317
18.0,0,28,0.47873801821049256,27.521261981789507
553.0,15,710,646.8090919561341,63.190908043865875
58.0,7,145,84.62900057785967,60.37099942214033
735.0,9,905,799.0162767757525,105.98372322424746
124.0,16,250,207.93598003487918,42.06401996512082
113.0,24,171,245.28248768648012,74.28248768648012
40.0,13,65,102.52598123487053,37.52598123487053
6.0,0,12,-11.967908236177019,23.967908236177017
38.0,0,64,21.223148442189682,42.77685155781032
571.0,4,595,598.4396529336299,3.4396529336298727
82.0,14,150,152.18373479832553,2.1837347983255313
21.0,4,55,27.968366274202126,27.031633725797874
94.0,16,270,176.8193643989104,93.18063560108959
45.0,4,60,52.861658782977145,7.138341217022855
112.0,13,140,177.2058587611956,37.2058587611956
543.0,62,815,922.8779953797828,107.87799537978276
59.0,0,100,43.004779387367826,56.995220612632174
415.0,10,565,473.2002016651842,91.79979833481582
61.0,19,98,160.87456221864082,62.87456221864082
39.0,15,60,113.67774405986896,53.67774405986896
879.0,18,1060,1003.2264568862909,56.77354311370914
545.0,6,590,583.6609027286543,6.339097271345736
105.0,12,120,163.85082343970421,43.850823439704214
29.0,16,55,109.40003052097805,54.40003052097805
73.0,18,148,167.22671679992965,19.226716799929648
372.0,30,555,550.4895527156027,4.510447284397287
94.0,27,122,243.858772802996,121.85877280299599
47.0,14,90,115.88101655636194,25.881016556361942
205.0,16,480,291.9508422519949,188.0491577480051
32.0,6,45,51.56677535358804,6.566775353588042
504.0,5,390,535.0403696863982,145.0403696863982
429.0,60,930,792.445872616904,137.554127383096
265.0,3,245,274.95568177364953,29.95568177364953
1770.0,15,1895,1909.1064662552676,14.106466255267605
227.0,13,430,296.48621869907595,133.51378130092405
1009.0,72,1450,1467.167674989485,17.167674989485022
26.0,7,40,51.43794389949298,11.437943899492979
24.0,9,47,61.55248620329243,14.552486203292432
41.0,5,80,54.80726837128,25.192731628719997
28.0,0,48,10.850943230200087,37.14905676979991
45.0,4,55,52.861658782977145,2.1383412170228553
63.0,15,85,138.571036568644,53.57103656864399
63.0,15,105,138.571036568644,33.57103656864399
607.0,23,760,751.5749334856674,8.42506651433257
53.0,22,89,170.86027306834518,81.86027306834518
230.0,32,450,415.39322205154787,34.606777948452134
28.0,0,49,10.850943230200087,38.14905676979991
301.0,12,350,367.14604559470024,17.14604559470024
207.0,12,235,269.64731660199806,34.64731660199806
10.0,0,21,-7.819026151381182,28.81902615138118
9.0,1,17,-2.761754999481454,19.761754999481454
80.0,10,175,125.73132706353283,49.26867293646717
2597.0,46,3065,2955.817079152867,109.18292084713312
1247.0,19,1350,1391.0181003606067,41.018100360606695
14.0,1,45,2.4243476065133436,42.575652393486656
639.0,13,855,723.8210734330472,131.17892656695278
238.0,25,365,381.0295445094487,16.029544509448726
32.0,11,60,82.0392337190815,22.039233719081494
53.0,22,87,170.86027306834518,83.86027306834518
8.0,2,19,2.295516152418273,16.704483847581727
55.0,6,85,75.42284734116411,9.577152658835885
59.0,22,97,177.08359619553895,80.08359619553895
44.0,15,68,118.86384666586375,50.86384666586375
47.0,15,75,121.97550822946062,46.975508229460615
207.0,29,475,373.25367504467573,101.74632495532427
68.0,3,95,70.62323909745453,24.37676090254547
295.0,37,470,513.2850142949736,43.28501429497362
80.0,11,115,131.82581873663153,16.825818736631533
40.0,12,62,96.43148956177185,34.431489561771855
1244.0,20,1340,1394.0009304701084,54.000930470108415
46.0,5,51,59.99337097727479,8.993370977274793
300.0,15,355,384.39230009279737,29.39230009279737
106.0,32,140,286.77787742287694,146.77787742287694
1766.0,16,1895,1911.0520758435705,16.052075843570492
34.0,0,53,17.074266357393846,35.925733642606154
1515.0,32,1775,1748.2215917922108,26.778408207789198
58.0,11,93,109.00696727025442,16.00696727025442
139.0,22,320,260.0612378914557,59.938762108544324
16.0,6,32,34.971247014404696,2.971247014404696
1266.0,10,1305,1355.8748652054987,50.874865205498736
492.0,9,455,546.9716901244054,91.97169012440543
33.0,15,56,107.45442093267519,51.45442093267519
183.0,18,385,281.32097413181515,103.67902586818485
471.0,19,590,586.1349759102142,3.865024089785834
1552.0,15,2010,1682.9923926338943,327.00760736610573
60.0,8,85,92.7979332933563,7.797933293356294
94.0,27,127,243.858772802996,116.85877280299599
23.0,0,39,5.66484062420529,33.33515937579471
82.0,14,130,152.18373479832553,22.18373479832553
513.0,8,560,562.6588293964849,2.6588293964848617
53.0,11,125,103.82086466425963,21.17913533574037
67.0,24,121,197.570343711328,76.57034371132801
1148.0,26,1500,1330.9947104736007,169.00528952639934
14.0,1,19,2.4243476065133436,16.575652393486656
386.0,12,455,455.3097898966118,0.3097898966117896
797.0,17,990,912.0798824748775,77.92011752512246
33.0,15,57,107.45442093267519,50.45442093267519
119.0,33,157,306.35623587156203,149.35623587156203
10.0,0,21,-7.819026151381182,28.81902615138118
175.0,24,360,309.5901600008156,50.409839999184385
904.0,9,870,974.3065448583767,104.3065448583767
654.0,9,710,715.0014145586368,5.001414558636839
1567.0,9,1615,1661.983750413287,46.983750413287
1405.0,23,1615,1579.276909402437,35.72309059756299
21.0,5,45,34.06285794730081,10.937142052699187
31.0,0,60,13.962604793796963,46.03739520620304
768.0,14,915,863.7170123408117,51.28298765918828
87.0,10,430,132.99187071192557,297.00812928807443
622.0,75,1040,1084.0468083047836,44.04680830478355
26.0,7,35,51.43794389949298,16.43794389949298
28.0,0,46,10.850943230200087,35.14905676979991
111.0,17,275,200.5466049323914,74.4533950676086
10.0,0,21,-7.819026151381182,28.81902615138118
1281.0,10,1335,1371.433173023483,36.43317302348305
88.0,16,135,170.59604127171664,35.59604127171664
130.0,15,235,208.06481148897427,26.93518851102573
18.0,0,29,0.47873801821049256,28.521261981789507
20.0,0,32,2.553179060608411,29.44682093939159
45.0,6,85,65.05064212917452,19.94935787082548
40.0,13,65,102.52598123487053,37.52598123487053
33.0,15,56,107.45442093267519,51.45442093267519
95.0,1,155,86.43920982362906,68.56079017637094
44.0,15,69,118.86384666586375,49.86384666586375
499.0,13,550,578.610200465193,28.610200465192975
207.0,35,435,409.8206250832679,25.179374916732115
24.0,9,48,61.55248620329243,13.552486203292432
102.0,11,160,154.64467020300864,5.355329796991356
32.0,6,46,51.56677535358804,5.566775353588042
29.0,0,55,11.888163751399045,43.11183624860095
6.0,0,13,-11.967908236177019,24.967908236177017
38.0,3,55,39.506623461485745,15.493376538514255
1373.0,2,955,1418.1015275889977,463.10152758899767
47.0,6,75,67.12508317157244,7.874916828427558
381.0,12,575,450.123687290617,124.876312709383
81.0,3,155,84.107105873041,70.892894126959
2651.0,26,2920,2889.9371538356368,30.062846164363236
14.0,0,30,-3.670144066585344,33.670144066585344
37.0,13,62,99.41431967127366,37.41431967127366
28.0,0,46,10.850943230200087,35.14905676979991
215.0,26,315,363.26796419497134,48.26796419497134
1447.0,61,2005,1854.4308548705435,150.5691451294565
151.0,12,160,211.56296741485633,51.56296741485633
33.0,15,58,107.45442093267519,49.45442093267519
24.0,2,70,18.891044491601626,51.108955508398374
6.0,1,20,-5.873416563078331,25.87341656307833
323.0,44,750,584.9886306002353,165.0113693997647
25.0,9,49,62.58970672449139,13.589706724491393
104.0,26,150,248.1364863418869,98.1364863418869
2643.0,50,2905,3027.9071898204134,122.90718982041335
29.0,11,53,78.92757215548461,25.92757215548461
2513.0,38,2745,2819.934621987364,74.93462198736415
10.0,0,20,-7.819026151381182,27.81902615138118
179.0,14,260,252.7941253546246,7.205874645375388
291.0,34,425,490.8526571908818,65.85265719088181
463.0,17,650,565.6482283944251,84.35177160557487
116.0,10,185,163.07126582669537,21.928734173304633
193.0,10,305,242.93724595901529,62.062754040984714
59.0,0,115,43.004779387367826,71.99522061263218
34.0,12,53,90.20816643457809,37.20816643457809
2120.0,23,2730,2320.889582059693,409.1104179403069
2427.0,28,2730,2669.788740433267,60.21125956673313
87.0,11,125,139.08636238502424,14.086362385024245
71.0,23,110,195.62473412302518,85.62473412302518
228.0,8,295,267.05098085478147,27.94901914521853
14.0,0,30,-3.670144066585344,33.670144066585344
59.0,1,100,49.09927106046652,50.90072893953348
18.0,0,28,0.47873801821049256,27.521261981789507
63.0,0,75,47.15366147216366,27.846338527836338
127.0,23,235,253.70908331016687,18.709083310166875
29.0,0,55,11.888163751399045,43.11183624860095
46.0,17,80,133.12727105445904,53.127271054459044
273.0,9,295,319.8203959818333,24.820395981833315
49.0,0,78,32.63257417537823,45.36742582462177
29.0,0,55,11.888163751399045,43.11183624860095
1843.0,27,1975,2057.957464379976,82.95746437997605
137.0,20,215,245.79781350286044,30.797813502860436
30.0,9,48,67.7758093304862,19.775809330486197
38.0,0,63,21.223148442189682,41.77685155781032
2289.0,22,2220,2490.0853584692186,270.0853584692186
87.0,11,210,139.08636238502424,70.91363761497576
12.0,1,105,0.3499065641154253,104.65009343588457
24.0,9,47,61.55248620329243,14.552486203292432
38.0,0,64,21.223148442189682,42.77685155781032
1918.0,36,2065,2190.599428527786,125.59942852778613
23.0,11,45,72.70424902829086,27.70424902829086
113.0,24,161,245.28248768648012,84.28248768648012
25.0,1,45,13.833773339701892,31.166226660298108
39.0,15,62,113.67774405986896,51.67774405986896
438.0,17,475,539.7177153644511,64.71771536445112
55.0,6,85,75.42284734116411,9.577152658835885
28.0,3,50,29.13441824949615,20.86558175050385
1596.0,16,1815,1734.7245872397475,80.2754127602525
1515.0,24,1615,1699.4656584074214,84.46565840742142
38.0,0,63,21.223148442189682,41.77685155781032
238.0,30,360,411.50200287494215,51.50200287494215
233.0,18,400,333.1820001917631,66.81799980823689
751.0,14,925,846.0842634804294,78.9157365195706
185.0,3,190,191.97804007773277,1.9780400777327714
125.0,14,180,196.78421720988078,16.78421720988078
169.0,16,245,254.61090348883238,9.610903488832378
102.0,26,141,246.06204529948894,105.06204529948894
322.0,10,325,376.738693193681,51.738693193681
77.0,11,150,128.71415717303466,21.285842826965336
48.0,20,82,153.48518711615304,71.48518711615304
158.0,20,275,267.57944444803854,7.420555551961456
41.0,7,75,66.99625171747738,8.003748282522622
6.0,5,50,18.50455012931642,31.49544987068358
1652.0,4,1335,1719.675036349705,384.6750363497049
65.0,9,105,104.07852757244977,0.9214724275502277
29.0,16,55,109.40003052097805,54.40003052097805
70.0,15,135,145.83158021703667,10.831580217036674
234.0,14,345,309.84125402056736,35.15874597943264
45.0,2,70,40.67267543677977,29.32732456322023
137.0,16,155,221.41984681046566,66.41984681046566
20.0,0,32,2.553179060608411,29.44682093939159
19.0,10,37,62.46087527039633,25.46087527039633
77.0,13,130,140.90314051923204,10.90314051923204
42.0,10,45,86.3169472579724,41.3169472579724
63.0,15,85,138.571036568644,53.57103656864399
10.0,0,15,-7.819026151381182,22.81902615138118
47.0,15,85,121.97550822946062,36.975508229460615
139.0,18,245,235.68327119906095,9.316728800939046
10.0,0,20,-7.819026151381182,27.81902615138118
32.0,5,35,45.47228368048936,10.472283680489362
211.0,26,320,359.11908211017555,39.119082110175555
300.0,15,360,384.39230009279737,24.39230009279737
51.0,8,120,83.46294860256566,36.53705139743434
216.0,19,395,321.6437430044795,73.35625699552048
73.0,25,120,209.88815851162042,89.88815851162042
87.0,17,195,175.65331242361637,19.34668757638363
41.0,5,55,54.80726837128,0.19273162871999716
20.0,7,40,45.21462077229923,5.214620772299227
859.0,22,1245,1006.8600131547065,238.1399868452935
22.0,10,50,65.57253683399321,15.572536833993212
69.0,12,105,126.51088467654165,21.51088467654165
6.0,1,20,-5.873416563078331,25.87341656307833
44.0,4,50,51.824438261778184,1.8244382617781838
505.0,35,795,718.9123404005578,76.08765959944219
18.0,0,28,0.47873801821049256,27.521261981789507
821.0,18,965,943.0676666567512,21.932333343248843
1685.0,14,1810,1814.8482302802572,4.848230280257212
49.0,0,77,32.63257417537823,44.36742582462177
1399.0,59,2005,1792.4552865067958,212.5447134932042
128.0,34,188,321.7857122354514,133.7857122354514
29.0,16,55,109.40003052097805,54.40003052097805
30.0,9,51,67.7758093304862,16.775809330486197
34.0,11,55,84.11367476147942,29.113674761479416
40.0,9,80,78.14801454247578,1.851985457524222
445.0,8,650,492.12783395495563,157.87216604504437
768.0,7,830,821.0555706291209,8.944429370879107
39.0,15,63,113.67774405986896,50.67774405986896
1153.0,22,1615,1311.8028463872006,303.1971536127994
167.0,25,350,307.3868875043226,42.6131124956774
298.0,34,505,498.11320083927444,6.886799160725559
6.0,0,15,-11.967908236177019,26.967908236177017
830.0,20,950,964.5916346937391,14.591634693739138
29.0,16,55,109.40003052097805,54.40003052097805
1664.0,33,1685,1908.8619411239542,223.86194112395424
191.0,4,197,204.2958548780252,7.29585487802521
59.0,22,100,177.08359619553895,77.08359619553895
160.0,21,370,275.74837716353517,94.25162283646483
33.0,15,58,107.45442093267519,49.45442093267519
60.0,11,110,111.08140831265234,1.0814083126523428
1906.0,24,2195,2105.0188821962142,89.98111780378576
143.0,42,195,386.09995343822527,191.09995343822527
1487.0,14,1510,1609.4785670828633,99.47856708286326
653.0,81,1425,1152.7675945005435,272.2324054994565
54.0,5,80,68.29113514686647,11.708864853133534
71.0,22,110,189.53024244992645,79.53024244992645
171.0,24,335,305.44127791601977,29.55872208398023
2694.0,12,9120,2849.2147528238097,6270.785247176191
33.0,6,90,52.60399587478702,37.39600412521298
335.0,29,585,506.01790175814256,78.98209824185744
47.0,1,115,36.652624806079004,78.347375193921
1396.0,20,1550,1551.6584496923501,1.658449692350132
117.0,18,245,212.86441973268384,32.13558026731616
18.0,0,28,0.47873801821049256,27.521261981789507
59.0,1,110,49.09927106046652,60.90072893953348
44.0,15,68,118.86384666586375,50.86384666586375
490.0,7,380,532.7082657358101,152.70826573581007
177.0,27,410,329.9480760625096,80.05192393749041
29.0,16,55,109.40003052097805,54.40003052097805
10.0,0,20,-7.819026151381182,27.81902615138118
10.0,0,20,-7.819026151381182,27.81902615138118
10.0,0,21,-7.819026151381182,28.81902615138118
547.0,6,595,585.7353437710522,9.264656228947842
184.0,7,240,215.31878624892857,24.681213751071425
136.0,7,149,165.5322012313785,16.532201231378508
112.0,3,165,116.26094203020875,48.73905796979125
36.0,8,110,67.90464078458126,42.09535921541874
20.0,0,32,2.553179060608411,29.44682093939159
62.0,6,90,82.68339098955683,7.316609010443173
107.0,6,155,129.35831444350998,25.641685556490017
259.0,11,270,317.4882920312453,47.488292031245294
349.0,36,530,563.2004307666188,33.20043076661875
47.0,14,85,115.88101655636194,30.881016556361942
78.0,11,135,129.7513776942336,5.248622305766389
39.0,15,59,113.67774405986896,54.67774405986896
29.0,16,55,109.40003052097805,54.40003052097805
99.0,20,165,206.38343369729995,41.38343369729995
38.0,0,64,21.223148442189682,42.77685155781032
88.0,12,140,146.2180745793219,6.218074579321893
117.0,15,170,194.5809447133878,24.580944713387794
53.0,7,63,79.44289797186488,16.44289797186488
150.0,26,255,295.848630317039,40.84863031703901
1972.0,25,1830,2179.5699282684445,349.5699282684445
96.0,27,137,245.93321384539388,108.93321384539388
10.0,0,20,-7.819026151381182,27.81902615138118
44.0,11,75,94.485879973469,19.485879973468997
30.0,9,48,67.7758093304862,19.775809330486197
35.0,19,100,133.90682866746786,33.90682866746786
59.0,1,107,49.09927106046652,57.90072893953348
106.0,30,142,274.58889407667954,132.58889407667954
48.0,20,79,153.48518711615304,74.48518711615304
44.0,4,55,51.824438261778184,3.175561738221816
480.0,18,600,589.3754689279061,10.624531072093873
327.0,38,590,552.570562646439,37.42943735356096
110.0,10,155,156.84794269950163,1.8479426995016297
314.0,12,380,380.6299123702867,0.6299123702867178
1517.0,7,1160,1597.9337410071412,437.9337410071412
10.0,0,20,-7.819026151381182,27.81902615138118
10.0,0,20,-7.819026151381182,27.81902615138118
811.0,16,1020,920.5064780985642,99.49352190143577
53.0,15,80,128.19883135665438,48.19883135665438
6.0,0,12,-11.967908236177019,23.967908236177017
262.0,17,510,357.16690363343423,152.83309636656577
59.0,10,105,103.9496961183547,1.0503038816453056
194.0,7,190,225.69099146091816,35.690991460918156
918.0,26,1000,1092.43399059784,92.43399059783997
82.0,16,155,164.37271814452288,9.372718144522878
28.0,7,43,53.5123849418909,10.5123849418909
44.0,8,85,76.20240495417293,8.797595045827066
105.0,14,225,176.0398067859016,48.96019321409841
38.0,0,63,21.223148442189682,41.77685155781032
33.0,15,55,107.45442093267519,52.45442093267519
8.0,2,20,2.295516152418273,17.704483847581727
78.0,7,155,105.37341100183886,49.62658899816114
722.0,34,1215,937.8947018276332,277.1052981723668
1663.0,34,1695,1913.919212275854,218.91921227585408
93.0,10,120,139.2151938391193,19.21519383911931
710.0,13,765,797.4637304381733,32.46373043817334
2066.0,12,1905,2197.8402655108634,292.84026551086345
517.0,16,665,615.5636448660703,49.43635513392974
33.0,15,58,107.45442093267519,49.45442093267519
141.0,17,200,231.6632205683602,31.663220568360202
10.0,0,21,-7.819026151381182,28.81902615138118
31.0,0,60,13.962604793796963,46.03739520620304
47.0,6,80,67.12508317157244,12.874916828427558
46.0,17,85,133.12727105445904,48.127271054459044
41.0,4,65,48.7127766981813,16.2872233018187
576.0,28,760,749.8935556939931,10.106444306006892
681.0,28,1125,858.8017104198838,266.19828958011624
264.0,29,490,432.37524475301643,57.62475524698357
63.0,6,76,83.72061151075579,7.720611510755788
29.0,16,55,109.40003052097805,54.40003052097805
47.0,14,95,115.88101655636194,20.881016556361942
51.0,11,100,101.74642362186171,1.7464236218617089
28.0,7,45,53.5123849418909,8.5123849418909
125.0,12,335,184.5952338636834,150.4047661363166
84.0,32,161,263.95902595649983,102.95902595649983
21.0,6,60,40.1573496203995,19.8426503796005
220.0,33,315,411.11550851265696,96.11550851265696
199.0,33,360,389.3338775674788,29.333877567478794
1716.0,29,2145,1938.4194415339057,206.58055846609432
774.0,2,720,796.8064353908211,76.8064353908211
1697.0,21,1840,1869.9563182463357,29.95631824633574
14.0,1,45,2.4243476065133436,42.575652393486656
129.0,13,285,194.83860762157792,90.16139237842208
59.0,22,95,177.08359619553895,82.08359619553895
29.0,0,55,11.888163751399045,43.11183624860095
500.0,11,805,567.4584376401945,237.54156235980554
62.0,11,110,113.15584935505026,3.1558493550502646
39.0,15,65,113.67774405986896,48.67774405986896
88.0,12,160,146.2180745793219,13.781925420678107
223.0,27,425,377.6602200376617,47.3397799623383
81.0,4,115,90.20159754613968,24.79840245386032
1526.0,18,1645,1674.3081341020174,29.308134102017448
106.0,32,145,286.77787742287694,141.77787742287694
1953.0,28,2360,2178.14621338496,181.85378661504
14.0,3,22,14.613330952710719,7.386669047289281
491.0,10,550,552.0289612763052,2.0289612763051537
106.0,32,140,286.77787742287694,146.77787742287694
117.0,16,180,200.67543638648647,20.675436386486467
1352.0,3,1165,1402.4143883169181,237.41438831691812
37.0,8,100,68.94186130578022,31.058138694219778
283.0,6,330,311.9091261745268,18.09087382547318
154.0,26,195,299.99751240183485,104.99751240183485
120.0,10,205,167.2201479114912,37.77985208850879
59.0,0,102,43.004779387367826,58.995220612632174
67.0,10,71,112.24746028794638,41.24746028794638
18.0,0,28,0.47873801821049256,27.521261981789507
851.0,18,975,974.18428229272,0.8157177072799868
309.0,19,490,418.10525147598275,71.89474852401725
210.0,28,400,370.27084493517395,29.729155064826045
64.0,16,120,145.7027487629416,25.70274876294161
479.0,81,895,972.2912238119244,77.2912238119244
141.0,23,280,268.23017060695236,11.769829393047644
29.0,16,55,109.40003052097805,54.40003052097805
30.0,9,50,67.7758093304862,17.775809330486197
487.0,30,760,669.7699126534831,90.23008734651694
102.0,21,140,215.58958693399552,75.58958693399552
46.0,16,75,127.03277938136034,52.03277938136034
33.0,15,56,107.45442093267519,51.45442093267519
46.0,7,50,72.18235432347217,22.18235432347217
290.0,41,645,532.4768783813737,112.5231216186263
164.0,24,335,298.18073426762703,36.81926573237297
30.0,1,50,19.019875945696697,30.980124054303303
722.0,9,795,785.532410000166,9.46758999983399
630.0,48,865,927.7932973007106,62.793297300710606
77.0,27,137,226.22602394261366,89.22602394261366
71.0,23,120,195.62473412302518,75.62473412302518
82.0,16,190,164.37271814452288,25.627281855477122
1897.0,20,1925,2071.305930813029,146.30593081302914
48.0,20,79,153.48518711615304,74.48518711615304
160.0,26,295,306.2208355290286,11.22083552902859
384.0,43,525,642.1645907202732,117.16459072027317
52.0,17,80,139.3505941816528,59.35059418165281
10.0,0,21,-7.819026151381182,28.81902615138118
197.0,19,280,301.9365531016993,21.936553101699303
121.0,14,190,192.63533512508494,2.6353351250849357
81.0,4,115,90.20159754613968,24.79840245386032
881.0,13,960,974.8284395631954,14.828439563195388
42.0,5,75,55.84448889247895,19.15551110752105
58.0,9,95,96.81798392405705,1.817983924057046
27.0,6,60,46.38067274759325,13.619327252406748
39.0,15,65,113.67774405986896,48.67774405986896
25.0,12,51,80.87318174378746,29.873181743787455
46.0,7,50,72.18235432347217,22.18235432347217
53.0,22,88,170.86027306834518,82.86027306834518
25.0,7,42,50.40072337829402,8.400723378294018
659.0,14,870,750.659975530125,119.34002446987495
44.0,15,72,118.86384666586375,46.86384666586375
347.0,27,600,506.2755646663327,93.72443533366732
6.0,1,15,-5.873416563078331,20.87341656307833
49.0,0,77,32.63257417537823,44.36742582462177
333.0,9,365,382.05362725377086,17.053627253770856
20.0,9,45,57.4036041184966,12.403604118496602
1153.0,9,1255,1232.5744546369178,22.425545363082165
46.0,5,50,59.99337097727479,9.993370977274793
1732.0,21,2035,1906.259036488299,128.740963511701
699.0,21,930,834.8102380897743,95.18976191022568
53.0,4,80,61.15942295256882,18.840577047431182
45.0,6,85,65.05064212917452,19.94935787082548
63.0,0,60,47.15366147216366,12.846338527836338
32.0,6,45,51.56677535358804,6.566775353588042
623.0,15,680,719.4145284400612,39.41452844006119
275.0,14,380,352.36729538972463,27.63270461027537
2243.0,19,2465,2424.0897394747703,40.91026052522966
434.0,8,465,480.7184082217671,15.718408221767106
84.0,14,145,154.25817584072342,9.258175840723425
565.0,29,805,744.5786216339033,60.42137836609675
279.0,27,495,435.74456922480346,59.255430775196544
219.0,20,335,330.8498962411751,4.150103758824912
2151.0,27,2370,2377.4213849092557,7.421384909255721
49.0,0,77,32.63257417537823,44.36742582462177
768.0,7,810,821.0555706291209,11.055570629120893
1677.0,44,2000,1989.3852163036263,10.614783696373706
31.0,12,59,87.09650487098122,28.09650487098122
797.0,15,830,899.8908991286802,69.89089912868019
155.0,26,220,301.0347329230338,81.0347329230338
28.0,3,45,29.13441824949615,15.86558175050385
54.0,11,68,104.85808518545859,36.85808518545859
1909.0,104,2735,2595.6898776077064,139.31012239229358
61.0,20,110,166.9690538917395,56.96905389173949
122.0,16,165,205.86153899248126,40.86153899248126
682.0,24,780,835.460964248688,55.460964248688015
189.0,20,300,299.7332806052063,0.26671939479371076
85.0,15,155,161.3898880350211,6.389888035021102
455.0,12,460,526.87800585934,66.87800585933996
2220.0,33,2675,2485.556550910576,189.44344908942412
128.0,19,160,230.36833713897107,70.36833713897107
14.0,1,20,2.4243476065133436,17.575652393486656
29.0,16,55,109.40003052097805,54.40003052097805
57.0,19,88,156.72568013384497,68.72568013384497
160.0,13,250,226.99244377874567,23.007556221254333
242.0,22,360,366.89495157494855,6.89495157494855
91.0,15,180,167.61321116221484,12.386788837785161
82.0,19,135,182.65619316381895,47.656193163818955
610.0,62,1330,992.3717703001131,337.6282296998869
34.0,10,50,78.01918308838071,28.019183088380714
61.0,4,95,69.45718712216049,25.54281287783951
440.0,19,680,553.9811397530464,126.01886024695364
49.0,0,77,32.63257417537823,44.36742582462177
20.0,5,50,33.02563742610185,16.974362573898148
422.0,5,465,449.9882869480835,15.011713051916502
823.0,9,1020,890.291682641261,129.708317358739
60.0,27,133,208.59327508223137,75.59327508223137
33.0,4,41,40.415012528589635,0.5849874714103649
148.0,6,190,171.88435581266734,18.115644187332663
63.0,13,145,126.38205322244659,18.617946777553414
46.0,6,58,66.08786265037348,8.08786265037348
38.0,5,75,51.69560680768312,23.30439319231688
27.0,4,70,34.19168940139588,35.80831059860412
379.0,12,480,448.04924624821905,31.95075375178095
14.0,1,45,2.4243476065133436,42.575652393486656
100.0,11,225,152.57022916061072,72.42977083938928
14.0,1,45,2.4243476065133436,42.575652393486656
21.0,1,45,9.68489125490606,35.31510874509394
188.0,9,200,231.65665167992177,31.656651679921765
1222.0,19,1210,1365.0875873306327,155.0875873306327
1845.0,37,2320,2120.976822153361,199.0231778466391
39.0,13,62,101.48876071367158,39.48876071367158
106.0,15,230,183.1715189801992,46.82848101980079
341.0,38,600,567.0916499432245,32.908350056775475
760.0,4,770,794.4743314402332,24.474331440233186
28.0,7,42,53.5123849418909,11.5123849418909
817.0,21,1095,957.2022595912515,137.7977404087485
455.0,12,475,526.87800585934,51.878005859339964
1636.0,26,1805,1837.1583248186926,32.15832481869256
89.0,14,155,159.44427844671822,4.444278446718215
63.0,0,75,47.15366147216366,27.846338527836338
42.0,5,90,55.84448889247895,34.15551110752105
15.0,8,30,46.12300983940311,16.12300983940311
49.0,23,99,172.80588265664807,73.80588265664807
38.0,5,60,51.69560680768312,8.30439319231688
655.0,16,800,758.7000767915266,41.29992320847339
25.0,3,45,26.022756685899267,18.977243314100733
10.0,0,22,-7.819026151381182,29.81902615138118
59.0,9,110,97.85520444525602,12.144795554743979
77.0,8,185,110.43068215373859,74.56931784626141
88.0,12,150,146.2180745793219,3.7819254206781068
59.0,0,100,43.004779387367826,56.995220612632174
25.0,11,45,74.77869007068877,29.778690070688768
72.0,2,113,68.67762950915167,44.32237049084833
131.0,22,180,251.763473721864,71.76347372186399
201.0,22,320,324.36891020579117,4.368910205791167
3032.0,21,3075,3254.6457140469465,179.64571404694652
334.0,40,505,572.0200896410291,67.02008964102913
260.0,6,282,288.0530541869508,6.053054186950817
2043.0,19,2070,2216.6456352349787,146.64563523497873
144.0,29,185,307.9087822091413,122.9087822091413
518.0,88,960,1055.404265850375,95.40426585037494
33.0,15,56,107.45442093267519,51.45442093267519
1675.0,27,2070,1883.7044168185507,186.29558318144927
40.0,13,63,102.52598123487053,39.52598123487053
1757.0,17,1835,1907.8115828258783,72.8115828258783
48.0,20,77,153.48518711615304,76.48518711615304
56.0,7,75,82.55455953546176,7.554559535461763
163.0,16,245,248.38758036163858,3.387580361638584
263.0,8,410,303.35369909674506,106.64630090325494
85.0,14,140,155.2953963619224,15.2953963619224
63.0,0,80,47.15366147216366,32.84633852783634
408.0,42,825,660.9633915559496,164.03660844405044
64.0,12,150,121.32478207054686,28.67521792945314
1193.0,34,1515,1426.425567312343,88.57443268765701
163.0,30,330,333.71046378502024,3.710463785020238
34.0,0,53,17.074266357393846,35.925733642606154
2412.0,14,2450,2568.9075491919007,118.90754919190067
269.0,21,358,388.8054139742217,30.80541397422172
550.0,11,580,619.3194637001424,39.319463700142364
57.0,18,95,150.63118846074627,55.63118846074627
21.0,4,55,27.968366274202126,27.031633725797874
1092.0,44,1515,1382.6112114022353,132.3887885977647
23.0,11,47,72.70424902829086,25.70424902829086
56.0,8,110,88.64905120856045,21.35094879143955
214.0,21,257,331.75828530827897,74.75828530827897
32.0,5,35,45.47228368048936,10.472283680489362
50.0,13,135,112.89818644686014,22.101813553139863
125.0,14,180,196.78421720988078,16.78421720988078
35.0,9,70,72.96191193648099,2.9619119364809876
28.0,0,47,10.850943230200087,36.14905676979991
197.0,19,305,301.9365531016993,3.063446898300697
2552.0,46,2860,2909.142155698913,49.14215569891303
1418.0,21,1790,1580.5717928318259,209.42820716817414
614.0,9,775,673.5125937106784,101.4874062893216
2029.0,89,2615,2628.7389650551013,13.73896505510129
46.0,17,75,133.12727105445904,58.127271054459044
2510.0,53,2735,2908.2403355202478,173.24033552024775
54.0,4,75,62.19664347376778,12.803356526232221
82.0,9,105,121.71127643283208,16.71127643283208
95.0,11,140,147.38412655461593,7.384126554615932
1749.0,16,2135,1893.419326983188,241.58067301681194
39.0,0,70,22.260368963388636,47.739631036611364
326.0,39,700,557.6278337983389,142.37216620166112
24.0,3,40,24.985536164700314,15.014463835299686
43.0,11,50,93.44865945227005,43.44865945227005
49.0,7,90,75.29401588706904,14.705984112930963
59.0,0,112,43.004779387367826,68.99522061263218
1385.0,12,1685,1491.4930905743722,193.50690942562778
122.0,17,185,211.95603066557996,26.95603066557996
2076.0,19,1970,2250.8739124345443,280.8739124345443
284.0,39,365,514.0645719079824,149.06457190798244
20.0,5,45,33.02563742610185,11.974362573898148
62.0,13,145,125.34483270124764,19.65516729875236
569.0,5,510,602.4597035643305,92.45970356433054
61.0,19,100,160.87456221864082,60.87456221864082
86.0,9,135,125.86015851762792,9.139841482372077
46.0,7,80,72.18235432347217,7.817645676527832
53.0,22,87,170.86027306834518,83.86027306834518
239.0,16,395,327.2163399727595,67.7836600272405
44.0,15,69,118.86384666586375,49.86384666586375
29.0,16,55,109.40003052097805,54.40003052097805
259.0,11,380,317.4882920312453,62.511707968754706
114.0,13,190,179.28029980359355,10.71970019640645
773.0,26,1025,942.0370150239906,82.96298497600935
2460.0,22,3025,2667.4500675942404,357.5499324057596
39.0,15,60,113.67774405986896,53.67774405986896
39.0,15,65,113.67774405986896,48.67774405986896
54.0,10,70,98.7635935123599,28.763593512359904
1373.0,21,1745,1533.896869377873,211.10313062212708
77.0,15,155,153.09212386542941,1.9078761345705857
6.0,2,12,0.22107511002035807,11.778924889979642
53.0,7,140,79.44289797186488,60.55710202813512
422.0,58,735,772.9963456223139,37.996345622313925
627.0,13,795,711.3744271786597,83.62557282134026
32.0,3,37,33.28330033429199,3.7166996657080134
39.0,15,59,113.67774405986896,54.67774405986896
10.0,0,21,-7.819026151381182,28.81902615138118
46.0,5,52,59.99337097727479,7.993370977274793
145.0,24,305,278.4735443648468,26.526455635153184
203.0,7,315,235.0259761517088,79.97402384829121
29.0,16,55,109.40003052097805,54.40003052097805
24.0,1,50,12.796552818502938,37.20344718149706
128.0,34,195,321.7857122354514,126.7857122354514
17.0,0,30,-0.5584825029884648,30.558482502988465
56.0,6,80,76.46006786236308,3.5399321376369244
402.0,15,590,490.18879325509124,99.81120674490876
11.0,0,25,-6.781805630182223,31.781805630182223
1363.0,25,1635,1547.902630858278,87.09736914172208
158.0,18,230,255.3904611018412,25.390461101841197
1777.0,15,2195,1916.3670099036603,278.63299009633965
266.0,41,445,507.5835858725985,62.58358587259852
39.0,13,60,101.48876071367158,41.48876071367158
476.0,47,700,761.9668453629722,61.96684536297221
45.0,4,55,52.861658782977145,2.1383412170228553
59.0,0,105,43.004779387367826,61.995220612632174
82.0,14,130,152.18373479832553,22.18373479832553
48.0,8,60,80.35128703896878,20.351287038968778
1178.0,19,1245,1319.4498843978786,74.44988439787858
5.0,1,15,-6.91063708427729,21.91063708427729
14.0,1,45,2.4243476065133436,42.575652393486656
48.0,18,85,141.29620376995564,56.29620376995564
327.0,41,570,570.8540376657351,0.8540376657350635
901.0,12,920,989.4783583140758,69.47835831407576
993.0,32,1360,1206.792479726354,153.20752027364597
72.0,22,105,190.56746297112542,85.56746297112542
601.0,54,890,934.280852224533,44.280852224532964
39.0,15,60,113.67774405986896,53.67774405986896
72.0,9,115,111.33907122084247,3.66092877915753
26.0,3,31,27.05997720709823,3.9400227929017717
47.0,15,76,121.97550822946062,45.975508229460615
106.0,32,152,286.77787742287694,134.77787742287694
45.0,4,65,52.861658782977145,12.138341217022855
42.0,5,70,55.84448889247895,14.15551110752105
51.0,5,80,65.17947358326958,14.820526416730416
32.0,7,42,57.661267026686744,15.661267026686744
29.0,0,55,11.888163751399045,43.11183624860095
2494.0,28,2660,2739.2825153535973,79.28251535359732
110.0,14,130,181.22590939189638,51.22590939189638
60.0,4,165,68.41996660096154,96.58003339903846
987.0,4,760,1029.9233897523968,269.9233897523968
698.0,18,960,815.4895425492792,144.51045745072076
864.0,10,925,938.9122156835169,13.912215683516933
155.0,26,265,301.0347329230338,36.0347329230338
2056.0,35,2090,2327.6413687801437,237.6413687801437
357.0,9,425,406.94691976254586,18.05308023745414
10.0,0,20,-7.819026151381182,27.81902615138118
125.0,19,185,227.25667557537423,42.25667557537423
49.0,0,77,32.63257417537823,44.36742582462177
344.0,17,375,442.21898637174894,67.21898637174894
24.0,9,45,61.55248620329243,16.552486203292432
79.0,22,113,197.82800661951813,84.82800661951813
1364.0,17,1500,1500.1839179946874,0.1839179946873628
46.0,7,52,72.18235432347217,20.18235432347217
11.0,0,25,-6.781805630182223,31.781805630182223
108.0,4,160,118.20655161851158,41.79344838148842
30.0,6,70,49.492334311190135,20.507665688809865
31.0,12,70,87.09650487098122,17.09650487098122
2004.0,32,2350,2255.422426658502,94.57757334149801
119.0,15,190,196.6553857557857,6.655385755785687
34.0,0,53,17.074266357393846,35.925733642606154
325.0,32,600,513.929171565449,86.070828434551
46.0,7,50,72.18235432347217,22.18235432347217
59.0,9,115,97.85520444525602,17.14479555474398
49.0,5,65,63.10503254087166,1.8949674591283383
457.0,13,485,535.0469385748366,50.046938574836645
89.0,18,145,183.82224513911297,38.822245139112965
77.0,13,120,140.90314051923204,20.90314051923204
43.0,11,50,93.44865945227005,43.44865945227005
80.0,11,140,131.82581873663153,8.174181263368467
67.0,8,71,100.058476941749,29.058476941749007
1209.0,21,1320,1363.7927039012434,43.792703901243385
324.0,0,290,317.86821750509205,27.868217505092048
30.0,9,55,67.7758093304862,12.775809330486197
1300.0,7,1320,1372.8568879069671,52.85688790696713
247.0,39,410,475.687412623621,65.68741262362101
434.0,38,650,663.5531584147277,13.553158414727704
117.0,16,200,200.67543638648647,0.6754363864864672
829.0,7,800,884.3260224222573,84.32602242225732
158.0,20,260,267.57944444803854,7.579444448038544
49.0,0,77,32.63257417537823,44.36742582462177
1435.0,6,1360,1506.7871665957277,146.78716659572774
39.0,15,58,113.67774405986896,55.67774405986896
2098.0,62,2250,2535.7559058441648,285.7559058441648
17.0,1,50,5.536009170110223,44.46399082988978
45.0,4,60,52.861658782977145,7.138341217022855
769.0,81,1210,1273.0851749596227,63.08517495962269
23.0,11,45,72.70424902829086,27.70424902829086
118.0,15,175,195.61816523458674,20.61816523458674
33.0,15,56,107.45442093267519,51.45442093267519
1979.0,95,2690,2613.4448890337453,76.55511096625469
57.0,3,95,59.213813364265974,35.786186635734026
22.0,0,50,4.627620103006329,45.37237989699367
59.0,1,115,49.09927106046652,65.90072893953348
205.0,14,435,279.7618589057975,155.2381410942025
190.0,5,205,209.35312602992497,4.353126029924965
405.0,15,430,493.3004548186881,63.30045481868808
137.0,19,190,239.7033218297617,49.703321829761705
849.0,17,970,966.0153495772234,3.9846504227765536
79.0,22,113,197.82800661951813,84.82800661951813
320.0,53,595,636.7273940945266,41.72739409452663
37.0,20,85,142.07576138296446,57.07576138296446
6.0,0,13,-11.967908236177019,24.967908236177017
70.0,7,100,97.07564683224719,2.9243531677528125
18.0,0,28,0.47873801821049256,27.521261981789507
114.0,11,170,167.09131645739615,2.9086835426038533
137.0,17,170,227.51433848356436,57.51433848356436
2436.0,36,2640,2727.879658508847,87.87965850884711
159.0,17,315,250.33318994994147,64.66681005005853
40.0,13,63,102.52598123487053,39.52598123487053
427.0,34,655,631.9146480739403,23.08535192605973
100.0,10,145,146.47573748751205,1.475737487512049
201.0,8,290,239.04602678240957,50.95397321759043
106.0,1,115,97.8486355568176,17.151364443182402
215.0,21,430,332.7955058294779,97.20449417052208
51.0,24,116,180.97481537214466,64.97481537214466
2870.0,36,3725,3178.033364709195,546.9666352908048
20.0,0,32,2.553179060608411,29.44682093939159
33.0,15,57,107.45442093267519,50.45442093267519
1634.0,28,2025,1847.2728671224922,177.72713287750776
29.0,16,55,109.40003052097805,54.40003052097805
19.0,7,32,44.177400251100266,12.177400251100266
14.0,3,21,14.613330952710719,6.386669047289281
191.0,10,250,240.86280491661734,9.137195083382665
1014.0,17,1155,1137.1567355750517,17.843264424948302
20.0,0,32,2.553179060608411,29.44682093939159
177.0,28,375,336.04256773560826,38.95743226439174
490.0,9,420,544.8972490820075,124.89724908200753
49.0,0,78,32.63257417537823,45.36742582462177
41.0,7,80,66.99625171747738,13.003748282522622
59.0,22,100,177.08359619553895,77.08359619553895
169.0,21,380,285.0833618543258,94.9166381456742
10.0,0,20,-7.819026151381182,27.81902615138118
384.0,43,520,642.1645907202732,122.16459072027317
903.0,12,878,991.5527993564739,113.55279935647388
38.0,5,60,51.69560680768312,8.30439319231688
577.0,1,540,586.3795010415274,46.37950104152742
44.0,5,49,57.91892993487687,8.918929934876871
430.0,14,470,513.1364761755634,43.136476175563416
24.0,9,80,61.55248620329243,18.447513796707568
203.0,26,375,350.82131794058387,24.178682059416133
10.0,0,20,-7.819026151381182,27.81902615138118
204.0,12,325,266.53565503840116,58.46434496159884
94.0,26,134,237.76428112989728,103.76428112989728
59.0,0,110,43.004779387367826,66.99522061263218
29.0,16,55,109.40003052097805,54.40003052097805
59.0,1,108,49.09927106046652,58.90072893953348
10.0,2,15,4.369957194816195,10.630042805183805
48.0,20,79,153.48518711615304,74.48518711615304
1029.0,22,1320,1183.1875017585294,136.81249824147062
189.0,25,245,330.2057389706997,85.20573897069971
32.0,7,46,57.661267026686744,11.661267026686744
554.0,5,535,586.9013957463462,51.901395746346225
98.0,14,175,168.77926313750885,6.220736862491151
265.0,31,455,445.6014486204128,9.398551379587218
49.0,0,77,32.63257417537823,44.36742582462177
119.0,15,200,196.6553857557857,3.3446142442143127
14.0,1,45,2.4243476065133436,42.575652393486656
71.0,23,107,195.62473412302518,88.62473412302518
29.0,0,55,11.888163751399045,43.11183624860095
59.0,0,105,43.004779387367826,61.995220612632174
59.0,1,105,49.09927106046652,55.90072893953348
29.0,16,55,109.40003052097805,54.40003052097805
453.0,8,615,500.42559812454726,114.57440187545274
86.0,27,140,235.5610086334043,95.5610086334043
38.0,0,64,21.223148442189682,42.77685155781032
40.0,12,62,96.43148956177185,34.431489561771855
1355.0,7,1025,1429.9040165729098,404.90401657290977
2785.0,35,3095,3083.7751287341853,11.224871265814727
10.0,0,21,-7.819026151381182,28.81902615138118
1376.0,6,950,1445.5911558449893,495.5911558449893
84.0,12,130,142.06919249452608,12.069192494526078
119.0,33,157,306.35623587156203,149.35623587156203
53.0,6,150,73.34840629876619,76.65159370123381
156.0,20,270,265.50500340564065,4.49499659435935
119.0,16,230,202.7498774288844,27.25012257111561
15.0,8,30,46.12300983940311,16.12300983940311
33.0,15,59,107.45442093267519,48.45442093267519
2782.0,40,3015,3111.1359255360817,96.13592553608169
1743.0,21,2080,1917.668462221488,162.33153777851203
1027.0,23,1275,1187.2075523892304,87.79244761076961
66.0,10,95,111.2102397667474,16.210239766747407
24.0,1,35,12.796552818502938,22.20344718149706
19.0,7,35,44.177400251100266,9.177400251100266
28.0,0,47,10.850943230200087,36.14905676979991
82.0,20,140,188.75068483691763,48.75068483691763
47.0,14,90,115.88101655636194,25.881016556361942
89.0,10,110,135.06631175432346,25.066311754323465
114.0,9,190,154.9023331111988,35.0976668888012
328.0,5,325,352.4895579553813,27.489557955381315
65.0,13,160,128.45649426484454,31.543505735155463
193.0,10,355,242.93724595901529,112.06275404098471
63.0,15,80,138.571036568644,58.57103656864399
130.0,15,195,208.06481148897427,13.064811488974271
141.0,17,225,231.6632205683602,6.663220568360202
2.0,0,7,-16.116790320972857,23.116790320972857
87.0,0,150,72.04695398093868,77.95304601906132
181.0,24,355,315.81348312800935,39.18651687199065
134.0,12,265,193.93021855447404,71.06978144552596
1581.0,11,1690,1688.6938210562698,1.306178943730174
730.0,8,785,787.735682496659,2.735682496659024
6.0,0,26,-11.967908236177019,37.96790823617702
1396.0,30,1715,1612.6033664233373,102.39663357666268
1656.0,16,1575,1796.9578185116848,221.95781851168476
22.0,5,33,35.10007846849977,2.100078468499767
26.0,7,35,51.43794389949298,16.43794389949298
33.0,15,58,107.45442093267519,49.45442093267519
53.0,5,80,67.2539146256675,12.746085374332495
1049.0,26,1180,1228.3098788749035,48.30987887490346
63.0,7,78,89.81510318385448,11.815103183854475
10.0,0,20,-7.819026151381182,27.81902615138118
741.0,14,905,835.7120582684397,69.2879417315603
1883.0,22,2275,2068.973826862441,206.026173137559
10.0,0,20,-7.819026151381182,27.81902615138118
204.0,15,355,284.81913005769724,70.18086994230276
131.0,27,330,282.23593208735747,47.76406791264253
87.0,15,195,163.464329077419,31.535670922581005
33.0,11,62,83.07645424028044,21.07645424028044
14.0,1,45,2.4243476065133436,42.575652393486656
87.0,32,165,267.07068752009667,102.07068752009667
6.0,2,12,0.22107511002035807,11.778924889979642
53.0,4,95,61.15942295256882,33.84057704743118
59.0,22,120,177.08359619553895,57.083596195538945
28.0,0,47,10.850943230200087,36.14905676979991
48.0,20,80,153.48518711615304,73.48518711615304
52.0,19,85,151.53957752785018,66.53957752785018
54.0,6,95,74.38562681996515,20.614373180034846
72.0,2,125,68.67762950915167,56.32237049084833
49.0,10,145,93.57749090636511,51.422509093634886
31.0,2,40,26.151588139994338,13.848411860005662
25.0,7,40,50.40072337829402,10.400723378294018
1362.0,15,1595,1485.9204936060924,109.07950639390765
1818.0,31,2080,2056.4049180423967,23.59508195760327
8.0,0,15,-9.8934671937791,24.893467193779102
38.0,0,63,21.223148442189682,41.77685155781032
240.0,2,210,242.93067707057685,32.93067707057685
134.0,15,180,212.21369357377012,32.213693573770115
882.0,14,845,981.960151757493,136.960151757493
2095.0,21,2055,2282.7700856835218,227.77008568352176
67.0,10,70,112.24746028794638,42.24746028794638
51.0,13,140,113.93540696805908,26.064593031940916
787.0,10,855,859.0462355511971,4.046235551197128
311.0,14,340,389.70723415288717,49.70723415288717
314.0,4,320,331.8739789854972,11.873978985497217
49.0,0,77,32.63257417537823,44.36742582462177
59.0,13,86,122.23317113765077,36.23317113765077
2560.0,30,2675,2819.928053098926,144.92805309892583
205.0,9,300,249.2894005403041,50.71059945969591
134.0,15,190,212.21369357377012,22.213693573770115
74.0,13,114,137.79147895563517,23.79147895563517
53.0,22,88,170.86027306834518,82.86027306834518
78.0,16,180,160.22383605972703,19.776163940272966
100.0,11,225,152.57022916061072,72.42977083938928
81.0,6,105,102.39058089233706,2.6094191076629443
35.0,2,60,30.300470224790175,29.699529775209825
94.0,27,125,243.858772802996,118.85877280299599
209.0,27,305,363.13913274087633,58.139132740876335
38.0,0,64,21.223148442189682,42.77685155781032
350.0,11,365,411.8753594603506,46.87535946035058
36.0,1,60,25.243199072890448,34.75680092710955
32.0,7,44,57.661267026686744,13.661267026686744
193.0,24,310,328.2601293823969,18.260129382396883
2120.0,26,2455,2339.173057078989,115.82694292101087
106.0,32,145,286.77787742287694,141.77787742287694
855.0,17,1035,972.2386727044171,62.76132729558287
25.0,11,45,74.77869007068877,29.778690070688768
649.0,13,720,734.1932786450368,14.193278645036798
53.0,22,88,170.86027306834518,82.86027306834518
26.0,7,35,51.43794389949298,16.43794389949298
70.0,14,140,139.737088543938,0.2629114560619996
244.0,18,405,344.5914259249517,60.40857407504831
823.0,9,1065,890.291682641261,174.708317358739
206.0,24,330,341.74399615798336,11.74399615798336
93.0,10,100,139.2151938391193,39.21519383911931
6.0,2,13,0.22107511002035807,12.778924889979642
25.0,5,45,38.21174003209664,6.7882599679033575
71.0,14,180,140.77430906513695,39.22569093486305
6.0,1,27,-5.873416563078331,32.87341656307833
29.0,16,55,109.40003052097805,54.40003052097805
2086.0,45,2365,2419.7029011470995,54.70290114709951
23.0,11,50,72.70424902829086,22.70424902829086
32.0,4,60,39.377792007390674,20.622207992609326
128.0,17,165,218.17935379277372,53.179353792773725
169.0,18,260,266.7998868350297,6.799886835029724
14.0,1,45,2.4243476065133436,42.575652393486656
6.0,0,25,-11.967908236177019,36.96790823617702
29.0,16,55,109.40003052097805,54.40003052097805
725.0,18,780,843.4944966216511,63.49449662165114
73.0,11,110,124.56527508823882,14.56527508823882
1732.0,33,1965,1979.3929365654835,14.392936565483524
53.0,7,60,79.44289797186488,19.44289797186488
123.0,0,159,109.38689274410123,49.61310725589877
1478.0,15,1715,1606.2380740651715,108.76192593482847
778.0,18,780,898.467184245196,118.467184245196
217.0,5,220,237.35808010229687,17.358080102296867
40.0,13,63,102.52598123487053,39.52598123487053
381.0,42,940,632.9584374835777,307.04156251642235
188.0,17,255,280.41258506471127,25.412585064711266
1161.0,1,1530,1192.1162854217196,337.88371457828043
20.0,0,32,2.553179060608411,29.44682093939159
28.0,7,43,53.5123849418909,10.5123849418909
167.0,25,338,307.3868875043226,30.6131124956774
150.0,12,195,210.52574689365738,15.525746893657384
1959.0,33,2080,2214.8419948776477,134.84199487764772
18.0,0,28,0.47873801821049256,27.521261981789507
169.0,20,235,278.98887018122707,43.98887018122707
1449.0,6,1065,1521.3082538925132,456.3082538925132
88.0,15,130,164.50154959861794,34.50154959861794
141.0,8,220,176.812795510472,43.187204489528
28.0,7,43,53.5123849418909,10.5123849418909
39.0,13,62,101.48876071367158,39.48876071367158
2011.0,30,2205,2250.4939869606974,45.493986960697384
2010.0,30,2200,2249.456766439498,49.4567664394981
39.0,15,65,113.67774405986896,48.67774405986896
129.0,19,255,231.40555766017002,23.594442339829982
66.0,8,105,99.02125642055005,5.978743579449954
77.0,22,125,195.75356557712024,70.75356557712024
64.0,2,90,60.37986533956,29.62013466044
89.0,5,135,104.59385338883004,30.40614661116996
60.0,18,94,153.74285002434317,59.74285002434317
1600.0,72,2215,2080.16500301807,134.8349969819301
53.0,9,95,91.63188131806226,3.3681186819377444
59.0,22,100,177.08359619553895,77.08359619553895
25.0,7,45,50.40072337829402,5.400723378294018
1559.0,76,2095,2062.016928341307,32.98307165869301
375.0,9,410,425.61688914412713,15.616889144127128
61.0,21,105,173.0635455648382,68.0635455648382
20.0,0,34,2.553179060608411,31.44682093939159
34.0,0,53,17.074266357393846,35.925733642606154
32.0,3,35,33.28330033429199,1.7166996657080134
12.0,1,120,0.3499065641154253,119.65009343588457
33.0,15,56,107.45442093267519,51.45442093267519
1409.0,15,1385,1534.6698581024434,149.6698581024434
59.0,22,98,177.08359619553895,79.08359619553895
504.0,13,500,583.7963030711877,83.79630307118771
62.0,13,135,125.34483270124764,9.65516729875236
48.0,20,79,153.48518711615304,74.48518711615304
45.0,15,77,119.90106718706272,42.90106718706272
1664.0,13,1570,1786.9721076619808,216.97210766198077
108.0,6,225,130.39553496470896,94.60446503529104
63.0,15,85,138.571036568644,53.57103656864399
59.0,9,105,97.85520444525602,7.144795554743979
1882.0,17,2225,2037.4641479757488,187.5358520242512
109.0,6,220,131.43275548590793,88.56724451409207
419.0,43,765,678.4673089622368,86.53269103776324
33.0,15,59,107.45442093267519,48.45442093267519
10.0,0,20,-7.819026151381182,27.81902615138118
23.0,11,47,72.70424902829086,25.70424902829086
723.0,14,1000,817.0420888868584,182.95791111314156
793.0,24,985,950.5924421017725,34.40755789822754
962.0,34,1135,1186.8276269153835,51.82762691538346
561.0,5,500,594.1619393947389,94.16193939473885
28.0,7,44,53.5123849418909,9.5123849418909
10.0,0,20,-7.819026151381182,27.81902615138118
102.0,14,175,172.9281452223047,2.0718547776953073
29.0,0,55,11.888163751399045,43.11183624860095
46.0,5,50,59.99337097727479,9.993370977274793
1340.0,26,1570,1530.1410505438007,39.8589494561993
1483.0,8,1215,1568.7627349594754,353.76273495947544
321.0,18,365,424.45740605727156,59.457406057271555
14.0,1,19,2.4243476065133436,16.575652393486656
118.0,20,245,226.09062360008016,18.909376399919836
79.0,22,113,197.82800661951813,84.82800661951813
28.0,0,50,10.850943230200087,39.14905676979991
55.0,19,90,154.65123909144705,64.65123909144705
14.0,1,45,2.4243476065133436,42.575652393486656
1021.0,17,1360,1144.4172792234444,215.58272077655556
14.0,1,45,2.4243476065133436,42.575652393486656
708.0,10,670,777.1058143764793,107.10581437647932
29.0,3,35,30.17163877069511,4.828361229304889
47.0,14,90,115.88101655636194,25.881016556361942
30.0,9,55,67.7758093304862,12.775809330486197
4256.0,56,4965,4737.510840552926,227.4891594470737
63.0,6,150,83.72061151075579,66.27938848924421
1847.0,12,2010,1970.6889713682913,39.31102863170872
429.0,10,435,487.72128896196966,52.72128896196966
153.0,25,210,292.8658002075372,82.86580020753718
102.0,32,157,282.6289953380811,125.6289953380811
32.0,5,35,45.47228368048936,10.472283680489362
10.0,2,15,4.369957194816195,10.630042805183805
108.0,16,295,191.34045169569583,103.65954830430417
70.0,22,107,188.4930219287275,81.4930219287275
33.0,15,56,107.45442093267519,51.45442093267519
149.0,26,245,294.81140979584006,49.81140979584006
9.0,0,15,-8.856246672580141,23.85624667258014
92.0,13,300,156.46144833721644,143.53855166278356
232.0,32,370,417.4676630939458,47.467663093945816
220.0,17,295,313.60364174307796,18.603641743077958
348.0,37,635,568.2577019185185,66.74229808148152
1564.0,29,2010,1780.7619223116635,229.2380776883365
60.0,11,110,111.08140831265234,1.0814083126523428
403.0,28,820,570.4544055265732,249.54559447342683
18.0,0,28,0.47873801821049256,27.521261981789507
33.0,15,58,107.45442093267519,49.45442093267519
919.0,26,970,1093.4712111190388,123.4712111190388
136.0,20,275,244.7605929816615,30.23940701833851
2413.0,14,2500,2569.9447697130995,69.9447697130995
2103.0,44,2755,2431.241158334383,323.7588416656172
29.0,16,55,109.40003052097805,54.40003052097805
1400.0,64,1865,1823.9649653934885,41.035034606511545
59.0,0,105,43.004779387367826,61.995220612632174
46.0,7,52,72.18235432347217,20.18235432347217
185.0,7,202,216.35600677012752,14.356006770127522
1206.0,7,1380,1275.358158914265,104.641841085735
120.0,14,190,191.59811460388596,1.5981146038859606
328.0,5,330,352.4895579553813,22.489557955381315
105.0,17,170,194.32328180519767,24.323281805197666
214.0,18,325,313.4748102889829,11.525189711017106
107.0,15,170,184.20873950139818,14.208739501398185
56.0,16,100,137.40498459334995,37.40498459334995
522.0,8,590,571.9938140872755,18.006185912724504
1891.0,23,2075,2083.3660827051312,8.366082705131248
35.0,6,75,54.678436917184925,20.321563082815075
89.0,12,155,147.25529510052087,7.744704899479132
55.0,25,122,191.21818913003915,69.21818913003915
104.0,25,150,242.04199466878816,92.04199466878816
20.0,4,75,26.931145753003165,48.068854246996835
8.0,2,20,2.295516152418273,17.704483847581727
26.0,4,34,33.154468880196916,0.8455311198030842
19.0,3,45,19.799433558705516,25.200566441294484
59.0,9,105,97.85520444525602,7.144795554743979
47.0,10,90,91.50304986396719,1.5030498639671919
290.0,48,645,575.1383200930644,69.86167990693559
22.0,8,37,53.38355348779584,16.383553487795837
102.0,11,160,154.64467020300864,5.355329796991356
374.0,32,515,564.7529771041981,49.75297710419807
553.0,46,970,835.7383338221935,134.26166617780655
46.0,6,58,66.08786265037348,8.08786265037348
581.0,4,660,608.8118581456193,51.18814185438066
987.0,3,850,1023.8288980792983,173.82889807929826
49.0,0,77,32.63257417537823,44.36742582462177
1793.0,16,1940,1939.0570299159422,0.9429700840578334
159.0,22,275,280.8056483154349,5.805648315434894
53.0,22,89,170.86027306834518,81.86027306834518
54.0,2,75,50.007660127570404,24.992339872429596
687.0,29,1145,871.1195252201761,273.8804747798239
105.0,19,145,206.512265151395,61.51226515139501
76.0,22,110,194.71634505592127,84.71634505592127
161.0,10,230,209.74618928064857,20.253810719351435
37.0,20,81,142.07576138296446,61.07576138296446
47.0,14,100,115.88101655636194,15.881016556361942
30.0,9,55,67.7758093304862,12.775809330486197
108.0,19,165,209.6239267149919,44.62392671499191
67.0,16,80,148.8144103265385,68.8144103265385
39.0,0,59,22.260368963388636,36.739631036611364
129.0,10,285,176.55513260228184,108.44486739771816
622.0,2,525,639.1489161685793,114.14891616857926
15.0,8,28,46.12300983940311,18.12300983940311
82.0,12,140,139.99475145212813,0.005248547871872233
1510.0,19,1640,1663.807097435933,23.807097435932974
471.0,10,705,531.284550852326,173.715449147674
470.0,61,780,841.0664056591601,61.06640565916007
1874.0,31,2210,2114.4892672295387,95.51073277046135
119.0,10,165,166.18292739029226,1.1829273902922637
390.0,12,405,459.45867198140763,54.45867198140763
983.0,50,1350,1306.1211246301405,43.87887536985954
55.0,7,120,81.5173390142628,38.4826609857372
302.0,14,405,380.37224946209653,24.627750537903466
108.0,6,155,130.39553496470896,24.604465035291042
49.0,0,77,32.63257417537823,44.36742582462177
34.0,0,53,17.074266357393846,35.925733642606154
45.0,8,70,77.2396254753719,7.239625475371895
316.0,39,505,547.2556285863492,42.25562858634919
45.0,15,77,119.90106718706272,42.90106718706272
780.0,16,835,888.3526419413965,53.35264194139654
708.0,10,700,777.1058143764793,77.10581437647932
59.0,0,86,43.004779387367826,42.995220612632174
6.0,2,12,0.22107511002035807,11.778924889979642
499.0,21,630,627.3661338499825,2.633866150017525
147.0,19,190,250.0755270417513,60.075527041751286
117.0,16,210,200.67543638648647,9.324563613513533
14.0,0,30,-3.670144066585344,33.670144066585344
110.0,14,230,181.22590939189638,48.77409060810362
760.0,13,870,849.3247564981214,20.67524350187864
1860.0,16,1925,2008.5508048362726,83.55080483627262
164.0,25,345,304.2752259407257,40.724774059274296
1916.0,11,1815,2036.1626956579212,221.16269565792118
10.0,0,21,-7.819026151381182,28.81902615138118
55.0,25,134,191.21818913003915,57.21818913003915
10.0,0,21,-7.819026151381182,28.81902615138118
22.0,6,50,41.194570141598454,8.805429858401546
572.0,24,895,721.3667069168025,173.6332930831975
9.0,0,15,-8.856246672580141,23.85624667258014
937.0,27,1050,1118.2356721737187,68.23567217371874
1219.0,34,1745,1453.3933008635158,291.60669913648417
1135.0,39,1380,1396.7392354482972,16.739235448297222
94.0,28,128,249.95326447609466,121.95326447609466
144.0,42,200,387.1371739594242,187.13717395942422
14.0,0,30,-3.670144066585344,33.670144066585344
111.0,4,165,121.31821318210848,43.68178681789152
10.0,0,20,-7.819026151381182,27.81902615138118
113.0,24,164,245.28248768648012,81.28248768648012
5.0,1,15,-6.91063708427729,21.91063708427729
672.0,19,730,794.616300671205,64.61630067120495
78.0,9,120,117.56239434803624,2.4376056519637643
2389.0,33,2425,2660.8468189932,235.84681899320003
10.0,0,20,-7.819026151381182,27.81902615138118
93.0,10,105,139.2151938391193,34.21519383911931
33.0,15,57,107.45442093267519,50.45442093267519
106.0,25,220,244.1164357111861,24.116435711186114
650.0,15,620,747.4194825124331,127.41948251243309
46.0,17,80,133.12727105445904,53.127271054459044
215.0,21,330,332.7955058294779,2.795505829477918
2407.0,30,2535,2661.2333133554853,126.23331335548528
804.0,14,875,901.0569511039743,26.056951103974257
20.0,0,32,2.553179060608411,29.44682093939159
1027.0,21,1200,1175.018569043033,24.98143095696696
2652.0,13,2655,2811.7459826065524,156.7459826065524
780.0,12,805,863.9746752490017,58.974675249001734
250.0,5,325,271.5863573018625,53.413642698137494
395.0,14,415,476.8337579335998,61.83375793359983
490.0,72,955,928.8502244872249,26.149775512775136
1895.0,24,2475,2093.6094564630257,381.3905435369743
491.0,4,420,515.462011237713,95.462011237713
415.0,10,515,473.2002016651842,41.79979833481582
111.0,17,160,200.5466049323914,40.5466049323914
22.0,3,55,22.91109512230239,32.08890487769761
80.0,13,133,144.0148020828289,11.014802082828908
33.0,15,58,107.45442093267519,49.45442093267519
334.0,28,545,498.8861895638448,46.11381043615518
30.0,9,54,67.7758093304862,13.775809330486197
29.0,16,55,109.40003052097805,54.40003052097805
132.0,21,255,246.70620256996432,8.293797430035681
94.0,27,125,243.858772802996,118.85877280299599
59.0,1,100,49.09927106046652,50.90072893953348
1709.0,16,1675,1851.9305061352297,176.93050613522973
686.0,9,710,748.1924712370035,38.192471237003474
208.0,32,375,392.57437058517075,17.574370585170755
349.0,13,450,423.027122285349,26.97287771465102
111.0,14,175,182.26312991309533,7.263129913095327
301.0,10,450,354.9570622485029,95.0429377514971
516.0,33,915,718.1327827875489,196.86721721245112
29.0,16,55,109.40003052097805,54.40003052097805
45.0,15,78,119.90106718706272,41.90106718706272
1320.0,19,1235,1466.7351984081306,231.7351984081306
223.0,33,335,414.22717007625386,79.22717007625386
143.0,8,190,178.88723655286992,11.112763447130078
282.0,15,355,365.7223307112161,10.722330711216102
25.0,11,45,74.77869007068877,29.778690070688768
40.0,15,85,114.7149645810679,29.714964581067903
585.0,63,975,972.5357489432378,2.4642510567622367
141.0,23,260,268.23017060695236,8.230170606952356
13.0,0,35,-4.707364587784303,39.707364587784305
77.0,23,136,201.84805725021891,65.84805725021891
37.0,8,105,68.94186130578022,36.05813869421978
29.0,16,55,109.40003052097805,54.40003052097805
25.0,7,40,50.40072337829402,10.400723378294018
53.0,14,72,122.10433968355568,50.10433968355568
1478.0,15,1710,1606.2380740651715,103.76192593482847
29.0,0,55,11.888163751399045,43.11183624860095
19.0,0,30,1.5159585394094535,28.484041460590547
21.0,1,60,9.68489125490606,50.31510874509394
207.0,39,380,434.19859177566263,54.198591775662635
25.0,3,45,26.022756685899267,18.977243314100733
94.0,28,125,249.95326447609466,124.95326447609466
552.0,15,560,645.7718714349351,85.77187143493506
94.0,18,200,189.00834774510778,10.991652254892216
152.0,23,280,279.6395963401409,0.3604036598591165
57.0,19,90,156.72568013384497,66.72568013384497
65.0,5,105,79.70056088005502,25.299439119944978
48.0,18,85,141.29620376995564,56.29620376995564
106.0,32,141,286.77787742287694,145.77787742287694
29.0,0,55,11.888163751399045,43.11183624860095
53.0,22,87,170.86027306834518,83.86027306834518
41.0,9,55,79.18523506367475,24.185235063674753
136.0,9,210,177.7211845775759,32.27881542242409
1492.0,29,1790,1706.0820447853384,83.91795521466156
36.0,5,65,49.6211657652852,15.378834234714802
629.0,0,465,634.2204764707747,169.22047647077466
174.0,17,365,265.89149776792584,99.10850223207416
25.0,4,45,32.117248358997955,12.882751641002045
2446.0,24,2620,2665.1179636436527,45.11796364365273
25.0,1,45,13.833773339701892,31.166226660298108
987.0,4,735,1029.9233897523968,294.9233897523968
28.0,0,48,10.850943230200087,37.14905676979991
300.0,9,390,347.8253500542052,42.17464994579478
1548.0,25,1550,1739.7884272800857,189.78842728008567
1515.0,32,1960,1748.2215917922108,211.7784082077892
154.0,18,515,251.24157901704535,263.75842098295465
33.0,11,58,83.07645424028044,25.07645424028044
45.0,6,78,65.05064212917452,12.94935787082548
36.0,11,55,86.18811580387732,31.188115803877324
24.0,9,48,61.55248620329243,13.552486203292432
44.0,7,86,70.10791328107425,15.892086718925754
53.0,10,165,97.72637299116094,67.27362700883906
10.0,0,22,-7.819026151381182,29.81902615138118
6.0,2,14,0.22107511002035807,13.778924889979642
10.0,0,21,-7.819026151381182,28.81902615138118
231.0,15,330,312.82408413006914,17.17591586993086
68.0,12,95,125.4736641553427,30.473664155342703
14.0,1,45,2.4243476065133436,42.575652393486656
105.0,14,240,176.0398067859016,63.96019321409841
28.0,0,47,10.850943230200087,36.14905676979991
76.0,9,135,115.48795330563831,19.512046694361686
28.0,0,49,10.850943230200087,38.14905676979991
14.0,3,20,14.613330952710719,5.386669047289281
68.0,10,85,113.28468080914536,28.284680809145357
184.0,23,260,312.8306530185076,52.830653018507576
41.0,5,70,54.80726837128,15.192731628719997
1638.0,56,2235,2022.0675160540513,212.93248394594866
22.0,8,50,53.38355348779584,3.3835534877958366
38.0,0,64,21.223148442189682,42.77685155781032
1221.0,27,1590,1412.8063001942232,177.19369980577676
1910.0,25,2180,2115.2622559541087,64.7377440458913
18.0,2,35,12.667721364407868,22.332278635592132
32.0,3,37,33.28330033429199,3.7166996657080134
61.0,21,102,173.0635455648382,71.0635455648382
283.0,44,715,543.499809752277,171.50019024772303
454.0,9,675,507.557310318845,167.442689681155
34.0,12,75,90.20816643457809,15.20816643457809
569.0,12,720,645.1211452760214,74.87885472397863
632.0,12,680,710.4660381115558,30.466038111555804
2222.0,34,2610,2493.725483626072,116.27451637392778
57.0,8,135,89.68627172975941,45.31372827024059
15.0,8,29,46.12300983940311,17.12300983940311
25.0,9,45,62.58970672449139,17.589706724491393
29.0,16,55,109.40003052097805,54.40003052097805
54.0,4,120,62.19664347376778,57.80335652623222
59.0,9,106,97.85520444525602,8.144795554743979
574.0,28,765,747.8191146515952,17.180885348404786
8.0,2,22,2.295516152418273,19.704483847581727
111.0,10,155,157.88516322070058,2.8851632207005764
52.0,6,70,72.31118577756723,2.311185777567232
102.0,27,137,252.15653697258767,115.15653697258767
620.0,17,635,728.4918502226617,93.4918502226617
6.0,1,20,-5.873416563078331,25.87341656307833
39.0,0,59,22.260368963388636,36.739631036611364
941.0,10,1095,1018.778195815837,76.22180418416303
38.0,3,60,39.506623461485745,20.493376538514255
57.0,19,90,156.72568013384497,66.72568013384497
13.0,2,18,7.48161875841307,10.51838124158693
30.0,9,52,67.7758093304862,15.775809330486197
36.0,8,110,67.90464078458126,42.09535921541874
299.0,36,425,511.33940470667085,86.33940470667085
28.0,0,49,10.850943230200087,38.14905676979991
14.0,1,21,2.4243476065133436,18.575652393486656
43.0,11,50,93.44865945227005,43.44865945227005
139.0,18,220,235.68327119906095,15.683271199060954
377.0,35,550,586.148113687091,36.14811368709104
490.0,12,510,563.1807241013036,53.180724101303554
203.0,28,415,363.0103012867812,51.989698713218786
20.0,0,32,2.553179060608411,29.44682093939159
14.0,1,45,2.4243476065133436,42.575652393486656
79.0,21,120,191.73351494641946,71.73351494641946
10.0,2,15,4.369957194816195,10.630042805183805
39.0,15,63,113.67774405986896,50.67774405986896
1561.0,32,1970,1795.9337357673626,174.06626423263742
33.0,11,57,83.07645424028044,26.07645424028044
54.0,8,70,86.57461016616253,16.57461016616253
18.0,0,28,0.47873801821049256,27.521261981789507
58.0,10,80,102.91247559715575,22.912475597155748
48.0,20,82,153.48518711615304,71.48518711615304
1612.0,16,1590,1751.3201155789307,161.32011557893065
46.0,5,50,59.99337097727479,9.993370977274793
1228.0,28,1635,1426.1613355157147,208.83866448428535
48.0,8,55,80.35128703896878,25.351287038968778
1555.0,38,2305,1826.2773626787612,478.72263732123884
38.0,0,67,21.223148442189682,45.77685155781032
106.0,32,143,286.77787742287694,143.77787742287694
92.0,12,260,150.36695666411774,109.63304333588226
619.0,14,890,709.1711546821667,180.82884531783327
10.0,2,20,4.369957194816195,15.630042805183805
42.0,3,65,43.65550554628158,21.34449445371842
40.0,0,67,23.297589484587597,43.7024105154124
48.0,20,81,153.48518711615304,72.48518711615304
895.0,7,910,952.7825768213887,42.782576821388716
419.0,47,740,702.8452756546316,37.154724345368436
59.0,20,94,164.89461284934157,70.89461284934157
610.0,20,880,736.4031200299681,143.59687997003186
108.0,6,200,130.39553496470896,69.60446503529104
34.0,0,54,17.074266357393846,36.925733642606154
302.0,14,434,380.37224946209653,53.62775053790347
52.0,17,84,139.3505941816528,55.35059418165281
52.0,19,85,151.53957752785018,66.53957752785018
1738.0,15,1940,1875.9154095769009,64.08459042309914
1699.0,61,2140,2115.8104262126813,24.18957378731875
29.0,7,42,54.54960546308986,12.549605463089861
102.0,8,118,136.3611951837126,18.361195183712596
53.0,7,62,79.44289797186488,17.44289797186488
63.0,15,85,138.571036568644,53.57103656864399
590.0,18,700,703.4697262597916,3.469726259791628
1089.0,19,1200,1227.137258011171,27.13725801117107
67.0,11,135,118.34195196104508,16.658048038954917
18.0,0,28,0.47873801821049256,27.521261981789507
82.0,19,135,182.65619316381895,47.656193163818955
71.0,15,125,146.86880073823565,21.86880073823565
28.0,7,68,53.5123849418909,14.4876150581091
59.0,19,95,158.8001211762429,63.8001211762429
14.0,1,45,2.4243476065133436,42.575652393486656
93.0,10,145,139.2151938391193,5.7848061608806916
1300.0,16,1415,1427.7073129648552,12.707312964855191
59.0,0,105,43.004779387367826,61.995220612632174
23.0,11,45,72.70424902829086,27.70424902829086
106.0,12,175,164.88804396090316,10.111956039096839
47.0,14,85,115.88101655636194,30.881016556361942
33.0,6,90,52.60399587478702,37.39600412521298
29.0,16,55,109.40003052097805,54.40003052097805
1050.0,9,1115,1125.7407409534248,10.740740953424847
46.0,6,59,66.08786265037348,7.087862650373481
10.0,0,25,-7.819026151381182,32.81902615138118
23.0,11,50,72.70424902829086,22.70424902829086
194.0,29,355,359.76980826908925,4.769808269089253
222.0,7,235,254.733166054489,19.733166054489004
81.0,21,125,193.80795598881735,68.80795598881735
37.0,20,77,142.07576138296446,65.07576138296446
79.0,20,110,185.63902327332076,75.63902327332076
105.0,12,110,163.85082343970421,53.850823439704214
785.0,20,1120,917.916711239786,202.08328876021403
47.0,14,85,115.88101655636194,30.881016556361942
156.0,20,305,265.50500340564065,39.49499659435935
119.0,20,205,227.12784412127914,22.12784412127914
232.0,39,450,460.12910480563664,10.129104805636644
128.0,22,175,248.65181215826715,73.65181215826715
33.0,15,59,107.45442093267519,48.45442093267519
24.0,9,47,61.55248620329243,14.552486203292432
268.0,32,470,454.80760185710835,15.192398142891648
38.0,3,60,39.506623461485745,20.493376538514255
432.0,12,465,503.02193387176396,38.02193387176396
16.0,2,40,10.59328032200995,29.40671967799005
688.0,8,510,744.1724206063028,234.1724206063028
283.0,43,665,537.4053180791783,127.5946819208217
1745.0,21,2070,1919.7429032638856,150.25709673611436
78.0,2,105,74.90095263634542,30.099047363654577
490.0,25,535,642.4091158515865,107.40911585158653
54.0,10,65,98.7635935123599,33.763593512359904
24.0,15,65,98.11943624188456,33.11943624188456
29.0,16,55,109.40003052097805,54.40003052097805
51.0,19,100,150.5023570066512,50.50235700665121
651.0,11,935,724.0787363412372,210.92126365876277
149.0,17,240,239.96098473795183,0.03901526204816719
29.0,4,60,36.2661304437938,23.7338695562062
14.0,1,45,2.4243476065133436,42.575652393486656
24.0,8,38,55.45799453019376,17.45799453019376
53.0,5,80,67.2539146256675,12.746085374332495
198.0,25,305,339.54072366149035,34.54072366149035
105.0,13,155,169.94531511280292,14.945315112802916
54.0,4,120,62.19664347376778,57.80335652623222
28.0,0,74,10.850943230200087,63.14905676979991
9.0,6,29,27.710703366011984,1.289296633988016
14.0,1,45,2.4243476065133436,42.575652393486656
100.0,11,235,152.57022916061072,82.42977083938928
14.0,9,30,51.18028099130285,21.18028099130285
18.0,0,28,0.47873801821049256,27.521261981789507
1600.0,15,1640,1732.7789776514446,92.77897765144462
11.0,0,25,-6.781805630182223,31.781805630182223
14.0,1,45,2.4243476065133436,42.575652393486656
931.0,8,1025,996.2170072576499,28.782992742350075
1860.0,30,1840,2093.8736882596545,253.8736882596545
225.0,27,380,379.73466108005965,0.26533891994034775
20.0,0,32,2.553179060608411,29.44682093939159
14.0,1,45,2.4243476065133436,42.575652393486656
428.0,42,660,681.7078019799287,21.707801979928718
67.0,8,150,100.058476941749,49.94152305825099
108.0,28,162,264.4743517728801,102.47435177288008
106.0,27,135,256.30541905738346,121.30541905738346
34.0,10,48,78.01918308838071,30.019183088380714
1517.0,23,1400,1695.4456077767204,295.4456077767204
39.0,15,60,113.67774405986896,53.67774405986896
20.0,0,32,2.553179060608411,29.44682093939159
1499.0,16,1650,1634.1141966834484,15.885803316551574
44.0,9,85,82.29689662727162,2.7031033727283784
23.0,11,50,72.70424902829086,22.70424902829086
255.0,33,510,447.41822675462055,62.58177324537945
39.0,8,70,71.01630234817813,1.0163023481781295
1168.0,28,1490,1363.928104243777,126.07189575622306
77.0,11,165,128.71415717303466,36.285842826965336
13.0,9,45,50.14306047010389,5.14306047010389
558.0,12,555,633.7117195428328,78.71171954283284
213.0,14,255,288.0596230753892,33.0596230753892
47.0,14,95,115.88101655636194,20.881016556361942
59.0,22,98,177.08359619553895,79.08359619553895
956.0,43,1400,1235.454728846078,164.54527115392193
15.0,8,28,46.12300983940311,18.12300983940311
143.0,19,225,245.9266449569555,20.9266449569555
17.0,0,33,-0.5584825029884648,33.55848250298847
3930.0,54,4485,4387.1879672958685,97.81203270413152
2348.0,41,2935,2667.076711008832,267.9232889911682
93.0,8,115,127.02621049292196,12.026210492921962
38.0,0,63,21.223148442189682,41.77685155781032
59.0,9,115,97.85520444525602,17.14479555474398
304.0,5,345,327.5962654466063,17.40373455339369
18.0,0,28,0.47873801821049256,27.521261981789507
495.0,43,960,757.2960685733577,202.70393142664227
29.0,16,55,109.40003052097805,54.40003052097805
104.0,12,110,162.81360291850524,52.81360291850524
49.0,0,77,32.63257417537823,44.36742582462177
718.0,8,780,775.2890362422715,4.71096375772845
2845.0,16,3055,3030.2130182172473,24.78698178275272
1860.0,29,1855,2087.779196586556,232.77919658655583
2478.0,16,2810,2649.553086937229,160.44691306277082
79.0,22,117,197.82800661951813,80.82800661951813
6.0,0,13,-11.967908236177019,24.967908236177017
60.0,11,105,111.08140831265234,6.081408312652343
209.0,27,335,363.13913274087633,28.139132740876335
24.0,1,50,12.796552818502938,37.20344718149706
1352.0,60,1725,1749.8004136835434,24.80041368354341
76.0,6,135,97.20447828634227,37.795521713657735
22.0,1,30,10.722111776105017,19.277888223894983
8.0,2,20,2.295516152418273,17.704483847581727
65.0,9,100,104.07852757244977,4.078527572449772
11.0,1,25,-0.6873139570835356,25.687313957083536
291.0,9,355,338.4903653634146,16.509634636585417
10.0,0,15,-7.819026151381182,22.81902615138118
9.0,0,15,-8.856246672580141,23.85624667258014
234.0,12,245,297.65227067436996,52.65227067436996
95.0,9,135,135.19514320841856,0.19514320841855692
49.0,7,85,75.29401588706904,9.705984112930963
25.0,11,55,74.77869007068877,19.778690070688768
41.0,5,65,54.80726837128,10.192731628719997
46.0,7,51,72.18235432347217,21.18235432347217
40.0,4,55,47.675556176982354,7.324443823017646
33.0,15,55,107.45442093267519,52.45442093267519
10.0,0,21,-7.819026151381182,28.81902615138118
172.0,25,395,312.5729901103174,82.42700988968261
10.0,0,20,-7.819026151381182,27.81902615138118
53.0,22,86,170.86027306834518,84.86027306834518
10.0,0,20,-7.819026151381182,27.81902615138118
94.0,27,140,243.858772802996,103.85877280299599
14.0,1,45,2.4243476065133436,42.575652393486656
15.0,8,31,46.12300983940311,15.12300983940311
113.0,12,145,172.14858760929587,27.148587609295873
63.0,15,85,138.571036568644,53.57103656864399
1021.0,41,1485,1290.685079377813,194.31492062218695
29.0,0,55,11.888163751399045,43.11183624860095
380.0,8,745,424.7085000770233,320.2914999229767
266.0,30,460,440.544177468513,19.455822531487
146.0,9,210,188.0933897895655,21.906610210434508
28.0,7,40,53.5123849418909,13.5123849418909
10.0,0,20,-7.819026151381182,27.81902615138118
62.0,8,115,94.8723743357542,20.127625664245798
442.0,43,615,702.3233809498128,87.32338094981276
329.0,14,485,408.37720353446844,76.62279646553156
28.0,0,48,10.850943230200087,37.14905676979991
58.0,8,110,90.72349225095837,19.276507749041627
1589.0,18,1645,1739.653026937552,94.65302693755211
18.0,4,75,24.856704710605243,50.14329528939476
45.0,15,75,119.90106718706272,44.90106718706272
28.0,7,45,53.5123849418909,8.5123849418909
1901.0,23,2165,2093.738287917121,71.26171208287906
529.0,21,565,658.4827494859512,93.48274948595122
6.0,1,20,-5.873416563078331,25.87341656307833
63.0,4,75,71.53162816455841,3.4683718354415873
22.0,8,42,53.38355348779584,11.383553487795837
8.0,2,20,2.295516152418273,17.704483847581727
155.0,23,240,282.7512579037377,42.751257903737724
114.0,12,185,173.18580813049485,11.814191869505152
24.0,1,34,12.796552818502938,21.20344718149706
893.0,22,970,1042.1255108754708,72.12551087547081
76.0,14,107,145.96041167113177,38.960411671131766
53.0,11,76,103.82086466425963,27.82086466425963
686.0,22,920,827.4208629872865,92.57913701271355
40.0,1,70,29.392081157686285,40.607918842313715
40.0,4,55,47.675556176982354,7.324443823017646
1086.0,20,1235,1230.1200881206728,4.87991187932721
47.0,15,78,121.97550822946062,43.975508229460615
20.0,0,32,2.553179060608411,29.44682093939159
417.0,10,440,475.2746427075822,35.27464270758219
46.0,17,85,133.12727105445904,48.127271054459044
170.0,19,315,273.9315990293274,41.0684009706726
14.0,1,20,2.4243476065133436,17.575652393486656
59.0,1,103,49.09927106046652,53.90072893953348
81.0,8,135,114.57956423853443,20.42043576146557
62.0,4,85,70.49440764335945,14.505592356640548
21.0,4,55,27.968366274202126,27.031633725797874
41.0,7,85,66.99625171747738,18.003748282522622
98.0,14,178,168.77926313750885,9.220736862491151
1411.0,9,1405,1500.177349106249,95.17734910624904
2089.0,22,2150,2282.6412542294265,132.64125422942652
104.0,9,175,144.5301278992092,30.46987210079081
181.0,18,300,279.24653308941726,20.753466910582745
33.0,15,58,107.45442093267519,49.45442093267519
15.0,8,30,46.12300983940311,16.12300983940311
279.0,32,485,466.2170275902969,18.78297240970312
34.0,4,90,41.452233049788596,48.547766950211404
33.0,5,45,46.509504201688316,1.5095042016883156
32.0,6,45,51.56677535358804,6.566775353588042
490.0,7,400,532.7082657358101,132.70826573581007
339.0,24,485,479.6943254774449,5.30567452255508
150.0,14,370,222.71473023985476,147.28526976014524
6.0,0,12,-11.967908236177019,23.967908236177017
96.0,10,155,142.3268554027162,12.673144597283795
81.0,17,200,169.4299892964226,30.570010703577395
55.0,19,90,154.65123909144705,64.65123909144705
28.0,0,47,10.850943230200087,36.14905676979991
1979.0,17,1960,2138.074538532048,178.07453853204788
50.0,6,130,70.23674473516931,59.76325526483069
42.0,5,70,55.84448889247895,14.15551110752105
47.0,15,78,121.97550822946062,43.975508229460615
3939.0,56,4615,4408.711935332856,206.28806466714377
28.0,7,48,53.5123849418909,5.5123849418909
780.0,11,830,857.8801835759031,27.88018357590306
172.0,3,225,178.4941733021463,46.505826697853706
77.0,27,141,226.22602394261366,85.22602394261366
77.0,9,98,116.52517382683729,18.52517382683729
24.0,9,44,61.55248620329243,17.552486203292432
68.0,10,120,113.28468080914536,6.715319190854643
284.0,29,565,453.1196551769956,111.8803448230044
80.0,11,115,131.82581873663153,16.825818736631533
807.0,31,945,1007.7749711102487,62.77497111024866
1517.0,64,2140,1945.3197663737665,194.68023362623353
104.0,9,145,144.5301278992092,0.4698721007908091
304.0,8,370,345.8797404659024,24.120259534097613
105.0,12,155,163.85082343970421,8.850823439704214
29.0,0,55,11.888163751399045,43.11183624860095
39.0,15,60,113.67774405986896,53.67774405986896
1301.0,4,1260,1355.61063340887,95.61063340886994
52.0,9,115,90.59466079686331,24.40533920313669
49.0,0,77,32.63257417537823,44.36742582462177
430.0,27,645,592.3648679258464,52.6351320741536
39.0,6,85,58.827319001980754,26.172680998019246
33.0,15,58,107.45442093267519,49.45442093267519
63.0,15,80,138.571036568644,58.57103656864399
1484.0,20,1615,1642.9338555578588,27.933855557858806
356.0,38,580,582.6499577612088,2.6499577612088387
22.0,10,55,65.57253683399321,10.572536833993212
2033.0,26,2470,2248.9348717346797,221.06512826532025
404.0,24,630,547.1136593553773,82.88634064462269
189.0,15,355,269.26082223971287,85.73917776028713
68.0,12,110,125.4736641553427,15.473664155342703
47.0,0,75,30.558133132980316,44.441866867019684
156.0,27,235,308.1664451173315,73.16644511733148
143.0,42,192,386.09995343822527,194.09995343822527
1461.0,27,1550,1661.7392252819736,111.73922528197363
71.0,14,175,140.77430906513695,34.22569093486305
43.0,11,50,93.44865945227005,43.44865945227005
146.0,2,150,145.43194807787467,4.568051922125335
86.0,26,140,229.46651696030563,89.46651696030563
180.0,22,275,302.58727926061306,27.58727926061306
25.0,7,40,50.40072337829402,10.400723378294018
24.0,9,47,61.55248620329243,14.552486203292432
49.0,0,77,32.63257417537823,44.36742582462177
99.0,18,180,194.19445035110257,14.194450351102574
2363.0,13,2530,2511.9892519800533,18.010748019946732
29.0,0,55,11.888163751399045,43.11183624860095
1699.0,37,1970,1969.5426260583126,0.457373941687365
81.0,8,145,114.57956423853443,30.42043576146557
94.0,24,185,225.5752977836999,40.57529778369991
150.0,19,290,253.18718860534818,36.81281139465182
167.0,20,335,276.9144291388292,58.08557086117082
20.0,0,32,2.553179060608411,29.44682093939159
19.0,7,36,44.177400251100266,8.177400251100266
10.0,0,15,-7.819026151381182,22.81902615138118
404.0,52,720,717.7594262021406,2.2405737978593834
28.0,6,105,47.41789326879221,57.58210673120779
39.0,15,65,113.67774405986896,48.67774405986896
97.0,16,195,179.93102596250728,15.068974037492723
109.0,6,170,131.43275548590793,38.56724451409207
201.0,24,315,336.55789355198857,21.55789355198857
153.0,23,310,280.67681686133983,29.32318313866017
191.0,38,405,411.5085717633806,6.508571763380587
38.0,5,75,51.69560680768312,23.30439319231688
341.0,35,590,548.8081749239285,41.191825076071495
357.0,10,420,413.0414114356446,6.958588564355409
425.0,51,705,733.44656547422,28.44656547422005
18.0,0,28,0.47873801821049256,27.521261981789507
135.0,15,150,213.25091409496906,63.25091409496906
2740.0,52,3175,3140.70656372291,34.29343627709022
1581.0,11,2340,1688.6938210562698,651.3061789437302
43.0,11,50,93.44865945227005,43.44865945227005
197.0,19,305,301.9365531016993,3.063446898300697
28.0,0,46,10.850943230200087,35.14905676979991
218.0,21,285,335.9071673930748,50.907167393074815
2348.0,15,2340,2508.619927508266,168.61992750826585
26.0,7,35,51.43794389949298,16.43794389949298
116.0,10,180,163.07126582669537,16.928734173304633
14.0,1,45,2.4243476065133436,42.575652393486656
70.0,15,145,145.83158021703667,0.8315802170366737
173.0,12,225,234.38181888123344,9.381818881233443
32.0,3,37,33.28330033429199,3.7166996657080134
148.0,6,215,171.88435581266734,43.11564418733266
28.0,0,48,10.850943230200087,37.14905676979991
39.0,15,65,113.67774405986896,48.67774405986896
54.0,4,120,62.19664347376778,57.80335652623222
58.0,18,92,151.66840898194525,59.66840898194525
86.0,27,135,235.5610086334043,100.5610086334043
28.0,16,75,108.36280999977909,33.36280999977909
71.0,6,230,92.01837568034746,137.98162431965255
93.0,22,220,212.34909391630356,7.650906083696441
29.0,0,55,11.888163751399045,43.11183624860095
18.0,0,28,0.47873801821049256,27.521261981789507
22.0,8,44,53.38355348779584,9.383553487795837
168.0,20,295,277.9516496600281,17.048350339971876
37.0,20,80,142.07576138296446,62.07576138296446
59.0,7,120,85.66622109905865,34.333778900941354
24.0,9,45,61.55248620329243,16.552486203292432
59.0,1,120,49.09927106046652,70.90072893953348
49.0,8,58,81.38850756016774,23.38850756016774
94.0,7,165,121.96893934102224,43.031060658977765
99.0,28,141,255.13936708208945,114.13936708208945
59.0,22,99,177.08359619553895,78.08359619553895
94.0,25,125,231.66978945679858,106.66978945679858
884.0,20,965,1020.6015428384829,55.60154283848294
972.0,18,1065,1099.687965357794,34.68796535779393
95.0,9,160,135.19514320841856,24.804856791581443
22.0,8,38,53.38355348779584,15.383553487795837
87.0,7,150,114.7083956926295,35.291604307370505
57.0,19,95,156.72568013384497,61.725680133844975
2.0,0,7,-16.116790320972857,23.116790320972857
15.0,8,28,46.12300983940311,18.12300983940311
226.0,34,380,423.4333233129494,43.433323312949426
63.0,6,150,83.72061151075579,66.27938848924421
733.0,16,740,839.6032774450455,99.60327744504548
52.0,17,85,139.3505941816528,54.35059418165281
44.0,15,68,118.86384666586375,50.86384666586375
51.0,11,90,101.74642362186171,11.746423621861709
122.0,17,200,211.95603066557996,11.95603066557996
976.0,21,1040,1122.1203224618862,82.12032246188619
116.0,11,315,169.16575749979407,145.83424250020593
879.0,29,950,1070.2658652903765,120.2658652903765
1833.0,29,1955,2059.7742425141837,104.7742425141837
1365.0,13,1430,1476.8431718234915,46.8431718234915
794.0,28,1000,976.0076293153662,23.992370684633784
2066.0,29,2150,2301.4466239535413,151.44662395354135
2433.0,41,2640,2755.2404553107435,115.24045531074353
81.0,21,128,193.80795598881735,65.80795598881735
16.0,6,33,34.971247014404696,1.971247014404696
39.0,0,60,22.260368963388636,37.739631036611364
261.0,33,455,453.6415498818143,1.358450118185715
44.0,15,69,118.86384666586375,49.86384666586375
1.0,0,110,-17.154010842171814,127.15401084217181
63.0,15,80,138.571036568644,58.57103656864399
25.0,6,50,44.30623170519533,5.69376829480467
102.0,27,144,252.15653697258767,108.15653697258767
87.0,10,225,132.99187071192557,92.00812928807443
27.0,4,90,34.19168940139588,55.80831059860412
79.0,22,120,197.82800661951813,77.82800661951813
1352.0,16,1420,1481.6427800672013,61.64278006720133
34.0,0,53,17.074266357393846,35.925733642606154
314.0,6,355,344.0629623316946,10.93703766830538
108.0,15,170,185.24596002259716,15.24596002259716
4.0,2,30,-1.8533659323775638,31.853365932377564
124.0,20,193,232.31394672727393,39.31394672727393
243.0,2,205,246.0423386341737,41.04233863417369
29.0,4,55,36.2661304437938,18.7338695562062
279.0,31,445,460.1225359171982,15.122535917198206
108.0,12,160,166.96248500330108,6.962485003301083
59.0,1,100,49.09927106046652,50.90072893953348
1871.0,16,1925,2019.9602305694611,94.96023056946115
6.0,2,14,0.22107511002035807,13.778924889979642
17.0,4,35,23.819484189406282,11.180515810593718
1023.0,11,1000,1109.92477022725,109.92477022725006
29.0,16,55,109.40003052097805,54.40003052097805
46.0,7,51,72.18235432347217,21.18235432347217
629.0,29,850,810.9607349906365,39.039265009363476
82.0,18,135,176.56170149072028,41.56170149072028
46.0,17,80,133.12727105445904,53.127271054459044
76.0,22,107,194.71634505592127,87.71634505592127
10.0,0,21,-7.819026151381182,28.81902615138118
106.0,32,152,286.77787742287694,134.77787742287694
63.0,15,81,138.571036568644,57.57103656864399
83.0,10,100,128.84298862712973,28.842988627129728
57.0,19,90,156.72568013384497,66.72568013384497
10.0,0,20,-7.819026151381182,27.81902615138118
6.0,2,13,0.22107511002035807,12.778924889979642
